filename,subset,source_model,stall_score
8MVo7fje_oE_125_130.mp4,real,MSVD,0.6452937367553567
WTf5EgVY5uU_124_128.mp4,real,MSVD,0.38671415116552865
6gQu8PWhFoQ_30_35.mp4,real,MSVD,0.42946491641158463
9Q0JfdP36kI_56_64.mp4,real,MSVD,0.2604044031080763
aeA-HN7BMdo_16_33.mp4,real,MSVD,0.27787261596421003
CcvJs77L-e8_15_22.mp4,real,MSVD,0.43452731339769246
bQJQGoJF7_k_120_126.mp4,real,MSVD,0.34964386625853544
R24RktgUi-s_5_15.mp4,real,MSVD,0.21949317165057688
m1NR0uNNs5Y_104_110.mp4,real,MSVD,0.38852425241346833
4yYapi-5QYQ_33_57.mp4,real,MSVD,0.5002354603249353
Je3V7U5Ctj4_760_765.mp4,real,MSVD,0.2989610313162232
s-QQWRdF-5Y_19_28.mp4,real,MSVD,0.04650341417471156
v5CeGLEnVFE_0_8.mp4,real,MSVD,0.154138215210737
8MVo7fje_oE_139_144.mp4,real,MSVD,0.7203614315987756
Qtu-PXuvCx4_12_17.mp4,real,MSVD,0.6619819872851425
gGDtPJzh_0s_30_45.mp4,real,MSVD,0.14763362373440075
zYcY4mjLpxU_104_118.mp4,real,MSVD,0.09437544148810925
Wnz3IevSNg0_1_8.mp4,real,MSVD,0.0279756298563692
tmAX2PnRCY0_284_292.mp4,real,MSVD,0.28325877089710383
JhCvLmf9yr0_46_50.mp4,real,MSVD,0.25007358135154223
6sYmDT5et00_301_339.mp4,real,MSVD,0.4059777489992936
9wxB1UQi0MM_18_38.mp4,real,MSVD,0.08011537555921827
QzcTlEpAigQ_0_14.mp4,real,MSVD,0.06116081940193077
MF88IYF2MHY_25_59.mp4,real,MSVD,0.4617082646574052
f-24IxG9ijw_25_40.mp4,real,MSVD,0.2571668236402166
qeKX-N1nKiM_52_59.mp4,real,MSVD,0.33049799858723805
wkgGxsuNVSg_34_41.mp4,real,MSVD,0.35934188839180603
a1i6T160REQ_5_18.mp4,real,MSVD,0.045223098657876146
AGRFy5hDQiY_31_38.mp4,real,MSVD,0.602940310807629
itxzpFW1z7E_22_36.mp4,real,MSVD,0.016629385448551918
3n_Kqak2JdA_48_71.mp4,real,MSVD,0.3284524370143631
hW8TKz2Aea4_40_50.mp4,real,MSVD,0.10229279491405699
3I9tSDU-OSk_17_22.mp4,real,MSVD,0.9341299740993643
7d1d2WlEnKs_0_12.mp4,real,MSVD,0.014613256416293855
lB1UPJ4leqs_1_6.mp4,real,MSVD,0.33102778431834234
8MVo7fje_oE_153_158.mp4,real,MSVD,0.6370673416529316
e40bBP0_AbE_64_67.mp4,real,MSVD,0.5600276665881799
Vg1jyL3cr60_163_186.mp4,real,MSVD,0.37146809512597123
eiyuac7hA4A_4_47.mp4,real,MSVD,0.3573257593595479
pGsU4FekJQM_10_18.mp4,real,MSVD,0.027210383800329644
E2r6nnkwl0c_6_18.mp4,real,MSVD,0.1593330586296209
W8l_ezoU8Lc_156_162.mp4,real,MSVD,0.24227395808806215
L6dEUQ6WiHY_136_142.mp4,real,MSVD,0.10841476336237343
0IDJG0q9j_k_1_24.mp4,real,MSVD,0.4673887449964681
bQJQGoJF7_k_109_115.mp4,real,MSVD,0.36393336472804333
nLvX-erABqY_67_72.mp4,real,MSVD,0.04488462444078173
6t0BpjwYKco_118_127.mp4,real,MSVD,0.45312867906757714
oRBgVOiZVsc_16_22.mp4,real,MSVD,0.5318754414881093
LEz0puaKNTk_38_48.mp4,real,MSVD,0.6977719566753002
p3J3TAdKAYQ_0_10.mp4,real,MSVD,0.022560042382858487
ZbzDGXEwtGc_6_15.mp4,real,MSVD,0.009079938780315516
3eqFFRSXwGE_84_96.mp4,real,MSVD,0.4857987991523428
zH4v_DClIoc_3_28.mp4,real,MSVD,0.7877619496114905
z_qf7tOnHVg_81_89.mp4,real,MSVD,0.07633329408994585
kSzS_lFtJDk_55_70.mp4,real,MSVD,0.0274752766658818
bSIjZ75a50s_286_304.mp4,real,MSVD,0.089754532611255
2YhDTpzxd3c_22_27.mp4,real,MSVD,0.11508123381210267
SzEbtbNSg04_214_224.mp4,real,MSVD,0.09778961619967036
jxdubZzQrio_33_46.mp4,real,MSVD,0.49599717447610076
HZqscSWtHmo_24_34.mp4,real,MSVD,0.03317047327525312
-vg3vR86fu0_1_6.mp4,real,MSVD,0.43626383329408996
MwOEK-KXSPc_1_10.mp4,real,MSVD,0.09031375088297622
J8cP93yG1Ao_14_24.mp4,real,MSVD,0.16376265599246526
cCmnN96zIeQ_14_24.mp4,real,MSVD,0.7925594537320462
wON-YuA1GjA_3_63.mp4,real,MSVD,0.7126501059571462
V6Fxclwdfxc_56_66.mp4,real,MSVD,0.1318577819637391
kuNQpRTc-hA_126_135.mp4,real,MSVD,0.6091358606074877
lo4KcsBN--A_0_10.mp4,real,MSVD,0.031095479161761246
UXs3eq68ZjE_382_387.mp4,real,MSVD,0.1901930774664469
BVy9SQI5R68_0_7.mp4,real,MSVD,0.09171179656227926
lm0z7eLsbbw_9_23.mp4,real,MSVD,0.01289145279020485
MTkGPfMRXtc_5_21.mp4,real,MSVD,0.4960854720979515
uy0HNWto0UY_18_25.mp4,real,MSVD,0.21050153049211207
HM-ZDoRWiH4_0_5.mp4,real,MSVD,0.22489404285377912
UbmZAe5u5FI_44_55.mp4,real,MSVD,0.4037555921827172
tn-Hoz4KbkE_89_93.mp4,real,MSVD,0.015834706851895457
RZL9irxnhZ0_34_40.mp4,real,MSVD,0.15740522721921357
FAD8CbQuvco_35_45.mp4,real,MSVD,0.3266276194961149
zhLcONtNkew_16_21.mp4,real,MSVD,0.042765481516364494
_pj2Nutu5v8_1_8.mp4,real,MSVD,0.1728425947727808
nq4hG6qgyPs_184_195.mp4,real,MSVD,0.22764598540145983
uqVCk2oDpSE_194_200.mp4,real,MSVD,0.745805862962091
3zrVqwV29V8_69_76.mp4,real,MSVD,0.5585266070167177
PCXHuseKwDc_68_76.mp4,real,MSVD,0.8196668236402167
Qp-k0H93iJE_35_39.mp4,real,MSVD,0.3528372969154697
0hyZ__3YhZc_302_307.mp4,real,MSVD,0.16207028490699316
88p7U5CnoYU_1_10.mp4,real,MSVD,0.013568401224393688
fHfpMUDrQCs_17_31.mp4,real,MSVD,0.32737814928184605
D1tTBncIsm8_198_205.mp4,real,MSVD,0.017836119613845066
DIToA1dDwGQ_32_42.mp4,real,MSVD,0.3271574052272192
UgUFP5baQ9Y_0_10.mp4,real,MSVD,0.2098687308688486
1qxMJLkHDLw_0_9.mp4,real,MSVD,0.1400694607958559
IAvBB2lv8iw_142_148.mp4,real,MSVD,0.3643601365669885
DN7jwyL1Xgg_1_19.mp4,real,MSVD,0.04313338827407582
NaX51emUDn4_0_20.mp4,real,MSVD,0.2917353425947728
WTf5EgVY5uU_130_135.mp4,real,MSVD,0.11646456322109724
11xs9mFKObs_0_8.mp4,real,MSVD,0.006063103367082647
kWLNZzuo3do_222_227.mp4,real,MSVD,0.576112550035319
X56XkGFe7OY_47_61.mp4,real,MSVD,0.02489992936190252
gHyXstpe_N8_95_100.mp4,real,MSVD,0.008859194725688722
dfOuTx66bJU_34_39.mp4,real,MSVD,0.458941605839416
kWLNZzuo3do_228_232.mp4,real,MSVD,0.27807864374852836
q7pOFn8s4zc_27_36.mp4,real,MSVD,0.17147398163409466
s6QwbmWbSmw_18_24.mp4,real,MSVD,0.024796915469743348
dQmaVQZz7EE_1_18.mp4,real,MSVD,0.6007770190722863
yREFkmrrYiw_51_57.mp4,real,MSVD,0.7678066870732281
E4k0Aylzdyo_97_104.mp4,real,MSVD,0.28767365198963973
mFCf8lLXrUc_36_57.mp4,real,MSVD,0.23488639039321874
j2Dhf-xFUxU_20_29.mp4,real,MSVD,0.43259948198728515
6Lzq1HN33lE_5_15.mp4,real,MSVD,0.23204615022368733
b4FM9OLBGyM_37_49.mp4,real,MSVD,0.5658553096303273
32_A0-er4Ws_16_20.mp4,real,MSVD,0.06355957146220861
bDoCQEwghZU_201_211.mp4,real,MSVD,0.22874970567459382
xxHx6s_DbUo_41_44.mp4,real,MSVD,0.5555833529550271
ifS2nXfCyYo_4_34.mp4,real,MSVD,0.018983988697904405
6owu8Mow0_g_302_307.mp4,real,MSVD,0.2575935954791618
qeKX-N1nKiM_106_115.mp4,real,MSVD,0.3266570520367318
q-JHcsqJXWY_0_8.mp4,real,MSVD,0.007166823640216624
WTf5EgVY5uU_66_75.mp4,real,MSVD,0.32867318106898985
Je3V7U5Ctj4_956_961.mp4,real,MSVD,0.24942606545797033
8VUbN3hkdBo_36_50.mp4,real,MSVD,0.4408553096303273
0RWJEOScToE_414_421.mp4,real,MSVD,0.12419060513303508
kWLNZzuo3do_147_153.mp4,real,MSVD,0.32219802213327053
4ge5_V-xhP0_138_142.mp4,real,MSVD,0.2623469507887921
AdcgmBtE99c_108_114.mp4,real,MSVD,0.22826406875441488
73vUksucPz8_12_20.mp4,real,MSVD,0.27357546503414176
e-j59PqJjSM_163_173.mp4,real,MSVD,0.6451318577819637
VxM96IYzw0Q_2_15.mp4,real,MSVD,0.10734047562985638
G_hxdUG6QXE_23_28.mp4,real,MSVD,0.7234076995526253
e3XkmpNcSt4_8_19.mp4,real,MSVD,0.020691076053684955
bqMmyY1ImkI_0_14.mp4,real,MSVD,0.1350512126206734
J_evFB7RIKA_104_120.mp4,real,MSVD,0.11360960678125737
d_BWuttLRFM_42_52.mp4,real,MSVD,0.16232046150223686
zSPBC8EO6dY_64_73.mp4,real,MSVD,0.05053567223922769
lfGlDg47How_110_115.mp4,real,MSVD,0.3003443607252178
Cxxx6wJ1jNo_0_10.mp4,real,MSVD,0.013995173063338827
jMO3jGQeqyk_3_6.mp4,real,MSVD,0.3942194490228396
m4D72WXFd8s_557_564.mp4,real,MSVD,0.07203614315987757
XNV7hKVu-Xg_40_47.mp4,real,MSVD,0.13664056981398634
PeUHy0A1GF0_74_77.mp4,real,MSVD,0.14941429244172358
ao-9B8IV9_E_77_81.mp4,real,MSVD,0.2314280668707323
WTf5EgVY5uU_76_83.mp4,real,MSVD,0.23282611255003532
UXs3eq68ZjE_508_513.mp4,real,MSVD,0.015054744525547444
1hPxGmTGarM_9_19.mp4,real,MSVD,0.035657522957381685
0hyZ__3YhZc_410_417.mp4,real,MSVD,0.22095008241111372
8sARjdhSvpo_167_176.mp4,real,MSVD,0.5811896632917354
WPG-BIWOrG4_683_689.mp4,real,MSVD,0.1265452083823876
4PayIIIOeIs_230_238.mp4,real,MSVD,0.3967506475158936
PAm82v0AMFc_5_10.mp4,real,MSVD,0.13221097245114197
n_Z0-giaspE_168_193.mp4,real,MSVD,0.5444872851424535
3lBHYoI5V8s_30_45.mp4,real,MSVD,0.09587650105957146
oBt257I-pL0_0_10.mp4,real,MSVD,0.27793148104544385
wFPmKChNrhU_3_11.mp4,real,MSVD,0.22845538026842477
WTx-K045yQM_85_98.mp4,real,MSVD,0.3287909112314575
SRzoLVNgHoI_56_66.mp4,real,MSVD,0.32539145279020487
LwvyrDxM2G0_0_11.mp4,real,MSVD,0.150532728985166
EA-J-Y6QjUo_40_61.mp4,real,MSVD,0.22764598540145983
1rECrfrdNTo_200_207.mp4,real,MSVD,0.12257181539910525
CGllPWAwmUo_1_15.mp4,real,MSVD,0.42000235460324936
-pUwIypksfE_13_23.mp4,real,MSVD,0.007667176830704027
xCFCXzDUGjY_5_9.mp4,real,MSVD,0.3292323993407111
nTasT5h0LEg_12_14.mp4,real,MSVD,0.4049476100777019
c_-eFL7Sfw4_19_35.mp4,real,MSVD,0.3526901342123852
qBFSt85-xqk_15_20.mp4,real,MSVD,0.26056628208146926
0hyZ__3YhZc_485_490.mp4,real,MSVD,0.09564104073463622
xy9LLUUZ6ic_50_60.mp4,real,MSVD,0.1712679538497763
e-j59PqJjSM_405_416.mp4,real,MSVD,0.5391305627501766
9Q0JfdP36kI_167_170.mp4,real,MSVD,0.46747704261831885
QHkvBU8diwU_1_18.mp4,real,MSVD,0.5303890981869555
4z3b4mnw5y4_56_60.mp4,real,MSVD,0.416676477513539
ACK7SekJWts_140_150.mp4,real,MSVD,0.4354250058865081
LYSPQqUvNO0_43_57.mp4,real,MSVD,0.393321756534024
30PpKtVT8Z4_35_50.mp4,real,MSVD,0.5272103838003297
6t0BpjwYKco_46_53.mp4,real,MSVD,0.302169178243466
HBCJYhUjVf0_0_9.mp4,real,MSVD,0.06632623028019778
Uc63MFVwfrs_360_372.mp4,real,MSVD,0.6242494702142689
rl1rVk_xIOs_1_16.mp4,real,MSVD,0.6490758182246292
PeUHy0A1GF0_105_112.mp4,real,MSVD,0.27042618318813283
Jfu-WkuCgD0_140_150.mp4,real,MSVD,0.4542912644219449
xxHx6s_DbUo_82_86.mp4,real,MSVD,0.14383682599481987
eZLxohGP4IE_190_201.mp4,real,MSVD,0.4462414645632211
UXs3eq68ZjE_255_260.mp4,real,MSVD,0.09558217565340241
4JVpbYmqfcI_5_19.mp4,real,MSVD,0.41036319755121264
xxHx6s_DbUo_240_248.mp4,real,MSVD,0.3516599952907935
jdAbpLooDgM_10_15.mp4,real,MSVD,0.4598245820579232
J7zb8YXrmIA_93_99.mp4,real,MSVD,0.3171650576877796
QT8iCDc7NGU_18_23.mp4,real,MSVD,0.31529609135860603
ceOXCFUmxzA_100_110.mp4,real,MSVD,0.7503384742170944
CgWYN5e9K10_30_62.mp4,real,MSVD,0.1186131386861314
ogcqFaNbah4_475_487.mp4,real,MSVD,0.45246644690369675
8MVo7fje_oE_180_185.mp4,real,MSVD,0.5095802919708029
6t0BpjwYKco_80_84.mp4,real,MSVD,0.19175300211914292
Jag7oTemldY_12_25.mp4,real,MSVD,0.11316811867200377
Jj4uYHr65H8_28_35.mp4,real,MSVD,0.10542736048975748
tZmDWltBziM_70_80.mp4,real,MSVD,0.14817812573581352
K6xy6C-Hsa0_2_28.mp4,real,MSVD,0.5167176830704027
SULWQEAErKw_13_26.mp4,real,MSVD,0.04058747351071344
z0zb--BOhDY_16_22.mp4,real,MSVD,0.7008035083588415
v-9Gx0gJmfo_91_99.mp4,real,MSVD,0.15970096538733225
PmrTDZy3f2M_35_39.mp4,real,MSVD,0.33585472097951496
8NFoN0K3bPg_20_28.mp4,real,MSVD,0.21203202260419118
PeUHy0A1GF0_68_73.mp4,real,MSVD,0.4014157052036732
8e0yXMa708Y_24_33.mp4,real,MSVD,0.3464357193312927
7uF-2adCsI0_60_67.mp4,real,MSVD,0.28278785024723335
BVjvRpmHg0w_231_250.mp4,real,MSVD,0.272251000706381
PTxHJMM6hHE_0_15.mp4,real,MSVD,0.132829055804097
0lh_UWF9ZP4_215_226.mp4,real,MSVD,0.4403843889804568
5L5MoemWC6g_10_13.mp4,real,MSVD,0.11452201554038144
UbmZAe5u5FI_132_141.mp4,real,MSVD,0.2418619025194255
a8PAY4rvzRM_1_10.mp4,real,MSVD,0.010654579703319992
VF1K_6ZSOAY_60_70.mp4,real,MSVD,0.48619613845067106
-YI0cxuNcq8_262_272.mp4,real,MSVD,0.6615257829055805
ZDoy9S82ETA_5_15.mp4,real,MSVD,0.1659700965387332
qypmR4O1Gwk_0_10.mp4,real,MSVD,0.07617141511655286
sWqi41wyXcQ_68_79.mp4,real,MSVD,0.31082234518483637
r4qv_BNlQNk_93_98.mp4,real,MSVD,0.615287261596421
vulNlhUI6m0_7_27.mp4,real,MSVD,0.3724688015069461
4PcL6-mjRNk_47_55.mp4,real,MSVD,0.141599952907935
6t0BpjwYKco_105_110.mp4,real,MSVD,0.2176389215917118
Ms3QdGIzltU_10_20.mp4,real,MSVD,0.017365198963974572
7HcYJKMxpcg_20_28.mp4,real,MSVD,0.20830880621615258
jbzaMtPYtl8_48_58.mp4,real,MSVD,0.4461973157522957
R3a9r8qFlhQ_0_12.mp4,real,MSVD,0.6894131151400988
clKtfGBVI1I_15_28.mp4,real,MSVD,0.07701024252413469
nrZyPuRd5pU_85_92.mp4,real,MSVD,0.12539733929832822
ao-9B8IV9_E_87_95.mp4,real,MSVD,0.3060248410642807
d1zdJO3CqVw_1_35.mp4,real,MSVD,0.8121468095125972
0lh_UWF9ZP4_62_69.mp4,real,MSVD,0.3397839651518719
8BL9qmFRbd4_6_13.mp4,real,MSVD,0.4090828820343772
fnpp8v9NbmY_181_188.mp4,real,MSVD,0.5089769248881564
Ne87egvJnWo_0_3.mp4,real,MSVD,0.520367318106899
ruNrdmjcNTc_0_5.mp4,real,MSVD,0.06042500588650812
778mkceE0UQ_40_46.mp4,real,MSVD,0.015157758417706616
NMlKMfiHSho_1_15.mp4,real,MSVD,0.03467153284671533
pQYEZTwSVbQ_12_18.mp4,real,MSVD,0.08373557805509771
6t0BpjwYKco_230_240.mp4,real,MSVD,0.3414321874264187
kWLNZzuo3do_206_213.mp4,real,MSVD,0.41714739816340946
aDjNl5gs4nM_18_47.mp4,real,MSVD,0.0726836590534495
SJZFNwfcSOw_3_18.mp4,real,MSVD,0.4807069696256181
rnawC5C8gSI_82_90.mp4,real,MSVD,0.5649870496821285
buJ5HDCinrM_150_166.mp4,real,MSVD,0.6065457970331999
9OxQ-2gR1DU_18_38.mp4,real,MSVD,0.7471303272898516
UbmZAe5u5FI_88_98.mp4,real,MSVD,0.18373263480103602
v-9Gx0gJmfo_26_32.mp4,real,MSVD,0.11968742641864846
dJCtOz32dnw_40_60.mp4,real,MSVD,0.14554391335060043
me1D1WZ0yNM_120_124.mp4,real,MSVD,0.6823934542029668
_O9kWD8nuRU_45_49.mp4,real,MSVD,0.43246703555450905
POv7JaE3vJ8_40_50.mp4,real,MSVD,0.16380680480339063
ao-9B8IV9_E_175_187.mp4,real,MSVD,0.3742494702142689
YmXCfQm0_CA_109_120.mp4,real,MSVD,0.015363786202024958
Ixw6wmoC_xg_60_70.mp4,real,MSVD,0.5755680480339063
0lh_UWF9ZP4_199_207.mp4,real,MSVD,0.2423475394396044
hXn7D6-AAMA_0_9.mp4,real,MSVD,0.035333765010595715
2MCpA01Sn_c_75_82.mp4,real,MSVD,0.29681245585118904
btxCxlO1Euc_1_20.mp4,real,MSVD,0.059012243936896636
MrMG15y3rWU_5_13.mp4,real,MSVD,0.05917412291028962
UXs3eq68ZjE_280_285.mp4,real,MSVD,0.08684071109018131
D1tTBncIsm8_248_254.mp4,real,MSVD,0.021309159406639983
kWLNZzuo3do_17_23.mp4,real,MSVD,0.2289410171886037
Z8rTzW9Gb6Y_116_123.mp4,real,MSVD,0.45392335766423353
0lh_UWF9ZP4_138_145.mp4,real,MSVD,0.3313515422651283
uO7Eysrs8_k_80_90.mp4,real,MSVD,0.29213268189310104
6t0BpjwYKco_261_284.mp4,real,MSVD,0.076598186955498
GY5Dl00LrEI_2_13.mp4,real,MSVD,0.306848952201554
WEJfT-oB4v4_20_35.mp4,real,MSVD,0.023310572168589595
kWLNZzuo3do_262_270.mp4,real,MSVD,0.2118701436307982
dtwXtwJByYk_5_14.mp4,real,MSVD,0.1502531198493054
iLr7ZHAq1ro_7_11.mp4,real,MSVD,0.03484812809041676
QqYWLR47eLI_10_18.mp4,real,MSVD,0.03277313397692489
F2Ny7rq9RKs_139_148.mp4,real,MSVD,0.0691076053684954
EBWPZIjtnTM_1_6.mp4,real,MSVD,0.1622468801506946
tJHUH9tpqPg_113_118.mp4,real,MSVD,0.36774487873793266
IhwPQL9dFYc_24_30.mp4,real,MSVD,0.7354897574758653
c2MwqFYVE7A_40_45.mp4,real,MSVD,0.11868672003767364
IWhrWLOAin0_1_4.mp4,real,MSVD,0.4161319755121262
kWLNZzuo3do_48_53.mp4,real,MSVD,0.17419649164115847
bL_Kijz9IN4_0_15.mp4,real,MSVD,0.5973481280904167
WV9K6MbLjHA_106_116.mp4,real,MSVD,0.3153696727101483
5U3xz9Ovmhk_258_265.mp4,real,MSVD,0.07215387332234519
pzq5fPfsPZg_51_57.mp4,real,MSVD,0.9366023075111843
rw9h_574HxE_59_66.mp4,real,MSVD,0.14311572874970568
q8t7iSGAKik_57_74.mp4,real,MSVD,0.8541323287026136
6eokrw6_bjU_1_9.mp4,real,MSVD,0.59712738403579
s9TklvyLFyI_177_191.mp4,real,MSVD,0.324096421003061
L8h2DazQZJY_0_10.mp4,real,MSVD,0.18867730162467622
PHDmVhShE80_20_29.mp4,real,MSVD,0.38341770661643515
HqbVbPvlDoM_0_11.mp4,real,MSVD,0.19925829997645397
YwmUgVrUJ4I_0_15.mp4,real,MSVD,0.7071167883211679
OBLIjdMIIt8_54_61.mp4,real,MSVD,0.054097009653873325
R24RktgUi-s_24_28.mp4,real,MSVD,0.15546267953849777
ACOmKiJDkA4_47_54.mp4,real,MSVD,0.39519072286319756
WTf5EgVY5uU_218_236.mp4,real,MSVD,0.28350894749234756
2F9jX7u5nOg_83_97.mp4,real,MSVD,0.3052301624676242
8PQiaurIiDM_247_255.mp4,real,MSVD,0.5182628914527903
YXixZrSxefk_49_59.mp4,real,MSVD,0.5709324228867436
sm0OYD0NSbQ_51_59.mp4,real,MSVD,0.045355545090652226
c76tShLfQb0_74_81.mp4,real,MSVD,0.11278549564398399
_WRC7HXBJpU_395_401.mp4,real,MSVD,0.16978161054862254
BgoOihBb78w_38_40.mp4,real,MSVD,0.6444401930774665
Xp6rxW4hFFo_32_40.mp4,real,MSVD,0.41925182481751827
AysIdzGF-7M_6_14.mp4,real,MSVD,0.24356898987520603
02Z-kuB3IaM_2_13.mp4,real,MSVD,0.15518307040263715
Xh6rdpJNaf0_0_15.mp4,real,MSVD,0.02417883211678832
b71bI0rH1g8_75_90.mp4,real,MSVD,0.31509006357428776
3ytUOoa1SBE_12_23.mp4,real,MSVD,0.3254650341417471
DlOhXqKcLXk_7_14.mp4,real,MSVD,0.4006357428773252
9Q0JfdP36kI_23_28.mp4,real,MSVD,0.31251471627030847
Je3V7U5Ctj4_582_587.mp4,real,MSVD,0.08083647280433247
AJJ-iQkbRNE_97_109.mp4,real,MSVD,0.3704232399340711
oeaVXK2GAyc_4_21.mp4,real,MSVD,0.3717624205321403
dMH0bHeiRNg_3_14.mp4,real,MSVD,0.499220037673652
dJEoDaA6VXc_1_19.mp4,real,MSVD,0.24039027548858016
Els1Cclg_sk_4_15.mp4,real,MSVD,0.047739580880621614
2jkExrrm_sQ_19_25.mp4,real,MSVD,0.5305951259712738
9VG7Elw9TDA_85_91.mp4,real,MSVD,0.06054273604897575
R2DvpPTfl-E_20_25.mp4,real,MSVD,0.021662349894042855
yPNFVj-pISU_105_115.mp4,real,MSVD,0.37188015069460795
s8utHZYTNTs_35_42.mp4,real,MSVD,0.5008388274075818
g1Gldu1KS44_8_14.mp4,real,MSVD,0.006916647044972922
ZbtpcGi2DWY_56_62.mp4,real,MSVD,0.011449258299976454
kWLNZzuo3do_86_93.mp4,real,MSVD,0.6687220390864139
hFERWnoc-nU_0_12.mp4,real,MSVD,0.24789557334589124
nZSFn51l3hc_660_666.mp4,real,MSVD,0.09696550506239698
De815YpTBic_41_48.mp4,real,MSVD,0.03567223922769013
3_51FhosiVY_93_101.mp4,real,MSVD,0.12925300211914292
Uc63MFVwfrs_355_372.mp4,real,MSVD,0.41417471156110197
eyMYc-37Sk4_0_10.mp4,real,MSVD,0.12049682128561337
4yf2WP6K1gQ_28_32.mp4,real,MSVD,0.14283611961384507
h0JvF9vpqx8_213_223.mp4,real,MSVD,0.15609547916176125
05gNigkqfNU_25_34.mp4,real,MSVD,0.23943371791853071
nc8hwLaOyZU_1_19.mp4,real,MSVD,0.24512891452790203
BVilbVCo9sU_1_11.mp4,real,MSVD,0.01673239934071109
f9Won2JpOEU_60_80.mp4,real,MSVD,0.07886449258299977
pmEKZ6yVewc_0_10.mp4,real,MSVD,0.4275518012714858
xxHx6s_DbUo_32_36.mp4,real,MSVD,0.6212473510713445
aJoDt4DMkFU_118_124.mp4,real,MSVD,0.32077054391335064
04Gt01vatkk_248_265.mp4,real,MSVD,0.6892953849776313
nb12bAaKzvA_0_10.mp4,real,MSVD,0.009344831645867671
toE0QYZzJKE_1_8.mp4,real,MSVD,0.24393689663291734
ggic669elLM_200_215.mp4,real,MSVD,0.2252619496114905
HJHPB_Y8GZE_259_263.mp4,real,MSVD,0.3276136096067812
-7KMZQEsJW4_205_208.mp4,real,MSVD,0.6711355074170002
IhwPQL9dFYc_61_75.mp4,real,MSVD,0.33541323287026137
2R_OAYQIkXM_14_22.mp4,real,MSVD,0.061337414645632214
0hyZ__3YhZc_341_348.mp4,real,MSVD,0.09128502472333411
9Wr48VFhZH8_45_50.mp4,real,MSVD,0.0323610784082882
BefkDBj5gSw_233_240.mp4,real,MSVD,0.1945785260183659
pcjuCotJYj8_50_62.mp4,real,MSVD,0.24910230751118437
qPXynwa_2iM_15_25.mp4,real,MSVD,0.05383211678832117
qeKX-N1nKiM_0_5.mp4,real,MSVD,0.05430303743819166
EVqc7e8JCco_5_15.mp4,real,MSVD,0.05605427360489758
qzQzooI4BqU_5_15.mp4,real,MSVD,0.4687132093242289
992zi9V3oiQ_15_17.mp4,real,MSVD,0.42385801742406404
BOLKaQeB6j0_101_111.mp4,real,MSVD,0.4662114433717918
jDFn-1lXJ98_71_80.mp4,real,MSVD,0.033965151871909585
sTMlQSbAGfE_0_12.mp4,real,MSVD,0.12423475394396044
1sffYOXq4Iw_23_49.mp4,real,MSVD,0.25254591476336236
dabI5gfaFm4_19_25.mp4,real,MSVD,0.2506033670826466
auFXfsCzAvQ_1_15.mp4,real,MSVD,0.05231634094655051
0SMOK2ql7Pg_5_12.mp4,real,MSVD,0.18582234518483637
8MVo7fje_oE_85_90.mp4,real,MSVD,0.462547092064987
GopEjCCu2jo_2_9.mp4,real,MSVD,0.29311867200376734
ngHDYzhDBk4_5_14.mp4,real,MSVD,0.19265069460795853
nS6oQxX_Qi8_2_12.mp4,real,MSVD,0.3904226512832588
g9aZcaEg7iY_0_9.mp4,real,MSVD,0.694549093477749
Zg0p5TXi_Cc_30_46.mp4,real,MSVD,0.2394484341888392
p9g06ktIkJg_4_11.mp4,real,MSVD,0.03698198728514245
lb8J2zCQTlo_3_8.mp4,real,MSVD,0.3329703319990581
BvHnDAsMtUA_0_13.mp4,real,MSVD,0.11541970802919707
eb-Zp4pJLKk_2_19.mp4,real,MSVD,0.5278137508829762
qvg9eM4Hmzk_1_9.mp4,real,MSVD,0.03075700494466682
9uDPqigcnzw_36_46.mp4,real,MSVD,0.5282846715328466
_o1UXSxTjfo_68_80.mp4,real,MSVD,0.17310748763833295
GWQTAe64m-0_160_166.mp4,real,MSVD,0.33322050859430186
Sq7Vt6KC9Yg_17_35.mp4,real,MSVD,0.11066635271956676
MMnnqzOoMF0_68_72.mp4,real,MSVD,0.40840593360018834
dJ3ba9zwx6c_5_15.mp4,real,MSVD,0.2371232634801036
HkpUWzNNVt4_20_30.mp4,real,MSVD,0.20462973863903933
kEGmZDpZ_RE_295_330.mp4,real,MSVD,0.6459412526489287
4kQnrKvOTNg_15_24.mp4,real,MSVD,0.028299387803155166
4eJJF11bIxM_1_9.mp4,real,MSVD,0.5158935719331292
zulPFoY64wE_26_33.mp4,real,MSVD,0.13025370850011775
dZBIdRGKRhM_13_32.mp4,real,MSVD,0.4527460560395573
DvYN53KBDr0_51_62.mp4,real,MSVD,0.108400047092065
dq7agmFWkq0_5_9.mp4,real,MSVD,0.6522986814221804
j4dMnAPZu70_12_17.mp4,real,MSVD,0.2103985165999529
xlPyHMkpaQY_1_7.mp4,real,MSVD,0.26776253826230284
zTn-nNj5Bng_61_77.mp4,real,MSVD,0.21896338591947256
ht2oIYBSoI0_9_21.mp4,real,MSVD,0.4426065457970332
UXs3eq68ZjE_320_325.mp4,real,MSVD,0.15079762185071816
OO-5-eVEKPA_25_31.mp4,real,MSVD,0.1287967977395809
ry7AUQtuwdU_4_39.mp4,real,MSVD,0.06848952201554037
fJr2evLANsE_0_10.mp4,real,MSVD,0.1708264657405227
O9cOSO9L8Zs_1_16.mp4,real,MSVD,0.237005533317636
tBj4Ny19vfQ_54_59.mp4,real,MSVD,0.05729044031080763
0ONJfp95yoE_1_10.mp4,real,MSVD,0.2666293854485519
AXL1oMdCFUM_45_59.mp4,real,MSVD,0.2662026136096068
iCiGjZEV7VI_65_75.mp4,real,MSVD,0.8105574523192842
pptYu3YQnxY_160_170.mp4,real,MSVD,0.1999352484106428
W6_XuNhgtrM_2_5.mp4,real,MSVD,0.14895808806216154
HxRK-WqZ5Gk_30_50.mp4,real,MSVD,0.2403166941370379
JIoiUNOXGaI_8_13.mp4,real,MSVD,0.8281875441488109
b_BuSVZwq6M_1_9.mp4,real,MSVD,0.15321109018130444
_pBeOAMjGm8_1_18.mp4,real,MSVD,0.3891423357664234
MWvCcwTw7Ac_154_181.mp4,real,MSVD,0.3861255003531905
kWLNZzuo3do_217_222.mp4,real,MSVD,0.40675771132564165
jPBxl9gFqNY_110_117.mp4,real,MSVD,0.4407522957381681
DGQL5lx-mwE_2_12.mp4,real,MSVD,0.09696550506239698
qeKX-N1nKiM_123_130.mp4,real,MSVD,0.3345596891923711
LwicaralvS0_90_104.mp4,real,MSVD,0.17113550741700023
uppFvcVwqqY_5_15.mp4,real,MSVD,0.2151665881798917
_6OTzzK7t9Y_73_78.mp4,real,MSVD,0.64098186955498
VF1K_6ZSOAY_23_28.mp4,real,MSVD,0.025179538497763127
HzYtvOYOEoU_21_32.mp4,real,MSVD,0.26317106192606543
Lw0eGsYxElA_11_14.mp4,real,MSVD,0.3907464092300448
J4otiwOjQy8_98_112.mp4,real,MSVD,0.24401047798445963
47D9-U8hn5I_11_16.mp4,real,MSVD,0.1678832116788321
OaBmAg6gz30_4_18.mp4,real,MSVD,0.5573934542029668
Cx1We6GX4IM_0_8.mp4,real,MSVD,0.018145161290322582
OUII8_aOfNM_60_69.mp4,real,MSVD,0.10710501530492111
_WRC7HXBJpU_386_391.mp4,real,MSVD,0.07858488344713915
mOZkcBcWR8o_6_12.mp4,real,MSVD,0.6987432305156581
vloe_60s_dk_0_9.mp4,real,MSVD,0.07478808570755828
A_nCfAbXjoM_8_56.mp4,real,MSVD,0.27484106428066873
-wa0umYJVGg_286_290.mp4,real,MSVD,0.26861608194019304
SzEbtbNSg04_28_48.mp4,real,MSVD,0.5567312220390864
GEXqMH8I3_w_14_18.mp4,real,MSVD,0.7668942783141041
Kf8oZGHDTt4_4_13.mp4,real,MSVD,0.21737402872615963
HO_ovIrLWfQ_1_11.mp4,real,MSVD,0.17687485283729693
hJFBXHtxKIc_310_315.mp4,real,MSVD,0.3766629385448552
MPuKVz3sjBA_1_12.mp4,real,MSVD,0.22571815399105252
LSuVRWPoHr0_0_37.mp4,real,MSVD,0.5586737697198022
dfOuTx66bJU_11_14.mp4,real,MSVD,0.033641393925123615
DJWmm_Q9WvY_1_25.mp4,real,MSVD,0.025518012714857544
AQhiE_NL6yY_91_101.mp4,real,MSVD,0.3864934071109018
7NNg0_n-bS8_21_30.mp4,real,MSVD,0.4642541794207676
u_6tre9_99Q_13_25.mp4,real,MSVD,0.032905580409700964
9Q0JfdP36kI_19_27.mp4,real,MSVD,0.41018660230751114
xpOYXbMDDBY_1_20.mp4,real,MSVD,0.17422592418177538
KrBeBabazDU_15_20.mp4,real,MSVD,0.08978396515187191
ghynaoVNwZc_1_20.mp4,real,MSVD,0.24833706145514484
8CzlhZtunNc_5_11.mp4,real,MSVD,0.021176712973863906
IiTzJQE67FA_74_86.mp4,real,MSVD,0.14308629620908875
Puh1n8DTKw8_2_9.mp4,real,MSVD,0.8043766187897339
vpR0L3sIvoo_15_49.mp4,real,MSVD,0.6871468095125972
kquB3rIgfGk_525_532.mp4,real,MSVD,0.3196373910995997
Kqb-mmkEWqU_1_5.mp4,real,MSVD,0.18920708735578057
G-M78KIy19E_315_330.mp4,real,MSVD,0.7703967506475159
DAmOfcvfKZ0_22_32.mp4,real,MSVD,0.5168059806922534
DKgHYLDebx0_0_8.mp4,real,MSVD,0.3175182481751825
UXs3eq68ZjE_246_250.mp4,real,MSVD,0.07655403814457265
_QJbjKkfdcs_52_57.mp4,real,MSVD,0.1515040028255239
YersIyzsOpc_15_30.mp4,real,MSVD,0.7365640452083824
16iNk1hLJt4_37_40.mp4,real,MSVD,0.4194431363315282
lc9bA-hvqHU_1_6.mp4,real,MSVD,0.22997115611019542
rwHT2SuNOi8_240_255.mp4,real,MSVD,0.08965151871909584
PHDmVhShE80_82_86.mp4,real,MSVD,0.353072757240405
X0UJaprpxrk_18_26.mp4,real,MSVD,0.2034082882034377
tYh4iDFgmEE_10_14.mp4,real,MSVD,0.14619142924417236
-4wsuPCjDBc_5_15.mp4,real,MSVD,0.01877796091358606
XzCcRzEa83U_1_8.mp4,real,MSVD,0.09955556863668473
lsanQj2yacs_102_108.mp4,real,MSVD,0.4939221803626089
5QJf-l4lPJw_133_138.mp4,real,MSVD,0.6071785966564633
0lh_UWF9ZP4_82_87.mp4,real,MSVD,0.5289910525076524
kIZanu909lw_67_80.mp4,real,MSVD,0.35784082882034374
P6eo3LULuuc_1_11.mp4,real,MSVD,0.004738639039321875
nhm_APPwhWk_6_12.mp4,real,MSVD,0.433894513774429
NVGGgncVq-4_12_20.mp4,real,MSVD,0.28093360018836827
5JSbxHECb-I_97_110.mp4,real,MSVD,0.2563279962326348
ZK4W-2ifl6I_1_28.mp4,real,MSVD,0.0634712738403579
OKBLPpAPp9c_2_17.mp4,real,MSVD,0.29560572168589594
KpmVL4ANieA_0_9.mp4,real,MSVD,0.23990463856840122
ItFqogTmAvQ_240_246.mp4,real,MSVD,0.35832646574052274
0lh_UWF9ZP4_27_31.mp4,real,MSVD,0.2984312455851189
hcCLIzzB1jQ_1_7.mp4,real,MSVD,0.38831822462915
77iDIp40m9E_159_181.mp4,real,MSVD,0.7752972686602307
Xxcv5jvRmcg_39_46.mp4,real,MSVD,0.5387332234518484
-_hbPLsZvvo_5_8.mp4,real,MSVD,0.1010713444784554
SFFfhAUEoj0_10_16.mp4,real,MSVD,0.10819401930774665
RWWvWFeE6_Q_2_26.mp4,real,MSVD,0.09328643748528373
0lh_UWF9ZP4_71_77.mp4,real,MSVD,0.3052301624676242
Qjbcibrv3L0_26_32.mp4,real,MSVD,0.027696020720508596
UbmZAe5u5FI_101_110.mp4,real,MSVD,0.11368318813279962
Ly5D0z9gKtc_15_20.mp4,real,MSVD,0.7702495879444313
lB1UPJ4leqs_0_6.mp4,real,MSVD,0.33102778431834234
CL49s8bO6Fg_1_11.mp4,real,MSVD,0.01443666117259242
8PQiaurIiDM_173_180.mp4,real,MSVD,0.46020720508594304
xGdoi3W3Z4o_2_40.mp4,real,MSVD,0.6395985401459854
S-Civm_fbK8_20_26.mp4,real,MSVD,0.5940222510007064
JYNzY9jmsQQ_2_10.mp4,real,MSVD,0.01930774664469037
4-1gpwkD7Hc_7_15.mp4,real,MSVD,0.06148457734871674
aK8liAv-28s_72_82.mp4,real,MSVD,0.3343536614080527
PqvKNqkGI9o_47_52.mp4,real,MSVD,0.1675447374617377
xxHx6s_DbUo_98_101.mp4,real,MSVD,0.2385948905109489
NoCgvH4xZHo_56_63.mp4,real,MSVD,0.4270955968919237
lexLAjh8fPA_27_31.mp4,real,MSVD,0.24431951966093712
m1NR0uNNs5Y_57_64.mp4,real,MSVD,0.524752766658818
VahnQw2gTQY_203_210.mp4,real,MSVD,0.39393983988697906
_O9kWD8nuRU_70_76.mp4,real,MSVD,0.5294178243465976
e4QGnppJ-ys_6_14.mp4,real,MSVD,0.5584088768542501
pDvzOLRLjPc_0_8.mp4,real,MSVD,0.15340240169531433
zpgW7m7_LZw_2_15.mp4,real,MSVD,0.724761596421003
VfqlfprZsaQ_75_85.mp4,real,MSVD,0.20727866729456088
oFUsn1owAbs_158_168.mp4,real,MSVD,0.18626383329408994
DhwrBs96Kgk_120_124.mp4,real,MSVD,0.054347186249117024
1dfR0A_BXjw_524_532.mp4,real,MSVD,0.09992347539439604
QzulzuWr0Zw_20_45.mp4,real,MSVD,0.11263833294089946
i2GgBwlwV0c_24_31.mp4,real,MSVD,0.10146868377678361
nMBSDpB3WB8_5_14.mp4,real,MSVD,0.17724275959500824
Hu9Sq1RvuoA_19_62.mp4,real,MSVD,0.08872439368966328
jTaLGh_MKCM_5_20.mp4,real,MSVD,0.20514480809983515
MJNStEgDKXU_3_10.mp4,real,MSVD,0.01877796091358606
OVEe1DMsOq0_43_52.mp4,real,MSVD,0.10520661643513068
pFSoWsocv0g_8_17.mp4,real,MSVD,0.051153755592182715
b24_bb57PPk_631_637.mp4,real,MSVD,0.2305156581116082
VU4qLrk5axA_40_58.mp4,real,MSVD,0.36029844596185545
rKF0ZW34FRk_41_54.mp4,real,MSVD,0.6865728749705675
uH8ObB_dyOk_159_166.mp4,real,MSVD,0.39214445490934774
rw9h_574HxE_229_236.mp4,real,MSVD,0.18165764068754414
htry5uxX0-Y_45_52.mp4,real,MSVD,0.6251324464327761
gWRRHV7DLV0_21_31.mp4,real,MSVD,0.36965799387803155
6ZZkO14S7GY_5_15.mp4,real,MSVD,0.426521662349894
zv2RIbUsnSw_159_162.mp4,real,MSVD,0.48994878737932657
ljGcQocjSs4_38_60.mp4,real,MSVD,0.2941635271956675
TPD5wO_LEPU_2_6.mp4,real,MSVD,0.4858870967741935
jvxUeT1Nlb8_100_115.mp4,real,MSVD,0.09356604662114434
VahnQw2gTQY_298_305.mp4,real,MSVD,0.4398251707087356
f9_bP219ehQ_63_70.mp4,real,MSVD,0.12313103367082646
jZ8X8e7eRVk_24_27.mp4,real,MSVD,0.016747115611019544
QjI3Y8ZKSqs_30_38.mp4,real,MSVD,0.5699170002354603
nLz0QuerH1c_8_15.mp4,real,MSVD,0.06806275017659524
-t-ZWaJeH-o_0_15.mp4,real,MSVD,0.5274752766658818
HZ-BuDDmvVk_0_10.mp4,real,MSVD,0.046783023310572165
UXs3eq68ZjE_235_240.mp4,real,MSVD,0.32047621850718155
2jXxtQRy47A_30_38.mp4,real,MSVD,0.024002236873086884
muI1BFsdbdo_33_45.mp4,real,MSVD,0.048284082882034375
lw7pTwpx0K0_38_48.mp4,real,MSVD,0.38878914527902053
ePujnD4qJO0_62_77.mp4,real,MSVD,0.1004679773958088
e996zZ0uV_A_196_204.mp4,real,MSVD,0.8814898752060278
2YhDTpzxd3c_45_49.mp4,real,MSVD,0.29782787850247233
NjblUomxFQo_100_108.mp4,real,MSVD,0.3533376501059572
JntMAcTlOF0_50_70.mp4,real,MSVD,0.35597186249117024
UXs3eq68ZjE_209_214.mp4,real,MSVD,0.23746173769719803
fr9H1WLcF1A_256_261.mp4,real,MSVD,0.35966564633859194
1RchFBCT9JU_43_53.mp4,real,MSVD,0.009845184836355074
5OvgDatToBU_0_8.mp4,real,MSVD,0.007578879208853308
C12BRGGcd5E_101_117.mp4,real,MSVD,0.4120114198257594
vRC9sBNt9vs_10_16.mp4,real,MSVD,0.20392335766423358
inzk2fTUe1w_1_15.mp4,real,MSVD,0.12049682128561337
lvFYUmDSOvU_34_38.mp4,real,MSVD,0.14623557805509774
Ud3Qy8m6OxQ_52_62.mp4,real,MSVD,0.4771603484812809
JpjAgSvr42k_0_12.mp4,real,MSVD,0.6856604662114434
sb1dX5xAFvk_10_17.mp4,real,MSVD,0.04335413232870261
zzit5b_-ukg_5_20.mp4,real,MSVD,0.4909347774899929
xxHx6s_DbUo_216_222.mp4,real,MSVD,0.04488462444078173
_0nX-El-ySo_83_93.mp4,real,MSVD,0.5203526018365906
mJ9eRvxjLc4_0_16.mp4,real,MSVD,0.3651548151636449
Vn0Xv0fb1z4_18_30.mp4,real,MSVD,0.20058276430421473
VLBsAPZ2DDE_34_41.mp4,real,MSVD,0.3708647280433247
lKADopH3qFY_0_10.mp4,real,MSVD,0.06116081940193077
97JhYpoWxzY_0_4.mp4,real,MSVD,0.47361372733694374
6vC6AT27RUc_29_46.mp4,real,MSVD,0.04389863433011537
CTIKmoEigCI_3_30.mp4,real,MSVD,0.12862020249587944
vfktGc_qx-w_2_18.mp4,real,MSVD,0.13238756769484342
gtixLEvO2Us_0_6.mp4,real,MSVD,0.5944784553802684
8MVo7fje_oE_108_113.mp4,real,MSVD,0.1684277136802449
-zOrV-5vh1A_69_76.mp4,real,MSVD,0.15048858017424066
ZnLgsasu82g_71_81.mp4,real,MSVD,0.06492818460089475
MTjrZthHwJQ_2_11.mp4,real,MSVD,0.08866552860842947
_JVxurtGIhI_32_42.mp4,real,MSVD,0.0639421944902284
w9mqbwOIkVg_6_12.mp4,real,MSVD,0.6423063338827408
WeOU0Iba1Xg_1_30.mp4,real,MSVD,0.1921650576877796
umjc1CkO4JA_290_305.mp4,real,MSVD,0.15235754650341415
-DKuLXYoY3g_14_20.mp4,real,MSVD,0.6520337885566282
swJ0zhVJ8DU_15_21.mp4,real,MSVD,0.1321373910995997
-_hbPLsZvvo_19_26.mp4,real,MSVD,0.2304567930303744
vDhEpqfhVI0_0_8.mp4,real,MSVD,0.010831174947021427
0hyZ__3YhZc_388_394.mp4,real,MSVD,0.06772427595950083
n2NLoLNecgI_168_178.mp4,real,MSVD,0.03870379091123145
n016q1w8Q30_2_11.mp4,real,MSVD,0.6711502236873087
sv5YlZspb30_10_20.mp4,real,MSVD,0.14845773487167413
nCtZFOYAlvQ_44_49.mp4,real,MSVD,0.09767188603720273
DBvSfds3FH4_84_88.mp4,real,MSVD,0.41461619967035557
5zkCnHUnoYY_69_74.mp4,real,MSVD,0.416352719566753
BVjvRpmHg0w_47_51.mp4,real,MSVD,0.2078231692959736
kBjUDCyDCuI_20_26.mp4,real,MSVD,0.737785495643984
1mIyMRPV8kg_9_17.mp4,real,MSVD,0.6164498469507887
ACOmKiJDkA4_130_144.mp4,real,MSVD,0.4631798916882506
PeUHy0A1GF0_62_66.mp4,real,MSVD,0.5641629385448552
LuQ0KiMMhoI_49_64.mp4,real,MSVD,0.05411172592418177
HmVPxs4ygMc_44_53.mp4,real,MSVD,0.808085118907464
zSPBC8EO6dY_132_140.mp4,real,MSVD,0.5809394866964916
IY1Fn796MoY_7_10.mp4,real,MSVD,0.9350718153991052
Ugb_uH72d0I_8_17.mp4,real,MSVD,0.5340975983046856
mCrRHP4LFmo_24_40.mp4,real,MSVD,0.28162526489286555
TIubRrkku-4_1_10.mp4,real,MSVD,0.5409995290793501
jcIrD7rNvTM_10_21.mp4,real,MSVD,0.07771662349894043
uiLr9bdOL0M_23_30.mp4,real,MSVD,0.02086767129738639
6FmN22YcVVE_11_18.mp4,real,MSVD,0.23312043795620438
gjVBEJGHrXk_26_38.mp4,real,MSVD,0.19462267482929127
VahnQw2gTQY_274_280.mp4,real,MSVD,0.17937661878973393
Afmc6FeN-hM_20_24.mp4,real,MSVD,0.08635507417000235
0hyZ__3YhZc_352_356.mp4,real,MSVD,0.20268719095832352
n_Z0-giaspE_437_447.mp4,real,MSVD,0.7382122674829291
8HB7ywgJuTg_131_142.mp4,real,MSVD,0.23426830704026372
WTf5EgVY5uU_15_19.mp4,real,MSVD,0.37731045443842715
WTf5EgVY5uU_108_116.mp4,real,MSVD,0.6830704026371557
ZvJvNcukZ4w_0_10.mp4,real,MSVD,0.2319284200612197
m1NR0uNNs5Y_123_129.mp4,real,MSVD,0.52806392747822
NZWiKMZS_k8_39_48.mp4,real,MSVD,0.5123910995997174
0hyZ__3YhZc_279_283.mp4,real,MSVD,0.4002531198493054
N3A7944_UJw_63_70.mp4,real,MSVD,0.1457057923239934
1dYpcVv6n3Y_0_18.mp4,real,MSVD,0.6852631269131151
haJn6k5zVnE_1_23.mp4,real,MSVD,0.5008388274075818
XNzXXiE6qR4_0_10.mp4,real,MSVD,0.28403873322345186
zv2RIbUsnSw_335_341.mp4,real,MSVD,0.6652195667530021
5XxshEdcfAM_85_100.mp4,real,MSVD,0.510816458676713
jv-eV6jR3Qw_7_12.mp4,real,MSVD,0.025356133741464563
kI6MWZrl8v8_149_161.mp4,real,MSVD,0.06450141276194961
5CU2JhYM8tY_14_45.mp4,real,MSVD,0.8556481045443842
9LHg5RUGukI_58_63.mp4,real,MSVD,0.32228631975512123
WPG-BIWOrG4_755_761.mp4,real,MSVD,0.2286614080527431
s20OlIRK340_147_174.mp4,real,MSVD,0.11634683305862961
2G9fkvBzzQE_10_20.mp4,real,MSVD,0.32021132564162935
t4aPGtx7e6k_0_10.mp4,real,MSVD,0.35901813044502
H9Oplnr8WcE_24_34.mp4,real,MSVD,0.11399222980927715
TF6LNmwDr_0_2_10.mp4,real,MSVD,0.009035789969390157
s7znbqra118_91_97.mp4,real,MSVD,0.13331469272427596
PHDmVhShE80_36_46.mp4,real,MSVD,0.5014863433011537
krAk8WPZRL4_207_212.mp4,real,MSVD,0.08837120320226041
ETUJipdnfOM_0_5.mp4,real,MSVD,0.37753119849305394
mmSQTI6gMNQ_120_128.mp4,real,MSVD,0.13572816105486224
4zPSShqsq-o_3_16.mp4,real,MSVD,0.2386243230515658
aeA-HN7BMdo_52_58.mp4,real,MSVD,0.3993554273604898
Okg8QYhdtvU_73_92.mp4,real,MSVD,0.7495437956204379
04Gt01vatkk_308_321.mp4,real,MSVD,0.5197933835648694
0lh_UWF9ZP4_148_155.mp4,real,MSVD,0.27640098893336473
0bSz70pYAP0_5_15.mp4,real,MSVD,0.026827760772309868
Tied-t1fFsk_15_20.mp4,real,MSVD,0.17927360489757477
nV3Wv8iHp4U_0_38.mp4,real,MSVD,0.1670443842712503
kWLNZzuo3do_38_47.mp4,real,MSVD,0.33601659995290795
DKZg4kIEa0A_31_36.mp4,real,MSVD,0.39769248881563457
-_aaMGK6GGw_57_61.mp4,real,MSVD,0.41084883447139153
wNv74rvkAw8_30_40.mp4,real,MSVD,0.04358959265363786
mZVPkPqwzR4_38_45.mp4,real,MSVD,0.14211502236873086
ywMLb2VfHbI_13_20.mp4,real,MSVD,0.05094772780786437
RjpbFlOHFps_8_25.mp4,real,MSVD,0.025326701200847658
yyxtyCaEVqk_321_328.mp4,real,MSVD,0.41750058865081235
tZmDWltBziM_42_47.mp4,real,MSVD,0.5657375794678596
Fe4tO5vW9_E_64_70.mp4,real,MSVD,0.3757505297857311
8mSUD7JGNO0_174_181.mp4,real,MSVD,0.499705674593831
PeUHy0A1GF0_28_32.mp4,real,MSVD,0.6480015304921121
-bjOB4zS0uE_100_105.mp4,real,MSVD,0.404138215210737
hJFBXHtxKIc_163_168.mp4,real,MSVD,0.17332823169295974
EKL6elkbFy0_16_30.mp4,real,MSVD,0.2643630798210502
c_XV7nPoRg8_2_12.mp4,real,MSVD,0.4622969154697434
6KS8R3RxrV8_0_23.mp4,real,MSVD,0.08089533788556628
d7eGypGOlOc_13_22.mp4,real,MSVD,0.3858753237579468
AEKPjVHSVZc_0_12.mp4,real,MSVD,0.09147633623734401
-AwoiGR6c8M_10_14.mp4,real,MSVD,0.2965475629856369
z0Si1XxMibg_0_30.mp4,real,MSVD,0.02597421709441959
zHy7pM0U49w_110_116.mp4,real,MSVD,0.3599305392041441
1qV4wfjTYIo_151_164.mp4,real,MSVD,0.2487785495643984
wn9rDTZj-m4_8_18.mp4,real,MSVD,0.19092889098186955
W8l_ezoU8Lc_76_86.mp4,real,MSVD,0.29397221568165766
JsD6uEZsIsU_45_58.mp4,real,MSVD,0.14873734400753474
6owu8Mow0_g_692_697.mp4,real,MSVD,0.48965446197315754
Hd-NeIhbYGc_28_31.mp4,real,MSVD,0.19126736519896398
UqBafx3iRKw_22_29.mp4,real,MSVD,0.05171297386390394
x1i0UOssll8_141_151.mp4,real,MSVD,0.21000117730162465
2I20ZTFHheg_96_104.mp4,real,MSVD,0.5001471627030845
dc4UltkRJsw_53_59.mp4,real,MSVD,0.11965799387803155
Qwn0Ni9G5ow_64_69.mp4,real,MSVD,0.019999411349187663
zBrC1GmA0Qg_26_33.mp4,real,MSVD,0.03835060042382859
LF51fban_x4_300_325.mp4,real,MSVD,0.15281375088297622
8D_oQnBPfNo_43_50.mp4,real,MSVD,0.008579585589828114
H7vezmDeZaw_2_7.mp4,real,MSVD,0.6237785495643984
WTf5EgVY5uU_33_39.mp4,real,MSVD,0.35339651518719095
lmCrIZeob4w_23_26.mp4,real,MSVD,0.919178243465976
qLwgb3F0aPU_298_305.mp4,real,MSVD,0.41558747351071346
QA_JTtM1hKA_5_15.mp4,real,MSVD,0.5348186955497999
jLgmCY1fEE8_16_26.mp4,real,MSVD,0.23448905109489052
JledeVyklPw_1_6.mp4,real,MSVD,0.14212973863903933
RX6NSOuCCAE_13_27.mp4,real,MSVD,0.9277578290558042
htWPOGTagec_2_18.mp4,real,MSVD,0.2934277136802449
sXyjCgR0rAc_0_11.mp4,real,MSVD,0.12292500588650812
YXixZrSxefk_17_48.mp4,real,MSVD,0.4185160113020956
rw9h_574HxE_251_254.mp4,real,MSVD,0.27640098893336473
21uB8g-jDZI_70_79.mp4,real,MSVD,0.3960148340004709
BE_uxYK9uz0_49_56.mp4,real,MSVD,0.4440487402872616
NbOlG7THecM_25_34.mp4,real,MSVD,0.343654344242995
-rkErLY0rRc_63_67.mp4,real,MSVD,0.38134271250294327
xfRIRSWy0y0_10_20.mp4,real,MSVD,0.4802066164351307
qhknaG9ifbs_122_127.mp4,real,MSVD,0.6817017894984695
UnWgz-mVMXU_2_6.mp4,real,MSVD,0.6669560866493995
seTkGZlEU64_81_110.mp4,real,MSVD,0.4250353190487403
WTf5EgVY5uU_100_104.mp4,real,MSVD,0.2996526960207205
TsagxA4DKuc_28_41.mp4,real,MSVD,0.32358135154226514
3SKyc0aKx70_46_52.mp4,real,MSVD,0.5140687544148811
OxL9z2BzBnk_0_19.mp4,real,MSVD,0.013656698846244408
X4yzrIc072w_4_20.mp4,real,MSVD,0.5323169295973629
a1Y73sPHKxw_0_5.mp4,real,MSVD,0.0065045914763362375
BOv-2HzNPaA_7_12.mp4,real,MSVD,0.5429126442194491
gvVsgOK1iJw_32_38.mp4,real,MSVD,0.17028196373910998
ByGspTdA1ug_16_24.mp4,real,MSVD,0.14286555215446195
0hyZ__3YhZc_289_295.mp4,real,MSVD,0.30016776548151636
7OGizkf_JEo_191_194.mp4,real,MSVD,0.29885801742406404
g2IYQq7IkXc_23_32.mp4,real,MSVD,0.06121968448316459
0sUL0KCIc48_15_25.mp4,real,MSVD,0.6608341182010831
Gn4Iv5ARIXc_37_40.mp4,real,MSVD,0.2414792794914057
fw8qvK67jYY_50_97.mp4,real,MSVD,0.32297798445961856
6t0BpjwYKco_240_247.mp4,real,MSVD,0.6229250058865081
zuYZ5kPatJE_78_116.mp4,real,MSVD,0.12015834706851894
0vmoZEaN_-o_5_21.mp4,real,MSVD,0.10277843183423593
GlW6n43pUQA_0_12.mp4,real,MSVD,0.5820726395102425
5P6UU6m3cqk_57_75.mp4,real,MSVD,0.4495084765716977
Kms3EXosNS0_8_17.mp4,real,MSVD,0.37769307746644687
o4pL7FObqds_72_78.mp4,real,MSVD,0.20507122674829292
k5OKBX2e7xA_19_32.mp4,real,MSVD,0.31567871438662587
9LSuyLyuUiM_3_6.mp4,real,MSVD,0.627178008005651
-_hbPLsZvvo_172_179.mp4,real,MSVD,0.5532140334353661
AjZ-R3LFMzo_5_10.mp4,real,MSVD,0.4862844360725218
0k1Ak8aTMVI_4_12.mp4,real,MSVD,0.12800211914292442
Ya-MkA187c8_36_45.mp4,real,MSVD,0.40574228867435835
QklHhN8pQBE_0_10.mp4,real,MSVD,0.49393689663291734
pfQPRXcihkI_127_138.mp4,real,MSVD,0.769101718860372
74tRCYS_534_49_57.mp4,real,MSVD,0.19942017894984693
77iDIp40m9E_119_123.mp4,real,MSVD,0.5237962090887686
Ow_o78zjo14_42_57.mp4,real,MSVD,0.10426477513538968
5HAf_INrFy0_3_25.mp4,real,MSVD,0.20982458205792326
eoP-SCgYM2w_49_60.mp4,real,MSVD,0.3534112314574994
swKrHEeOj9c_4_8.mp4,real,MSVD,0.12773722627737227
YmXCfQm0_CA_7_16.mp4,real,MSVD,0.15872969154697433
Lr8ds5iY5uk_8_15.mp4,real,MSVD,0.11564045208382387
HPFLN5azwtA_56_63.mp4,real,MSVD,0.1125941841299741
FGjtmhI-Rmk_30_37.mp4,real,MSVD,0.19778667294560864
DB-3-TVjrxU_58_75.mp4,real,MSVD,0.39807511184365435
WFNXwor69-U_33_40.mp4,real,MSVD,0.07484695078879208
uGDuIyfJXXg_23_33.mp4,real,MSVD,0.0503149281846009
yAD_TS5L2d4_4_11.mp4,real,MSVD,0.04253002119142924
klFyrnrUSck_63_73.mp4,real,MSVD,0.42730162467624205
_O9kWD8nuRU_50_56.mp4,real,MSVD,0.6733870967741935
DDtX5a-OgLQ_1_15.mp4,real,MSVD,0.21454850482693666
a28s_wyqkyc_68_77.mp4,real,MSVD,0.07961502236873086
-8y1Q0rA3n8_95_102.mp4,real,MSVD,0.24305392041441015
HN-ccxID8IM_3_10.mp4,real,MSVD,0.02032316929597363
qDjtN7xxNr4_44_51.mp4,real,MSVD,0.7121497527666588
4QdX5Q3qQsQ_38_44.mp4,real,MSVD,0.07481751824817517
NUYu9c9XsgY_7_21.mp4,real,MSVD,0.2101483400047092
jmoT2we_rqo_0_5.mp4,real,MSVD,0.42240110666352715
PCXHuseKwDc_17_20.mp4,real,MSVD,0.3152372262773723
vz71JKcpeUU_0_10.mp4,real,MSVD,0.04750412055568637
SZP3Jpbbwj0_52_59.mp4,real,MSVD,0.609798092771368
fMXfphSi6Yw_7_12.mp4,real,MSVD,0.3255974805745232
o4OsYxsNGMI_77_82.mp4,real,MSVD,0.358723805038851
BefkDBj5gSw_104_109.mp4,real,MSVD,0.17830233105721688
q3I3R_gqy8M_34_37.mp4,real,MSVD,0.13068048033906288
6q1dX6thX3E_286_295.mp4,real,MSVD,0.22498234047562987
Dgf0VHMEtNs_57_66.mp4,real,MSVD,0.2214945844125265
KPPCwmU5OHQ_56_62.mp4,real,MSVD,0.16805980692253356
RMznbCn5sQs_0_10.mp4,real,MSVD,0.21637332234518483
PECk9A-07Pw_1_9.mp4,real,MSVD,0.22306922533553097
5E66Gk3V1Bc_23_30.mp4,real,MSVD,0.21479868142218037
WWf0Z6ak3Dg_5_15.mp4,real,MSVD,0.28992524134683306
tzd3AYTZq0U_0_6.mp4,real,MSVD,0.17830233105721688
4Tn5S48sCwg_110_118.mp4,real,MSVD,0.1035731104308924
Li3umATsU0E_1_5.mp4,real,MSVD,0.005224275959500825
m1NR0uNNs5Y_224_230.mp4,real,MSVD,0.4427831410407347
AKVBK-0veE8_5_12.mp4,real,MSVD,0.14626501059571462
rwHT2SuNOi8_195_201.mp4,real,MSVD,0.21404815163644925
8yS2wqwActs_2_14.mp4,real,MSVD,0.28359724511419826
PJnJMp2ZpbA_3_15.mp4,real,MSVD,0.16847186249117024
XzCcRzEa83U_39_46.mp4,real,MSVD,0.3829615022368731
4QYPZM01xFE_14_26.mp4,real,MSVD,0.028196373910995998
y8SDRc4IOjs_94_99.mp4,real,MSVD,0.2424799858723805
MSrJTeKNzdI_32_36.mp4,real,MSVD,0.3752796091358606
ACOmKiJDkA4_175_182.mp4,real,MSVD,0.16192312220390864
2KrdBUFeFtY_22_27.mp4,real,MSVD,0.526930774664469
6t0BpjwYKco_71_76.mp4,real,MSVD,0.410569225335531
5dZ8PXABC30_14_20.mp4,real,MSVD,0.5823669649164116
Wv3u2q3oGeU_35_45.mp4,real,MSVD,0.23493053920414408
ZlX_Gy4HP2E_38_55.mp4,real,MSVD,0.6280609842241582
hNOzHvsEmg4_31_36.mp4,real,MSVD,0.09881975512126207
6t0BpjwYKco_53_59.mp4,real,MSVD,0.1409082882034377
5U3xz9Ovmhk_214_222.mp4,real,MSVD,0.14242406404520838
zxB4dFJhHR8_1_9.mp4,real,MSVD,0.2459530256651754
xgIIcPSh4EU_0_6.mp4,real,MSVD,0.03133093948669649
9LHg5RUGukI_63_68.mp4,real,MSVD,0.2908817989168825
2YhDTpzxd3c_149_154.mp4,real,MSVD,0.0961119613845067
FxIuFwMhOu8_18_26.mp4,real,MSVD,0.05216917824346597
u9prcUCHlqM_73_80.mp4,real,MSVD,0.33233753237579466
nYwbAb0QvBE_195_210.mp4,real,MSVD,0.11100482693666118
_6OTzzK7t9Y_158_170.mp4,real,MSVD,0.0651930774664469
VahnQw2gTQY_322_327.mp4,real,MSVD,0.34227101483400046
4wT7zM8XgXQ_5_11.mp4,real,MSVD,0.18667588886272662
WqQonRVs7WA_0_10.mp4,real,MSVD,0.03908641393925123
kWLNZzuo3do_145_151.mp4,real,MSVD,0.2556951966093713
nZSFn51l3hc_318_326.mp4,real,MSVD,0.1747262773722628
hJFBXHtxKIc_286_291.mp4,real,MSVD,0.6144337179185307
BIqVvRh_cEY_143_149.mp4,real,MSVD,0.481678243465976
Ixw6wmoC_xg_116_126.mp4,real,MSVD,0.18619025194254768
RJNBxdDQOw4_13_26.mp4,real,MSVD,0.07156522251000706
cR2yi-JnGcQ_8_16.mp4,real,MSVD,0.2504709206498705
He7Ge7Sogrk_47_70.mp4,real,MSVD,0.18951612903225806
lSnWhsmlGec_5_10.mp4,real,MSVD,0.11940781728278785
q5ZRMvjzhXQ_15_29.mp4,real,MSVD,0.374838121026607
fKqBnl8D1Qo_5_44.mp4,real,MSVD,0.2890275488580174
-wa0umYJVGg_139_157.mp4,real,MSVD,0.6718271721214975
7bcV-TL9mho_0_7.mp4,real,MSVD,0.1459265363786202
KIEWo_xJ5nU_0_7.mp4,real,MSVD,0.0226189074640923
9HTUcMjWB3g_134_138.mp4,real,MSVD,0.14090828820343773
pGCRurvXQGM_45_56.mp4,real,MSVD,0.8187691311514009
fvBs0xpEZhQ_10_30.mp4,real,MSVD,0.2822433482458206
GMuijLIJH-U_1_10.mp4,real,MSVD,0.2616405698139863
_ZwwKOzpt2I_69_76.mp4,real,MSVD,0.4343948669649164
v_tGw5gwlEw_136_152.mp4,real,MSVD,0.4222539439604427
2YhDTpzxd3c_223_232.mp4,real,MSVD,0.21660878267012007
TvBsaMgqh5s_61_68.mp4,real,MSVD,0.4957469978808571
fBA_lxUiwSg_2_4.mp4,real,MSVD,0.1964916411584648
PeUHy0A1GF0_78_85.mp4,real,MSVD,0.42708088062161526
mF6ijhSrbBQ_32_40.mp4,real,MSVD,0.03484812809041676
cFzSEIGrEfA_0_24.mp4,real,MSVD,0.0692989168825053
NNYLo1OeZ-Q_48_54.mp4,real,MSVD,0.3337061455144808
xtbsD3PUua4_174_185.mp4,real,MSVD,0.39645632210972453
7M-jsjLB20Y_11_30.mp4,real,MSVD,0.022633623734400754
A6XrTsLsUbA_4_15.mp4,real,MSVD,0.07502354603249353
cUW_bXll6YM_390_395.mp4,real,MSVD,0.1380974805745232
aQWCKcg0VRU_321_339.mp4,real,MSVD,0.32877619496114907
aN0WsBcja_E_0_15.mp4,real,MSVD,0.01804214739816341
P4IjNV3lZkQ_136_144.mp4,real,MSVD,0.5338179891688251
4VLrxtf7Z_8_0_7.mp4,real,MSVD,0.21815399105250766
yFPHhRat6bc_160_210.mp4,real,MSVD,0.3846685895926536
omIPdpxg--4_39_46.mp4,real,MSVD,0.21778608429479634
gHyXstpe_N8_116_125.mp4,real,MSVD,0.04105839416058395
3FnUTQMJVXI_31_36.mp4,real,MSVD,0.06966682364021662
NKtfKR4GNjU_0_20.mp4,real,MSVD,0.6457499411349188
62I8I4sCPPQ_12_30.mp4,real,MSVD,0.07209500824111137
0xx13BuvVmo_25_36.mp4,real,MSVD,0.1385978337650106
TnPOZVHB3x0_45_55.mp4,real,MSVD,0.6211884859901107
Sj6GSmDpNDw_0_12.mp4,real,MSVD,0.5398369437249824
TgFmoZj3NoM_10_18.mp4,real,MSVD,0.13561043089239463
B4foOe9kUgY_0_8.mp4,real,MSVD,0.041043677890275486
0I4VKj4d0WI_24_40.mp4,real,MSVD,0.4425182481751825
q3I3R_gqy8M_73_79.mp4,real,MSVD,0.15353484812809043
IhwPQL9dFYc_50_59.mp4,real,MSVD,0.17323993407110902
-joBOHlg5J0_72_80.mp4,real,MSVD,0.2361519896397457
ymC2bNi6-Is_9_19.mp4,real,MSVD,0.1447639510242524
v7iIZXtpIb8_5_15.mp4,real,MSVD,0.3181804803390629
YmXCfQm0_CA_68_75.mp4,real,MSVD,0.13098952201554037
uZEGu-TA2cU_42_58.mp4,real,MSVD,0.7972392276901342
W1052h2rzoA_91_98.mp4,real,MSVD,0.26321521073699083
hNECyt6Bo0A_5_10.mp4,real,MSVD,0.859959971744761
clpgffj3sUw_1_12.mp4,real,MSVD,0.0454585589828114
cSDkshD2ME0_12_15.mp4,real,MSVD,0.21784494937603013
9gbUM9oHBNI_557_563.mp4,real,MSVD,0.36134330115375557
lfGlDg47How_93_98.mp4,real,MSVD,0.298239934071109
Z-An1QQ66f0_13_25.mp4,real,MSVD,0.330527431127855
IhwPQL9dFYc_137_143.mp4,real,MSVD,0.10851777725453261
yd8jh9QYfEs_4_10.mp4,real,MSVD,0.06996114904638569
-s4-6QTT7HE_235_241.mp4,real,MSVD,0.19893454202966798
msCidKHOh74_410_418.mp4,real,MSVD,0.1540352013185778
izU1dDwnuMY_80_92.mp4,real,MSVD,0.31878384742170945
C2rDp6FnbP0_10_17.mp4,real,MSVD,0.31753296444549095
39Ce7I6nXIw_96_104.mp4,real,MSVD,0.07486166705910054
HAjwXjwN9-A_16_24.mp4,real,MSVD,0.26835118907464095
hJFBXHtxKIc_225_230.mp4,real,MSVD,0.19226807157993878
c2a0GcoJAjw_107_129.mp4,real,MSVD,0.0313898045679303
0lh_UWF9ZP4_178_182.mp4,real,MSVD,0.20948610784082883
5fq9iIxxA1s_12_27.mp4,real,MSVD,0.04665057687779609
IBgsLmDcL78_80_84.mp4,real,MSVD,0.5632946785966565
504gE1DA_4g_1_6.mp4,real,MSVD,0.0347745467388745
x68Djm_Q0GA_0_10.mp4,real,MSVD,0.2558276430421474
06CbMa0kDr8_3_13.mp4,real,MSVD,0.009212385213091593
LyYJiKxHZz0_0_10.mp4,real,MSVD,0.3245673416529315
WqwcWk1In_g_46_54.mp4,real,MSVD,0.07617141511655286
Q6HuQEIJqcA_9_16.mp4,real,MSVD,0.02601836590534495
bnN_o0Hkn3M_73_80.mp4,real,MSVD,0.1792588886272663
Ar70p1_LcfM_2_20.mp4,real,MSVD,0.4146897810218978
rq2p5ML8-WI_63_69.mp4,real,MSVD,0.0760978337650106
yId1rg5-ac0_40_50.mp4,real,MSVD,0.2376530492112079
UoPU8F9mus8_258_262.mp4,real,MSVD,0.7506033670826466
_OBlgSz8sSM_15_32.mp4,real,MSVD,0.42815516835413236
LacBy2NT3YQ_12_17.mp4,real,MSVD,0.018071579938780315
IiIiY6o-C9k_49_55.mp4,real,MSVD,0.6827319284200613
D1tTBncIsm8_725_740.mp4,real,MSVD,0.5466064280668708
cnsjm3fNEec_4_10.mp4,real,MSVD,0.21637332234518486
Xwrl4htUPjo_22_38.mp4,real,MSVD,0.45127442900871206
3chNlP5TeO8_0_10.mp4,real,MSVD,0.026504002825523898
WTf5EgVY5uU_32_52.mp4,real,MSVD,0.3144719802213327
Q-soOsOLIGQ_0_22.mp4,real,MSVD,0.12569166470449727
Tm1HjqK0ABg_9_15.mp4,real,MSVD,0.1194813986343301
-dm-ds5rRaM_44_52.mp4,real,MSVD,0.45695490934777494
V6Fxclwdfxc_1_11.mp4,real,MSVD,0.03627560631033671
FwCmcZpkk-k_22_32.mp4,real,MSVD,0.05599540852366376
Jxw16bqzVqE_18_28.mp4,real,MSVD,0.021588768542500587
tqxRDVKtkSY_30_45.mp4,real,MSVD,0.10951848363550742
uVPnDJKt1M0_0_6.mp4,real,MSVD,0.05387626559924653
Kxa0mnDj0bs_113_124.mp4,real,MSVD,0.12469095832352249
onW5hJXnI5s_10_16.mp4,real,MSVD,0.13335884153520133
msCidKHOh74_392_399.mp4,real,MSVD,0.1305774664469037
s0hwEUC5emA_127_132.mp4,real,MSVD,0.1384653873322345
LLkehH86ABY_30_36.mp4,real,MSVD,0.33541323287026137
UgUFP5baQ9Y_0_7.mp4,real,MSVD,0.3026106663527196
8yoUaH6wGLs_22_30.mp4,real,MSVD,0.11865728749705676
W8_63NiTENw_23_30.mp4,real,MSVD,0.31561984930539205
xxHx6s_DbUo_49_56.mp4,real,MSVD,0.34418412997409936
hW8TKz2Aea4_5_12.mp4,real,MSVD,0.06336825994819872
Lt1JijkvSKk_0_10.mp4,real,MSVD,0.04341299740993643
SaYwh6chmiw_15_40.mp4,real,MSVD,0.02313397692488816
yg4aNiO1JnI_111_114.mp4,real,MSVD,0.2789469036967271
iUYWdCxvJCI_2_14.mp4,real,MSVD,0.2915293148104544
_sJ_09Mf1HY_49_72.mp4,real,MSVD,0.7516187897339298
0hyZ__3YhZc_632_637.mp4,real,MSVD,0.7999470214268896
fIaLVw_Gc_w_99_109.mp4,real,MSVD,0.052345773487167416
klFyrnrUSck_25_36.mp4,real,MSVD,0.11731810689898753
xBW_uR3kGr4_42_55.mp4,real,MSVD,0.6045443842712503
8PQiaurIiDM_143_151.mp4,real,MSVD,0.46602013185778196
TxzxPyfsSxY_0_10.mp4,real,MSVD,0.1327996232634801
nHZsE7T7hwI_13_23.mp4,real,MSVD,0.49265658111608196
ACOmKiJDkA4_75_81.mp4,real,MSVD,0.17733105721685896
ApYvvQK7bBc_6_32.mp4,real,MSVD,0.8224187661878974
WpB4-eLyiBc_10_20.mp4,real,MSVD,0.2852013185778196
q6vz80UkVtw_0_7.mp4,real,MSVD,0.02450259006357429
GnwKcpfr_ng_10_20.mp4,real,MSVD,0.22668942783141038
3mbBbFH9fAg_21_29.mp4,real,MSVD,0.04963797975041205
IhwPQL9dFYc_171_175.mp4,real,MSVD,0.2820226041911938
IpHJffM3G1c_439_446.mp4,real,MSVD,0.14430774664469037
elQqQfux7Po_12_22.mp4,real,MSVD,0.019234165293148104
yYA7YXIKbg4_9_14.mp4,real,MSVD,0.07337532375794678
R0e8ojL0vcc_8_14.mp4,real,MSVD,0.16517541794207677
p69d3UBdpR8_98_109.mp4,real,MSVD,0.8285995997174476
X7sQq-Iu1gQ_12_22.mp4,real,MSVD,0.5177772545326113
71soiLO6I9U_15_24.mp4,real,MSVD,0.058688485990110666
yyxtyCaEVqk_250_264.mp4,real,MSVD,0.6107252178008005
X_NLV2KCnIE_60_70.mp4,real,MSVD,0.05564221803626089
bruzcOyIGeg_4_12.mp4,real,MSVD,0.6113727336943725
otvx5OZHTJc_1_22.mp4,real,MSVD,0.35547150930068283
o4pL7FObqds_137_147.mp4,real,MSVD,0.5071079585589828
0lh_UWF9ZP4_50_60.mp4,real,MSVD,0.26141982575935957
5K7Ru5s6YIw_8_11.mp4,real,MSVD,0.030227219213562515
JsmHZlUgf1w_0_21.mp4,real,MSVD,0.022368730868848597
YEmS8ZQIhTA_7_20.mp4,real,MSVD,0.22025841770661644
FCjpuJaUec0_19_26.mp4,real,MSVD,0.16226159642100307
ybVb3t560oY_0_9.mp4,real,MSVD,0.6893983988697905
YmXCfQm0_CA_277_284.mp4,real,MSVD,0.13394749234753944
Zqmx-nXhLAg_0_10.mp4,real,MSVD,0.1500323757946786
Ted3imMggC0_48_58.mp4,real,MSVD,0.7610666352719566
CwPfvoqmV1Q_58_61.mp4,real,MSVD,0.2272486461031316
UXs3eq68ZjE_194_200.mp4,real,MSVD,0.12806098422415824
BApIQn69EVE_10_16.mp4,real,MSVD,0.043560160113020954
_1vy2HIN60A_32_40.mp4,real,MSVD,0.733561926065458
SzEbtbNSg04_111_117.mp4,real,MSVD,0.3084235931245585
YZ0-6hdQ0mU_0_3.mp4,real,MSVD,0.17660995997174478
0lh_UWF9ZP4_157_160.mp4,real,MSVD,0.33361784789263005
m1NR0uNNs5Y_73_78.mp4,real,MSVD,0.6012037909112314
ibSwITK4jjQ_14_24.mp4,real,MSVD,0.05779079350129503
xTd_IdIcB4s_2_10.mp4,real,MSVD,0.2220538026842477
77iDIp40m9E_3_9.mp4,real,MSVD,0.2530757004944667
1dfR0A_BXjw_441_448.mp4,real,MSVD,0.03433305862962091
JAFGw0WRHHU_108_116.mp4,real,MSVD,0.052787261596421
2FLsMPsywRc_45_63.mp4,real,MSVD,0.05985107134447845
4Hhdr1IPOGs_90_98.mp4,real,MSVD,0.20155403814457265
r0rmrbTb7fU_98_109.mp4,real,MSVD,0.16201141982575937
WPG-BIWOrG4_130_134.mp4,real,MSVD,0.2087061455144808
BVjvRpmHg0w_157_165.mp4,real,MSVD,0.06182305156581116
yfMTsYcLt10_0_7.mp4,real,MSVD,0.511596421003061
KUc1cWKXjDc_20_30.mp4,real,MSVD,0.0464298328231693
sBjr8UJOpsQ_181_195.mp4,real,MSVD,0.07025547445255474
ge7OOILJA6U_20_25.mp4,real,MSVD,0.43031846008947494
nau1vCzyFQ4_37_54.mp4,real,MSVD,0.33894513774429014
93n_oYVCLpk_9_12.mp4,real,MSVD,0.06388332940899458
-FugkxLmGO4_5_16.mp4,real,MSVD,0.14065811160819403
CquJjlNuotg_147_155.mp4,real,MSVD,0.5674888156345655
9HTUcMjWB3g_143_151.mp4,real,MSVD,0.22293677890275487
ArEWo8pERFc_17_21.mp4,real,MSVD,0.2300447374617377
X6uJyuD_Zso_3_17.mp4,real,MSVD,0.15268130445020014
u9prcUCHlqM_503_511.mp4,real,MSVD,0.2742818460089475
5U3xz9Ovmhk_9_15.mp4,real,MSVD,0.4681098422415823
4D1o4FC8YbA_207_216.mp4,real,MSVD,0.3105868848599011
V--abChiVVc_30_40.mp4,real,MSVD,0.1740934777489993
0lh_UWF9ZP4_79_82.mp4,real,MSVD,0.3419178243465976
-wa0umYJVGg_100_115.mp4,real,MSVD,0.2524134683305863
-_hbPLsZvvo_269_275.mp4,real,MSVD,0.15235754650341415
Je3V7U5Ctj4_558_563.mp4,real,MSVD,0.3250824111137273
VahnQw2gTQY_315_320.mp4,real,MSVD,0.40811160819401926
lR8RrUBhCQg_5_15.mp4,real,MSVD,0.06538438898045679
lFdg5CWMTt0_24_28.mp4,real,MSVD,0.3922327525311985
kWLNZzuo3do_56_62.mp4,real,MSVD,0.4022986814221804
VuCFgiWfVF4_0_6.mp4,real,MSVD,0.29036672945608666
-Cv5LsqKUXc_17_25.mp4,real,MSVD,0.6638362373440075
xxHx6s_DbUo_121_128.mp4,real,MSVD,0.08466270308453025
INDhUwDMg-4_220_227.mp4,real,MSVD,0.22331940193077465
iarsmqA3dck_19_25.mp4,real,MSVD,0.05465622792559453
nPj6EcVGoUY_7_15.mp4,real,MSVD,0.01299446668236402
5W02895vT8c_312_322.mp4,real,MSVD,0.03871850718153991
98Alrg4pFXs_148_153.mp4,real,MSVD,0.8180480339062868
ZbtpcGi2DWY_161_170.mp4,real,MSVD,0.03002119142924417
TZ860P4iTaM_10_24.mp4,real,MSVD,0.11981987285142454
BAf3LXFUaGs_28_38.mp4,real,MSVD,0.3467447610077702
i3cHNObcEh8_0_10.mp4,real,MSVD,0.013112196844831645
FWzsXeXCwuc_111_116.mp4,real,MSVD,0.17219507887920885
K-KVz3eqbnA_1_10.mp4,real,MSVD,0.3983400047092065
3doK4FQM5-k_46_57.mp4,real,MSVD,0.7049976453967506
9WpJxn-2h1o_122_150.mp4,real,MSVD,0.12101189074640924
ItFqogTmAvQ_48_52.mp4,real,MSVD,0.4920826465740522
-_hbPLsZvvo_211_219.mp4,real,MSVD,0.4825170708735578
UI3Cbj9fbxQ_2_23.mp4,real,MSVD,0.04678302331057217
FA3OfhJK0mI_195_203.mp4,real,MSVD,0.23651989639745702
o2X6UCaNqKA_27_36.mp4,real,MSVD,0.3655521544619732
BtQEY2SL4g4_11_16.mp4,real,MSVD,0.36222627737226276
sFExO_PW22s_10_18.mp4,real,MSVD,0.012111490463856841
KqKUXRHHkCc_101_105.mp4,real,MSVD,0.38165175417942077
yvfhk1kwKls_103_113.mp4,real,MSVD,0.3286731810689899
ok4cM6WTA5E_142_150.mp4,real,MSVD,0.22512950317871439
dEn5E-TNezw_13_23.mp4,real,MSVD,0.019469625618083353
oDcd2JbOyzg_85_98.mp4,real,MSVD,0.1946815399105251
veE0E79dEEc_18_45.mp4,real,MSVD,0.3362814928184601
yBK02O1Oewc_20_35.mp4,real,MSVD,0.5359371320932423
TwQzFqBqgeA_0_10.mp4,real,MSVD,0.015010595714622087
mHv4iJ9Yr1g_10_16.mp4,real,MSVD,0.031536967271014835
fkONJEgTNJY_25_35.mp4,real,MSVD,0.09104956439839887
rw9h_574HxE_13_18.mp4,real,MSVD,0.09826053684954085
r2PM0om2El8_18_25.mp4,real,MSVD,0.18601365669884626
UXs3eq68ZjE_313_318.mp4,real,MSVD,0.08429479632681894
iEW-EkPQywU_61_83.mp4,real,MSVD,0.3511007770190723
PeUHy0A1GF0_51_55.mp4,real,MSVD,0.4236225570991288
8yuPGwxwdPs_1_10.mp4,real,MSVD,0.4730545090652225
shPymuahrsc_5_12.mp4,real,MSVD,0.0362167412291029
EjAoBKagWQA_132_145.mp4,real,MSVD,0.17303390628679066
IhwPQL9dFYc_124_129.mp4,real,MSVD,0.18813279962326349
0hyZ__3YhZc_418_424.mp4,real,MSVD,0.39174711561101955
kWLNZzuo3do_31_37.mp4,real,MSVD,0.6862638332940899
-wa0umYJVGg_23_41.mp4,real,MSVD,0.2540322580645161
l5JJ2n2ggiQ_319_327.mp4,real,MSVD,0.07733400047092065
akXjIEoecNs_2_12.mp4,real,MSVD,0.11618495408523664
xxHx6s_DbUo_173_177.mp4,real,MSVD,0.5011184365434425
SaOqf2d-y30_22_27.mp4,real,MSVD,0.0768483635507417
zFIn8DeV5PM_20_33.mp4,real,MSVD,0.18614610313162233
6ZhKOK08tgM_45_49.mp4,real,MSVD,0.3853749705674594
MHWxjWwAbwM_10_25.mp4,real,MSVD,0.0435454438427125
OUII8_aOfNM_26_55.mp4,real,MSVD,0.1228367082646574
953PkxFNiko_82_85.mp4,real,MSVD,0.1177301624676242
sRKQfxxEP4M_117_125.mp4,real,MSVD,0.47181834235931247
ok4cM6WTA5E_120_133.mp4,real,MSVD,0.1850570991287968
6t0BpjwYKco_179_183.mp4,real,MSVD,0.109959971744761
5JLi7L1Kwp8_23_30.mp4,real,MSVD,0.011566988462444078
a0g7wtBkS98_34_42.mp4,real,MSVD,0.13103367082646572
vZa13vJugGU_0_30.mp4,real,MSVD,0.33036555215446195
kKGehSw5ht8_39_45.mp4,real,MSVD,0.016908994584412525
Hd-NeIhbYGc_43_48.mp4,real,MSVD,0.2029815163644926
io2dbV-Qbus_215_247.mp4,real,MSVD,0.38450671061926067
tIMDKdMnNYM_266_273.mp4,real,MSVD,0.5011920178949847
wLUH7qA_6sA_90_115.mp4,real,MSVD,0.10205733458912172
bQJQGoJF7_k_162_169.mp4,real,MSVD,0.3105868848599011
Je3V7U5Ctj4_504_511.mp4,real,MSVD,0.4838709677419355
EwTZ2xpQwpA_14_21.mp4,real,MSVD,0.389421944902284
2YhDTpzxd3c_240_245.mp4,real,MSVD,0.7232458205792324
klteYv1Uv9A_27_33.mp4,real,MSVD,0.09491994348952201
4_WZN7uW0NY_140_145.mp4,real,MSVD,0.9115846479868142
Lyp7MiaCXNE_114_120.mp4,real,MSVD,0.006092535907699552
pUPKsHTDZTo_70_85.mp4,real,MSVD,0.14838415352013185
kWLNZzuo3do_154_165.mp4,real,MSVD,0.5023398869790441
WPG-BIWOrG4_608_613.mp4,real,MSVD,0.47021426889569107
08pVpBq706k_175_212.mp4,real,MSVD,0.2111196138450671
QsvBYKaCXEc_5_15.mp4,real,MSVD,0.18190781728278785
GcfWD62sbcs_13_33.mp4,real,MSVD,0.12510301389215917
JK1R9k1WDpc_6_15.mp4,real,MSVD,0.014098186955497999
ejgwQqCHN1E_7_12.mp4,real,MSVD,0.07724570284906992
rw9h_574HxE_70_74.mp4,real,MSVD,0.1976542265128326
UbmZAe5u5FI_60_70.mp4,real,MSVD,0.23994878737932657
TjLCJKoot4U_43_65.mp4,real,MSVD,0.015878855662820816
HYbEf-JKZnA_13_26.mp4,real,MSVD,0.38472745467388747
1dA1RQgPN3c_72_82.mp4,real,MSVD,0.6654991758888628
Ayh26v6Nies_17_22.mp4,real,MSVD,0.04214739816340946
Y4gaJn0wlDE_0_10.mp4,real,MSVD,0.04938780315516835
Z3XarHZ3HpY_10_17.mp4,real,MSVD,0.017173887449964682
kWLNZzuo3do_25_32.mp4,real,MSVD,0.6678832116788321
mmSQTI6gMNQ_15_21.mp4,real,MSVD,0.15622792559453733
c53HKs39i28_26_35.mp4,real,MSVD,0.38246114904638573
pRpeEdMmmQ0_65_70.mp4,real,MSVD,0.20542441723569577
Z19zFlPah-o_6_11.mp4,real,MSVD,0.005636331528137509
fMFvOgb4k6E_35_43.mp4,real,MSVD,0.7507063809748058
6pcqRuFEMLs_46_52.mp4,real,MSVD,0.07649517306333883
YmXCfQm0_CA_50_57.mp4,real,MSVD,0.7507652460560396
EXyp0Q7L1zE_30_38.mp4,real,MSVD,0.0381887214504356
q3I3R_gqy8M_38_42.mp4,real,MSVD,0.16605839416058393
N6SglZopfmk_97_111.mp4,real,MSVD,0.5339504356016012
Je3V7U5Ctj4_634_639.mp4,real,MSVD,0.07325759359547916
ItFqogTmAvQ_389_395.mp4,real,MSVD,0.024429008712032022
2YhDTpzxd3c_115_120.mp4,real,MSVD,0.07642159171179656
zS50h-a8RTg_3_9.mp4,real,MSVD,0.5806157287497057
30GeJHYoerk_121_126.mp4,real,MSVD,0.1114021662349894
_yUiusXxfWI_150_165.mp4,real,MSVD,0.14941429244172358
LQ-jv8g1YVI_1_6.mp4,real,MSVD,0.2503679067577113
FvfjDQj5sOY_1_10.mp4,real,MSVD,0.1830115375559218
AzMrltkXGJk_0_10.mp4,real,MSVD,0.6139922298092771
BnJUWwSx1kE_11_22.mp4,real,MSVD,0.012920885330821755
zSPBC8EO6dY_97_110.mp4,real,MSVD,0.045738168118672
6mYnZbIwcNo_10_16.mp4,real,MSVD,0.0590858252884389
0lh_UWF9ZP4_165_170.mp4,real,MSVD,0.30408229338356485
ACOmKiJDkA4_67_74.mp4,real,MSVD,0.17956793030374382
K-czl524zxk_6_15.mp4,real,MSVD,0.445329055804097
0GXq1An3yHI_22_35.mp4,real,MSVD,0.32455262538262303
229NvV0SRHw_0_5.mp4,real,MSVD,0.689678008005651
bXsKw3TOQXs_30_55.mp4,real,MSVD,0.7731045443842712
BLXzfdNmydQ_151_156.mp4,real,MSVD,0.1902225100070638
nULE40HEWpA_5_11.mp4,real,MSVD,0.02207440546267954
kquB3rIgfGk_197_202.mp4,real,MSVD,0.3237579467859666
4cgzdXlJksU_83_90.mp4,real,MSVD,0.6550064751589357
0hyZ__3YhZc_562_568.mp4,real,MSVD,0.04681245585118908
e996zZ0uV_A_68_72.mp4,real,MSVD,0.5829997645396752
ZN2_czSBSD0_240_250.mp4,real,MSVD,0.010168942783141042
lcu-DwrnYY8_2_5.mp4,real,MSVD,0.5909171179656227
WZTGqvbqOFE_28_34.mp4,real,MSVD,0.18817694843418883
KPPCwmU5OHQ_467_472.mp4,real,MSVD,0.112623616670591
SzEbtbNSg04_88_93.mp4,real,MSVD,0.49657110901813045
qNjeEx92rTA_281_299.mp4,real,MSVD,0.33164586767129733
Aa7yf9XtcJM_45_50.mp4,real,MSVD,0.1857193312926772
zkTn5Ef1Oig_71_75.mp4,real,MSVD,0.05517129738639039
WTf5EgVY5uU_16_24.mp4,real,MSVD,0.2919855191900165
UbmZAe5u5FI_26_33.mp4,real,MSVD,0.34711266776548155
k06Ge9ANKM8_5_16.mp4,real,MSVD,0.3016099599717448
MY-rGamtAJc_6_22.mp4,real,MSVD,0.03384742170944196
hReROJQpSow_24_30.mp4,real,MSVD,0.2710442665410878
ficwZQYmRLE_5_20.mp4,real,MSVD,0.046680009418413
lfGlDg47How_361_367.mp4,real,MSVD,0.4746880150694608
K1ZM0LSLVw8_481_487.mp4,real,MSVD,0.6734165293148104
1_6V30igzIk_5_15.mp4,real,MSVD,0.07262479397221568
30GeJHYoerk_80_85.mp4,real,MSVD,0.20418825052978573
idRc_KkInds_0_6.mp4,real,MSVD,0.00875618083352955
UbmZAe5u5FI_111_115.mp4,real,MSVD,0.12639804567930304
AjZ-R3LFMzo_24_38.mp4,real,MSVD,0.3108812102660702
QTAqjSbMkXU_65_75.mp4,real,MSVD,0.20120084765716978
B-Lsf7ZKf5c_10_25.mp4,real,MSVD,0.8284082882034377
sJC7E06IBXI_49_59.mp4,real,MSVD,0.07795208382387568
nohvigNMsbo_199_207.mp4,real,MSVD,0.3414321874264187
FH8vgAp4VDU_10_14.mp4,real,MSVD,0.09715681657640687
n_Z0-giaspE_379_387.mp4,real,MSVD,0.6043530727572404
ecm9gf2Pgkc_1_24.mp4,real,MSVD,0.1082087355780551
q7pOFn8s4zc_263_273.mp4,real,MSVD,0.04147044972922063
pzq5fPfsPZg_29_33.mp4,real,MSVD,0.5177036731810689
ok4cM6WTA5E_178_184.mp4,real,MSVD,0.230736402166235
j2sOMdilDWU_87_97.mp4,real,MSVD,0.5051801271485755
xXlWsBhFvis_6_10.mp4,real,MSVD,0.5846479868142218
QVSt5USMkMg_43_50.mp4,real,MSVD,0.1878531904874029
27hs9W89FuI_0_10.mp4,real,MSVD,0.06719449022839652
qvg9eM4Hmzk_4_10.mp4,real,MSVD,0.018351189074640922
BGG0uYWZBdw_6_12.mp4,real,MSVD,0.5530963032728985
2L4oELbX8Ms_1_12.mp4,real,MSVD,0.28403873322345186
WyIqGyj21Dk_0_10.mp4,real,MSVD,0.10600129503178715
N2Cm0SLr0ZE_18_29.mp4,real,MSVD,0.31924005180127146
tHLiYTS9Iz8_1_16.mp4,real,MSVD,0.9023133976924889
tYh4iDFgmEE_50_54.mp4,real,MSVD,0.5717123852130916
nq4hG6qgyPs_370_377.mp4,real,MSVD,0.1317400518012715
pzq5fPfsPZg_145_160.mp4,real,MSVD,0.5041058394160584
s80J2dAUUyI_33_43.mp4,real,MSVD,0.24062573581351543
L9wD3kw-8FE_65_73.mp4,real,MSVD,0.18148104544384272
HV12kTtdTT4_5_14.mp4,real,MSVD,0.10001177301624675
2Nn2CAeaI5k_72_77.mp4,real,MSVD,0.44482870261360963
F3pmw2ga244_59_65.mp4,real,MSVD,0.0513156345655757
YXixZrSxefk_6_15.mp4,real,MSVD,0.6151548151636449
z8dcUzdi2bw_3_16.mp4,real,MSVD,0.5391011302095596
5l6acVf12S4_7_13.mp4,real,MSVD,0.07405227219213562
WrsS6X-FB-I_30_47.mp4,real,MSVD,0.2442312220390864
5-8z5U-o4O4_0_3.mp4,real,MSVD,0.18236402166234988
R1UrFBF_0iU_35_41.mp4,real,MSVD,0.5950523899222981
4PcL6-mjRNk_11_18.mp4,real,MSVD,0.07862903225806452
ecVwxlXc1PQ_0_12.mp4,real,MSVD,0.2323993407110902
fjDvKHkmxs0_72_87.mp4,real,MSVD,0.1471479868142218
jCplbayVbtw_10_20.mp4,real,MSVD,0.028946903696727103
1qU-kF-km1Q_6_16.mp4,real,MSVD,0.02982987991523428
MW21lp833Vo_8_16.mp4,real,MSVD,0.5498587238050389
p6T3XrnYtFk_4_13.mp4,real,MSVD,0.1616876618789734
eyhzdC936uk_15_27.mp4,real,MSVD,0.16811867200376737
Ce7equ9zCxk_4_19.mp4,real,MSVD,0.017688956910760535
gqxpGOHUH9k_113_119.mp4,real,MSVD,0.19343065693430656
G6w6kO8UPyg_31_41.mp4,real,MSVD,0.017335766423357664
c51L6ZxZGjQ_137_154.mp4,real,MSVD,0.28836531669413706
a-cek0mvXxE_15_25.mp4,real,MSVD,0.5556863668471863
MICawzo1MqI_3_13.mp4,real,MSVD,0.40310807628914525
dP15zlyra3c_0_10.mp4,real,MSVD,0.004105839416058394
j7xz1nos-xc_10_20.mp4,real,MSVD,0.10804685660466212
o_mWZWcm2r4_47_54.mp4,real,MSVD,0.5461502236873087
hNPZmTlY_3Q_0_8.mp4,real,MSVD,0.7160054155874735
KPPCwmU5OHQ_480_486.mp4,real,MSVD,0.09667117965622792
zfQOH4UGU_I_1_10.mp4,real,MSVD,0.05108017424064045
bxDlC7YV5is_0_12.mp4,real,MSVD,0.1980221332705439
w28TljSqtW8_64_75.mp4,real,MSVD,0.7015393218742643
NoCgvH4xZHo_240_251.mp4,real,MSVD,0.07455262538262303
AX38yo7Wuws_81_91.mp4,real,MSVD,0.6804361902519426
aA05I5QaZnM_66_75.mp4,real,MSVD,0.7508535436778903
Okg8QYhdtvU_48_53.mp4,real,MSVD,0.8097333411820109
ACOmKiJDkA4_161_170.mp4,real,MSVD,0.2082940899458441
lGk1MA6YP-M_36_48.mp4,real,MSVD,0.13795031787143866
FeTaKOPVaJg_15_25.mp4,real,MSVD,0.5920355545090652
QGJy1K91gP4_90_100.mp4,real,MSVD,0.13820049446668237
q8t7iSGAKik_11_31.mp4,real,MSVD,0.7350629856369202
77iDIp40m9E_126_131.mp4,real,MSVD,0.38842123852130916
HVR7KpItLfA_62_70.mp4,real,MSVD,0.2490875912408759
W8l_ezoU8Lc_55_70.mp4,real,MSVD,0.16411584647986815
ZdlG8fjGJlo_78_87.mp4,real,MSVD,0.30066811867200377
-uT_1VDvXok_8_15.mp4,real,MSVD,0.0831469272427596
ViWQUOGIaSU_9_16.mp4,real,MSVD,0.06382446432776077
7ZE2OzguWHo_28_38.mp4,real,MSVD,0.9076112550035319
_txL575S_OA_13_23.mp4,real,MSVD,0.01979338356486932
R8FDJgVW3Vc_0_4.mp4,real,MSVD,0.5085648693195196
dmyz_f8Sx14_56_66.mp4,real,MSVD,0.6868672003767365
e-sf-hyrkTs_20_35.mp4,real,MSVD,0.3043324699788086
1pw5ZdRhiig_50_59.mp4,real,MSVD,0.26926359783376497
8PQiaurIiDM_94_99.mp4,real,MSVD,0.33910701671768306
xxHx6s_DbUo_182_186.mp4,real,MSVD,0.7212149752766659
NV6pq1W-I4g_7_16.mp4,real,MSVD,0.05782022604191194
klFyrnrUSck_79_85.mp4,real,MSVD,0.4411790675771132
Sg5rTYrkpnU_35_48.mp4,real,MSVD,0.06909288909818695
TdYN7cePiRI_6_13.mp4,real,MSVD,0.26826289145279025
E6sqA9QtV5I_195_201.mp4,real,MSVD,0.17409347774899928
4UOVKok7j1U_1_8.mp4,real,MSVD,0.30032964445490934
u4T76jsPin0_0_11.mp4,real,MSVD,0.6604662114433718
qOiN__I1-Zo_2_8.mp4,real,MSVD,0.016452790204850482
Z10_CDPQKKs_1_6.mp4,real,MSVD,0.8083500117730162
xOQn1z_oWDY_30_39.mp4,real,MSVD,0.2470567459383094
-mAoVOhKy0c_4_9.mp4,real,MSVD,0.09798092771368025
nq4hG6qgyPs_240_251.mp4,real,MSVD,0.6497380503885095
F1BwUJ4--Qw_21_38.mp4,real,MSVD,0.4754826936661173
hPyU5KjpWVc_0_35.mp4,real,MSVD,0.031169060513303506
ywHBKayhyvQ_19_28.mp4,real,MSVD,0.039866376265599246
jjl2ZMdFCsw_130_142.mp4,real,MSVD,0.8778108076289145
Je3V7U5Ctj4_997_1004.mp4,real,MSVD,0.28639333647280435
p7IAuvd87hQ_12_19.mp4,real,MSVD,0.09419884624440782
iwpnUHFhjWc_84_94.mp4,real,MSVD,0.24757181539910525
WTf5EgVY5uU_121_135.mp4,real,MSVD,0.2062338121026607
CulG2SMC7DU_14_25.mp4,real,MSVD,0.12020249587944432
0vmoZEaN_-o_4_12.mp4,real,MSVD,0.09478749705674594
9W6aQNcU3PA_92_103.mp4,real,MSVD,0.5675918295267248
fr9H1WLcF1A_141_148.mp4,real,MSVD,0.1731516364492583
zTn-nNj5Bng_8_19.mp4,real,MSVD,0.23607840828820342
57C93mpt6Xo_358_368.mp4,real,MSVD,0.7115905344949376
zbAk0gX7kas_16_24.mp4,real,MSVD,0.010065928890981868
ptHkvYrH9fY_2_10.mp4,real,MSVD,0.07306628208146929
edqyq4Q-7uU_103_109.mp4,real,MSVD,0.5641040734636213
4t5POXt2e68_5_11.mp4,real,MSVD,0.7970773487167413
-wa0umYJVGg_168_176.mp4,real,MSVD,0.28250824111137274
ObBss94n3gI_35_46.mp4,real,MSVD,0.10711973157522957
DIebwNHGjm8_27_38.mp4,real,MSVD,0.4634300682834942
hJFBXHtxKIc_298_303.mp4,real,MSVD,0.3596214975276666
0lh_UWF9ZP4_21_26.mp4,real,MSVD,0.2745025900635743
p6cg2jWI34M_34_42.mp4,real,MSVD,0.01668825052978573
cWOPC2kt_IA_8_16.mp4,real,MSVD,0.01877796091358606
2mUMTFnQWaw_1_9.mp4,real,MSVD,0.3470538026842477
e-j59PqJjSM_50_98.mp4,real,MSVD,0.46073699081704733
o4pL7FObqds_243_263.mp4,real,MSVD,0.13109253590769954
VZ6H73nH7xs_27_33.mp4,real,MSVD,0.20012655992465272
klFyrnrUSck_87_100.mp4,real,MSVD,0.18395337885566282
aM-RcQj0a7I_37_55.mp4,real,MSVD,0.1889421944902284
gIvetX_oXeI_85_90.mp4,real,MSVD,0.8138833294089945
e-j59PqJjSM_264_277.mp4,real,MSVD,0.6858076289145278
IhwPQL9dFYc_143_147.mp4,real,MSVD,0.28256710619260655
KFt5Zz5Mwlo_12_30.mp4,real,MSVD,0.35192488815634565
mfJjIOfj6D8_3_10.mp4,real,MSVD,0.008152813750882976
-_hbPLsZvvo_19_25.mp4,real,MSVD,0.6285024723334118
MJoxGpEswOI_9_16.mp4,real,MSVD,0.5692547680715799
Je3V7U5Ctj4_768_773.mp4,real,MSVD,0.2591093713209324
po2tcrG6KzM_2_8.mp4,real,MSVD,0.2017894984695079
n_Z0-giaspE_62_78.mp4,real,MSVD,0.3889657405227219
cwkjJrGpoaU_30_41.mp4,real,MSVD,0.5523310572168589
25NmudB2fqg_0_7.mp4,real,MSVD,0.21687367553567224
z2kUc8wp9l8_40_46.mp4,real,MSVD,0.2868348245820579
eKtsMfmQ_0s_61_68.mp4,real,MSVD,0.49131740051801276
88DOMJ11q2M_84_87.mp4,real,MSVD,0.04665057687779609
uO7Eysrs8_k_106_114.mp4,real,MSVD,0.4917883211678832
UbmZAe5u5FI_36_40.mp4,real,MSVD,0.38521309159406636
lAznAeFFldg_6_10.mp4,real,MSVD,0.28015363786202024
jTnrm338_KY_34_42.mp4,real,MSVD,0.26399517306333886
jI58q6rcNLc_8_18.mp4,real,MSVD,0.19434306569343066
PeUHy0A1GF0_99_103.mp4,real,MSVD,0.25598952201554037
9IrWyZ0KZuk_160_166.mp4,real,MSVD,0.18679361902519426
6Q3ltyPJJMQ_67_72.mp4,real,MSVD,0.4272133270543913
yyxtyCaEVqk_329_360.mp4,real,MSVD,0.47615964210030615
6njscWrdnM0_8_18.mp4,real,MSVD,0.4552625382623028
xxHx6s_DbUo_57_61.mp4,real,MSVD,0.20242229809277135
kRNHJSc4AXE_220_228.mp4,real,MSVD,0.13247586531669414
gHyXstpe_N8_140_150.mp4,real,MSVD,0.22309865787614788
5PpPOGU_0aA_65_75.mp4,real,MSVD,0.1412320461502237
gnEE6oWoz7U_124_132.mp4,real,MSVD,0.2668206969625618
DuMkW35BwK8_43_47.mp4,real,MSVD,0.7989463150459147
MoqC84sXu88_47_59.mp4,real,MSVD,0.5001913115140099
qeKX-N1nKiM_68_72.mp4,real,MSVD,0.21659406639981163
qeKX-N1nKiM_74_77.mp4,real,MSVD,0.44319519660937134
CjvMNwpAFWM_56_66.mp4,real,MSVD,0.07219802213327055
MWvCcwTw7Ac_78_86.mp4,real,MSVD,0.20296680009418414
EPXsiQw9vvo_1_12.mp4,real,MSVD,0.3090711090181304
D1tTBncIsm8_841_848.mp4,real,MSVD,0.09319813986343302
g36ho6UrBz0_5_20.mp4,real,MSVD,0.5629267718389451
k8l4ETsylVY_9_18.mp4,real,MSVD,0.47766070167176833
J3_hkgu6MGc_43_52.mp4,real,MSVD,0.1294148810925359
uB9zRlV47qA_17_23.mp4,real,MSVD,0.1123440075347304
P2WM91LENgk_40_50.mp4,real,MSVD,0.5579232399340711
9Bxknsvy3jQ_53_58.mp4,real,MSVD,0.09952613609606781
SrDE9-cDz48_4_12.mp4,real,MSVD,0.005047680715799388
bb6V0Grtub4_174_185.mp4,real,MSVD,0.8190634565575701
mv89psg6zh4_33_46.mp4,real,MSVD,0.20502707793736755
NjCqtzZ3OtU_62_67.mp4,real,MSVD,0.4781904874028726
O_Pst-uryQI_1_14.mp4,real,MSVD,0.0415734636213798
1dfR0A_BXjw_545_560.mp4,real,MSVD,0.044869908170473274
sBjr8UJOpsQ_149_169.mp4,real,MSVD,0.1099011066635272
9LOJmQQktHA_10_18.mp4,real,MSVD,0.32056451612903225
4ikH9ZRcF2Q_89_105.mp4,real,MSVD,0.11328584883447139
aeA-HN7BMdo_34_41.mp4,real,MSVD,0.16021603484812807
-rkErLY0rRc_26_35.mp4,real,MSVD,0.04988815634565576
Je3V7U5Ctj4_569_576.mp4,real,MSVD,0.14742759595008242
pfQPRXcihkI_160_184.mp4,real,MSVD,0.3464357193312927
zlS1_zBYluY_15_21.mp4,real,MSVD,0.010860607487638334
JnNe61UZsdM_78_88.mp4,real,MSVD,0.569225335530963
kWLNZzuo3do_192_196.mp4,real,MSVD,0.6246320932422886
LjimLwAhAOQ_5_15.mp4,real,MSVD,0.1834530256651754
WTf5EgVY5uU_18_23.mp4,real,MSVD,0.2983723805038851
hJuqBDw_TT4_14_25.mp4,real,MSVD,0.5403372969154698
OE6H_M52Sng_89_97.mp4,real,MSVD,0.7004650341417471
gCra4qOrjFw_1_17.mp4,real,MSVD,0.3360018836825995
cs33MNhpRNw_16_21.mp4,real,MSVD,0.37423475394396044
05gNigkqfNU_24_32.mp4,real,MSVD,0.2619348952201554
ACOmKiJDkA4_57_65.mp4,real,MSVD,0.2552389922298093
GnwKcpfr_ng_47_57.mp4,real,MSVD,0.21618201083117494
KPPCwmU5OHQ_258_266.mp4,real,MSVD,0.09999705674593831
X98fLZHIzWQ_15_20.mp4,real,MSVD,0.26785083588415354
2F9jX7u5nOg_114_130.mp4,real,MSVD,0.20470331999058158
88DOMJ11q2M_34_43.mp4,real,MSVD,0.03084530256651754
giLxPCgLLqg_9_19.mp4,real,MSVD,0.1873528372969155
zkTn5Ef1Oig_70_75.mp4,real,MSVD,0.05517129738639039
-DRy7rBg0IQ_31_37.mp4,real,MSVD,0.28874793972215684
hksxtbcS780_7_14.mp4,real,MSVD,0.005077113256416294
bxjFqtfJlMs_18_27.mp4,real,MSVD,0.04616493995761714
_SNE2MYAotU_41_49.mp4,real,MSVD,0.007902637155639275
ysTmUTQ5wZE_17_45.mp4,real,MSVD,0.006519307746644691
pNelR-nHz7g_68_90.mp4,real,MSVD,0.38943666117259246
4MjTb5A68VA_111_118.mp4,real,MSVD,0.1854397221568166
zSPBC8EO6dY_122_126.mp4,real,MSVD,0.022972097951495175
FeTaKOPVaJg_60_70.mp4,real,MSVD,0.6400694607958559
RieF9wrFd8s_1_8.mp4,real,MSVD,0.2059542029668001
WTf5EgVY5uU_104_108.mp4,real,MSVD,0.40895043560160116
IhwPQL9dFYc_153_170.mp4,real,MSVD,0.053493642571226754
wzfkC2TjdeQ_0_31.mp4,real,MSVD,0.884712738403579
9zXqkHvs0po_59_65.mp4,real,MSVD,0.5702113256416294
0piwbTivpDg_10_40.mp4,real,MSVD,0.5044001648222275
q-a6NEotUX8_5_10.mp4,real,MSVD,0.244510831174947
hM3jzlyNIpc_0_10.mp4,real,MSVD,0.15843536614080528
GWQTAe64m-0_91_94.mp4,real,MSVD,0.448934542029668
Rm-RnxN4oHA_215_225.mp4,real,MSVD,0.13184306569343066
MqS82kBtUHQ_0_12.mp4,real,MSVD,0.07433188132799623
2xpIT0L4GqE_1_10.mp4,real,MSVD,0.6850276665881799
OIjsSu_I4So_6_10.mp4,real,MSVD,0.18080409700965389
qew09qQgMAg_22_27.mp4,real,MSVD,0.6037055568636684
1Dty_eGY9Ec_123_133.mp4,real,MSVD,0.5532287497056746
ITNh8tWZPOA_5_25.mp4,real,MSVD,0.27654815163644925
HDcIB1e9s5A_28_34.mp4,real,MSVD,0.029903461266776548
PugziVUikEg_117_140.mp4,real,MSVD,0.4709059336001884
nwk4m329bLw_2_10.mp4,real,MSVD,0.07283082175653402
HypgcCT1r68_38_46.mp4,real,MSVD,0.07771662349894043
YAud4eS3DoA_54_65.mp4,real,MSVD,0.44247409936425713
3ftaoFnhTyY_140_150.mp4,real,MSVD,0.23724099364257123
-_hbPLsZvvo_288_305.mp4,real,MSVD,0.4081116081940193
NoCgvH4xZHo_68_74.mp4,real,MSVD,0.23278196373910995
jlahRlo4jlU_30_36.mp4,real,MSVD,0.06338297621850719
ao-9B8IV9_E_37_44.mp4,real,MSVD,0.1253679067577113
Nd45qJn61Dw_0_10.mp4,real,MSVD,0.022044972922062634
JXSkYkiKO0I_42_46.mp4,real,MSVD,0.7681745938309394
mFCf8lLXrUc_25_35.mp4,real,MSVD,0.37195373204615023
ScdUht-pM6s_53_63.mp4,real,MSVD,0.5488433011537556
K2LxyytY3Dw_104_112.mp4,real,MSVD,0.8582676006592889
Y4BeJ-64294_20_30.mp4,real,MSVD,0.3311160819401931
tn1d5DmdMqY_15_28.mp4,real,MSVD,0.11210854720979516
qqYysi3qotc_148_195.mp4,real,MSVD,0.7326348010360255
D2FbgK_kkE8_121_151.mp4,real,MSVD,0.5026636449258299
bLqmf8x7rLI_2_8.mp4,real,MSVD,0.16742700729927007
QOmrchUPnBs_10_20.mp4,real,MSVD,0.40500647515893573
3opDcpPxllE_50_66.mp4,real,MSVD,0.142703673181069
_JorUS-8Nlg_63_73.mp4,real,MSVD,0.18171650576877796
rw9h_574HxE_161_166.mp4,real,MSVD,0.17824346597598306
zWVQImPY2Cc_27_44.mp4,real,MSVD,0.20783788556628208
uAaWVeaYLdQ_1_12.mp4,real,MSVD,0.7849511419825759
iuqVpMdb1NM_35_43.mp4,real,MSVD,0.6251765952437014
ZxqkAGNyo8A_12_22.mp4,real,MSVD,0.3402843183423593
ZdNP0dXCx2I_78_90.mp4,real,MSVD,0.05895337885566282
kWLNZzuo3do_24_31.mp4,real,MSVD,0.6560071815399106
KPPCwmU5OHQ_227_238.mp4,real,MSVD,0.13204909347774899
bK-i_FAcpoY_86_92.mp4,real,MSVD,0.029829879915234284
GEXqMH8I3_w_63_68.mp4,real,MSVD,0.04002825523899223
PiyoeFC31kE_9_27.mp4,real,MSVD,0.3923946315045915
e996zZ0uV_A_152_163.mp4,real,MSVD,0.2824493760301389
5dv8MSWlxoQ_10_40.mp4,real,MSVD,0.5653402401695314
5CS4nLI2ZX8_50_59.mp4,real,MSVD,0.07748116317400519
puineN1UMto_25_29.mp4,real,MSVD,0.041367435837061456
ulPvRmNfXK4_96_100.mp4,real,MSVD,0.5575406169060513
6vSKIUGGLvY_81_87.mp4,real,MSVD,0.390172474688015
4xVGpDmA4lE_23_33.mp4,real,MSVD,0.41474864610313167
kBMsuhDvg88_45_64.mp4,real,MSVD,0.5640157758417707
-wa0umYJVGg_117_123.mp4,real,MSVD,0.42790499175888863
SKhmFSV-XB0_12_18.mp4,real,MSVD,0.04400164822227455
GtrTNldo0LI_33_46.mp4,real,MSVD,0.36284436072521775
DBvSfds3FH4_76_80.mp4,real,MSVD,0.7839504356016012
L6dEUQ6WiHY_171_186.mp4,real,MSVD,0.7082793736755357
m1NR0uNNs5Y_192_198.mp4,real,MSVD,0.5151430421473981
_O9kWD8nuRU_16_23.mp4,real,MSVD,0.35950376736519896
u9E9HpuJQ7U_29_43.mp4,real,MSVD,0.1965505062396986
MrQd1zUVRUM_103_110.mp4,real,MSVD,0.055436190251942546
W20Btaww6zc_134_139.mp4,real,MSVD,0.40226924888156346
30GeJHYoerk_63_75.mp4,real,MSVD,0.8392100306098422
E61HNXjgyqA_22_32.mp4,real,MSVD,0.0697992700729927
8mSUD7JGNO0_198_204.mp4,real,MSVD,0.2323993407110902
Td29-SApubM_48_57.mp4,real,MSVD,0.1035731104308924
s1ZABV7AQdA_38_48.mp4,real,MSVD,0.21482811396279727
TZ860P4iTaM_15_28.mp4,real,MSVD,0.1363756769484342
JsD6uEZsIsU_1_47.mp4,real,MSVD,0.13924534965858254
ACOmKiJDkA4_23_30.mp4,real,MSVD,0.25042677183894513
UDwvax7K57c_28_35.mp4,real,MSVD,0.4387655992465269
otLEUwHao_E_140_151.mp4,real,MSVD,0.1969919943489522
gbUhorqLCzU_10_23.mp4,real,MSVD,0.07125618083352955
h0JvF9vpqx8_36_42.mp4,real,MSVD,0.2814486696491641
KPPCwmU5OHQ_424_430.mp4,real,MSVD,0.17980339062867906
d7Gs0uGFLh0_5_13.mp4,real,MSVD,0.36147574758653167
klFyrnrUSck_13_19.mp4,real,MSVD,0.4715093006828349
nlU3crMsbWI_19_23.mp4,real,MSVD,0.4784406639981163
4ge5_V-xhP0_35_42.mp4,real,MSVD,0.02048504826936661
SzEbtbNSg04_70_85.mp4,real,MSVD,0.609989404285378
kWLNZzuo3do_251_260.mp4,real,MSVD,0.6094449022839652
2LgrGHWSy6k_122_135.mp4,real,MSVD,0.25712267482929124
0lh_UWF9ZP4_191_197.mp4,real,MSVD,0.22203908641393927
0lh_UWF9ZP4_183_190.mp4,real,MSVD,0.5994378384742172
Ms3QdGIzltU_1_16.mp4,real,MSVD,0.02069107605368495
nc0fVlaTYEs_34_44.mp4,real,MSVD,0.8802242759595008
WTf5EgVY5uU_98_104.mp4,real,MSVD,0.31129326583470684
_WRC7HXBJpU_360_370.mp4,real,MSVD,0.14155580409700966
CHVhwcOg6y8_1_12.mp4,real,MSVD,0.5277990346126678
jjl2ZMdFCsw_17_35.mp4,real,MSVD,0.8426242053214033
ao-9B8IV9_E_108_119.mp4,real,MSVD,0.1646603484812809
6r5DmFa5ZR8_51_58.mp4,real,MSVD,0.10550094184129974
oG6LLGi_n48_51_55.mp4,real,MSVD,0.5874440781728278
fVWUaH2mCt4_1_7.mp4,real,MSVD,0.09550859430186014
Goj131_GxYs_2_7.mp4,real,MSVD,0.16733870967741937
emblM4a76jg_5_15.mp4,real,MSVD,0.19672710148340006
nBFhvrAOFqY_89_103.mp4,real,MSVD,0.0860607487638333
gXVaC3gBWbc_22_30.mp4,real,MSVD,0.47030256651754176
xaPepCVepCg_35_46.mp4,real,MSVD,0.03649635036496351
4s_0-zIWEog_1_15.mp4,real,MSVD,0.39348363550741694
u4kMN1jamdM_10_20.mp4,real,MSVD,0.2493377678361196
_O9kWD8nuRU_37_43.mp4,real,MSVD,0.41251177301624675
05gNigkqfNU_11_23.mp4,real,MSVD,0.33551624676242053
6ZhKOK08tgM_225_233.mp4,real,MSVD,0.10692842006121968
AE9UaQwum8c_0_10.mp4,real,MSVD,0.20845596891923712
LqPIBHAmt4E_22_30.mp4,real,MSVD,0.1692076760065929
nTUONeDqhdk_10_15.mp4,real,MSVD,0.6983458912173299
1QVn0FffExM_14_24.mp4,real,MSVD,0.032787850247233345
2YhDTpzxd3c_174_180.mp4,real,MSVD,0.5407493524841065
SzEbtbNSg04_71_93.mp4,real,MSVD,0.5614404285377914
-8y1Q0rA3n8_108_115.mp4,real,MSVD,0.7525164822227455
-vKO3uSG6Do_3_14.mp4,real,MSVD,0.353367082646574
VahnQw2gTQY_288_293.mp4,real,MSVD,0.3216829526724747
8MVo7fje_oE_113_118.mp4,real,MSVD,0.01002178008005651
hEOGZoYSvT4_82_86.mp4,real,MSVD,0.4539822227454674
dhxE9CNeVeY_0_12.mp4,real,MSVD,0.7510448551919002
gqSOvUH_njE_151_155.mp4,real,MSVD,0.2245261360960678
tPkZK-PzeQE_10_28.mp4,real,MSVD,0.3990758182246292
xEDCfcMZlZY_37_41.mp4,real,MSVD,0.7708088062161526
W_iR4YVCxUY_8_15.mp4,real,MSVD,0.019219449022839653
gbW9f8xydks_0_10.mp4,real,MSVD,0.024988226983753237
kWLNZzuo3do_167_181.mp4,real,MSVD,0.8919531433953379
dtn0PuxgfkM_0_5.mp4,real,MSVD,0.25937426418648457
PBHZtoygOYg_450_465.mp4,real,MSVD,0.1319607958558983
Xvy21KrDv8I_0_10.mp4,real,MSVD,0.0452378149281846
0lh_UWF9ZP4_94_103.mp4,real,MSVD,0.5353779138215211
sJSmRik2c-c_1_7.mp4,real,MSVD,0.04944666823640217
uJPupV4oLZ0_4_12.mp4,real,MSVD,0.035819401930774666
IhwPQL9dFYc_130_136.mp4,real,MSVD,0.3175182481751825
t8Nf1MK7lts_0_10.mp4,real,MSVD,0.26696785966564635
zHy7pM0U49w_103_109.mp4,real,MSVD,0.3173563692017895
iyAoiWeD53k_120_127.mp4,real,MSVD,0.2500588650812338
MW21lp833Vo_143_149.mp4,real,MSVD,0.6560071815399104
Q7H9mI9dtMY_20_34.mp4,real,MSVD,0.7677183894513775
EpMuCrbxE8A_107_115.mp4,real,MSVD,0.14130562750176595
5OuYhq6Zl0g_0_10.mp4,real,MSVD,0.839592653637862
cM55xNJ_pfU_1_20.mp4,real,MSVD,0.4807511184365435
o_mWZWcm2r4_10_15.mp4,real,MSVD,0.2823316458676713
KeSQ5Rv7eH8_73_79.mp4,real,MSVD,0.5267247468801507
Kxa0mnDj0bs_15_20.mp4,real,MSVD,0.09958500117730162
PD6eQY7yCfw_32_37.mp4,real,MSVD,0.2169178243465976
60x_yxy7Sfw_1_7.mp4,real,MSVD,0.022442312220390864
6GJ1DNOGDAM_223_233.mp4,real,MSVD,0.6583176359783376
pqTWUzehCUM_42_47.mp4,real,MSVD,0.2881592889098187
ul9Xvjt83eI_111_120.mp4,real,MSVD,0.05837944431363315
Gw0FU733zzg_58_66.mp4,real,MSVD,0.6745496821285614
oDcd2JbOyzg_38_55.mp4,real,MSVD,0.4348069225335531
x_7BrCQdVUs_172_177.mp4,real,MSVD,0.209265363786202
T6lPRKRpu9w_32_39.mp4,real,MSVD,0.1603337650105957
FOOM-wA2rOY_77_86.mp4,real,MSVD,0.2979603249352484
5U3xz9Ovmhk_99_105.mp4,real,MSVD,0.062132093242288675
H1Bok7Dg7g8_21_26.mp4,real,MSVD,0.22673357664233576
9BScZRpF7SI_31_36.mp4,real,MSVD,0.5790410878267012
FHwC2THZJfA_0_10.mp4,real,MSVD,0.03755592182717212
lv8d_qLLqsk_1_20.mp4,real,MSVD,0.2980044737461738
eZLxohGP4IE_15_25.mp4,real,MSVD,0.31672356957852604
4Hhdr1IPOGs_1_10.mp4,real,MSVD,0.18766187897339298
UXs3eq68ZjE_250_255.mp4,real,MSVD,0.08138097480574523
BE_uxYK9uz0_150_168.mp4,real,MSVD,0.09477278078643749
fjDvKHkmxs0_119_126.mp4,real,MSVD,0.3245967741935484
27mxaePkYB4_8_14.mp4,real,MSVD,0.029049917588886275
O9yLRzpPp44_36_55.mp4,real,MSVD,0.32196256180833527
2YhDTpzxd3c_98_101.mp4,real,MSVD,0.2361225570991288
ri5AyXzxb4o_201_215.mp4,real,MSVD,0.5351718860372028
hWhKdXcqYeU_3_12.mp4,real,MSVD,0.21266482222745467
lKpGc3SCSVw_12_20.mp4,real,MSVD,0.132049093477749
vub04F8CWng_32_41.mp4,real,MSVD,0.017968566046621143
IiIiY6o-C9k_59_64.mp4,real,MSVD,0.5241935483870968
uxEhH6MPH28_69_85.mp4,real,MSVD,0.06539910525076525
Gh4Beb8StFM_29_50.mp4,real,MSVD,0.6744466682364022
6sKdTbRkahM_6_12.mp4,real,MSVD,0.16605839416058396
fd7Ky1lEPT8_40_50.mp4,real,MSVD,0.365287261596421
5YJaS2Eswg0_22_26.mp4,real,MSVD,0.21004532611255003
ZYaxg5NZW_g_21_27.mp4,real,MSVD,0.014024605603955733
ggWzbEFC-RE_1_11.mp4,real,MSVD,0.2197433482458206
jW77z3-SrO4_56_63.mp4,real,MSVD,0.09029903461266778
FavUpD_IjVY_22_26.mp4,real,MSVD,0.054376618789733926
zCf8NWJ8kzA_47_52.mp4,real,MSVD,0.08054214739816341
TFJ6oR89Vb8_90_107.mp4,real,MSVD,0.16569048740287262
ufFT2BWh3BQ_0_8.mp4,real,MSVD,0.018410054155874735
XdB0pVjFYoU_1_8.mp4,real,MSVD,0.013435954791617613
labytsb3gfI_146_154.mp4,real,MSVD,0.3192694843418884
QsC8__3lwO0_50_60.mp4,real,MSVD,0.08179303037438193
D9I1Z6O_mbw_141_146.mp4,real,MSVD,0.047047916176124326
fgWFxFg7-GU_10_26.mp4,real,MSVD,0.4508623734400754
x8Ul09tk6zk_0_8.mp4,real,MSVD,0.473849187661879
mtrCf667KDk_134_176.mp4,real,MSVD,0.7333264657405227
eTnlw7v8ea0_36_50.mp4,real,MSVD,0.2987991523428303
eroAmLZ85DI_28_35.mp4,real,MSVD,0.2897339298328232
QhRqJp-CgEs_7_14.mp4,real,MSVD,0.027519425476807156
xxHx6s_DbUo_202_207.mp4,real,MSVD,0.6929891688250529
FoL7aWvpvNs_199_204.mp4,real,MSVD,0.906669413703791
m1NR0uNNs5Y_88_94.mp4,real,MSVD,0.6103425947727807
6t0BpjwYKco_142_151.mp4,real,MSVD,0.12800211914292442
8MVo7fje_oE_130_136.mp4,real,MSVD,0.7504709206498705
ZL7P_XmSnEY_205_209.mp4,real,MSVD,0.07568577819637391
M4It3DrhbE0_13_22.mp4,real,MSVD,0.03548092771368024
XtQdAPV2UZs_4_11.mp4,real,MSVD,0.040322580645161296
ub-aYLzCF_Q_1_10.mp4,real,MSVD,0.16207028490699316
Gn4Iv5ARIXc_83_93.mp4,real,MSVD,0.3224629149988227
ID2xXlUENG0_19_24.mp4,real,MSVD,0.06564928184600895
5fDBl1wT2Lk_34_39.mp4,real,MSVD,0.4849894042853779
EqOGzNkekMk_5_15.mp4,real,MSVD,0.47143571933129264
rVFJzN20jhQ_27_32.mp4,real,MSVD,0.624220037673652
DcDYRpa34W8_11_25.mp4,real,MSVD,0.22838179891688248
suj4VNfZz5E_33_50.mp4,real,MSVD,0.1106222039086414
6owu8Mow0_g_527_534.mp4,real,MSVD,0.147707205085943
YJ2aGe7CLBo_25_35.mp4,real,MSVD,0.4585589828113963
NVGGgncVq-4_111_117.mp4,real,MSVD,0.08216093713209324
qeKX-N1nKiM_37_43.mp4,real,MSVD,0.21139922298092773
Pgm-mOQu2MM_48_62.mp4,real,MSVD,0.3573257593595479
C_1cnNdMwxY_0_8.mp4,real,MSVD,0.5833382387567695
b97TK8XVLHE_40_50.mp4,real,MSVD,0.02641570520367318
oSnYUfCGiCA_7_17.mp4,real,MSVD,0.0989374852837297
UbmZAe5u5FI_16_23.mp4,real,MSVD,0.3625058865081234
k9Brw_0gncU_14_33.mp4,real,MSVD,0.558570755827643
psXeA8sSYdI_25_30.mp4,real,MSVD,0.6150518012714857
OIg10Bl7urs_0_10.mp4,real,MSVD,0.036614080527431134
onW5hJXnI5s_126_133.mp4,real,MSVD,0.3969419590299035
yNy9jTeolUk_8_12.mp4,real,MSVD,0.19509359547916177
C9vRgZDxTv4_26_33.mp4,real,MSVD,0.2169766894278314
wpUT0DNB3qs_9_19.mp4,real,MSVD,0.011861313868613138
6QbhfbLUtQs_13_23.mp4,real,MSVD,0.17493230515658112
6RlYLTU5gvM_18_24.mp4,real,MSVD,0.051786555215446194
qIk_Dz5XE5E_104_109.mp4,real,MSVD,0.49580586296209095
PAN5IVvMlVc_17_23.mp4,real,MSVD,0.8066576406875441
0hyZ__3YhZc_380_384.mp4,real,MSVD,0.14151165528608428
Ea0thGZKPXA_25_35.mp4,real,MSVD,0.12922356957852602
O06WXS_XZN0_0_6.mp4,real,MSVD,0.4811484577348717
eVSQiPbepXg_44_49.mp4,real,MSVD,0.23294384271250296
UXs3eq68ZjE_498_504.mp4,real,MSVD,0.2737226277372263
6gQu8PWhFoQ_37_41.mp4,real,MSVD,0.43989875206027784
nBFhvrAOFqY_23_29.mp4,real,MSVD,0.11556687073228161
6t0BpjwYKco_254_258.mp4,real,MSVD,0.41742700729927007
TPhpsIK7pDc_25_32.mp4,real,MSVD,0.007387567694843419
0M-PyX2DbZc_25_31.mp4,real,MSVD,0.16642630091829527
r0E-0ntoNWo_20_30.mp4,real,MSVD,0.01094890510948905
0hyZ__3YhZc_575_580.mp4,real,MSVD,0.1982428773251707
-Cv5LsqKUXc_71_76.mp4,real,MSVD,0.2491170237814928
glrijRGnmc0_211_215.mp4,real,MSVD,0.21806569343065693
bmOy6p87TWI_26_35.mp4,real,MSVD,0.02938839180598069
WPG-BIWOrG4_672_677.mp4,real,MSVD,0.17899399576171415
JnNe61UZsdM_42_51.mp4,real,MSVD,0.5065045914763362
glii-kazad8_21_29.mp4,real,MSVD,0.08332352248646104
ItFqogTmAvQ_361_365.mp4,real,MSVD,0.29434012243936897
C9LHk0AJI7U_196_205.mp4,real,MSVD,0.6577289851659995
g8LUhxR-6Wg_0_8.mp4,real,MSVD,0.05674593830939487
ngHDYzhDBk4_24_29.mp4,real,MSVD,0.13219625618083353
GPT4vUwlrXY_1_10.mp4,real,MSVD,0.01707087355780551
q9ew_nITQWY_54_62.mp4,real,MSVD,0.2832146220861785
6JnGBs88sL0_4_10.mp4,real,MSVD,0.042000235460324935
TXabUVUxJqI_22_31.mp4,real,MSVD,0.5972303979279492
kNHivduxQWg_0_14.mp4,real,MSVD,0.0047092064987049684
cmQ3SiIaWy4_4_20.mp4,real,MSVD,0.23827113256416294
0lh_UWF9ZP4_174_178.mp4,real,MSVD,0.09065222510007064
YS1mzzhmWWA_9_16.mp4,real,MSVD,0.6732987991523428
IpHJffM3G1c_464_470.mp4,real,MSVD,0.16028961619967036
O2qiPS2NCeY_2_18.mp4,real,MSVD,0.15500647515893573
3OPQqH3YlHA_50_54.mp4,real,MSVD,0.8665234283023311
JktNQQnLblQ_4_9.mp4,real,MSVD,0.07630386154932894
PeUHy0A1GF0_114_121.mp4,real,MSVD,0.1385095361431599
idXJu0BQRvo_2_6.mp4,real,MSVD,0.24605603955733457
5XxshEdcfAM_96_107.mp4,real,MSVD,0.5477395808806216
nZSFn51l3hc_480_485.mp4,real,MSVD,0.14217388744996468
O_NWtDShLeg_21_25.mp4,real,MSVD,0.13628737932658347
-Ms9tsWmhyU_80_95.mp4,real,MSVD,0.2510890040028255
7xNG7qGY9rw_14_29.mp4,real,MSVD,0.22031728278785023
WTf5EgVY5uU_58_76.mp4,real,MSVD,0.16211443371791853
-_hbPLsZvvo_49_55.mp4,real,MSVD,0.12414645632210972
RvJH_POzxmc_10_25.mp4,real,MSVD,0.44341594066399814
zYcY4mjLpxU_45_55.mp4,real,MSVD,0.22043501295031787
vMoOpQQy6sI_22_55.mp4,real,MSVD,0.8347362844360726
45AGQSbodbU_5_15.mp4,real,MSVD,0.03556922533553096
9HTUcMjWB3g_122_128.mp4,real,MSVD,0.2519131151400989
sMscRb9TcQE_146_161.mp4,real,MSVD,0.3005062396986108
v4_AzQSnmY4_40_55.mp4,real,MSVD,0.1746232634801036
I9gLTZY1ouc_142_147.mp4,real,MSVD,0.5953025665175418
3qqEKTPxLNs_1_15.mp4,real,MSVD,0.5760978337650106
t3VPeyYL-fI_35_39.mp4,real,MSVD,0.35139510242524136
PuQVs2Ch1LY_5_15.mp4,real,MSVD,0.17144454909347773
xdhLQCYQ-nQ_50_63.mp4,real,MSVD,0.2796385684012244
UdcObAQ5OOM_15_30.mp4,real,MSVD,0.21465151871909582
hSgGBHbJrmE_0_17.mp4,real,MSVD,0.017733105721685894
HJHPB_Y8GZE_22_28.mp4,real,MSVD,0.27336943724982343
4D1o4FC8YbA_29_39.mp4,real,MSVD,0.4763215210736991
xtbsD3PUua4_84_94.mp4,real,MSVD,0.6701936661172592
s-dSFyz_5Ww_31_41.mp4,real,MSVD,0.23425359076995525
Zoz0HcCB1vU_0_10.mp4,real,MSVD,0.4196491641158465
gbbRwBZuhzI_26_40.mp4,real,MSVD,0.22000824111137274
GPyFZMJ5Dow_56_70.mp4,real,MSVD,0.5927566517541795
-rvjK0lE3z4_33_43.mp4,real,MSVD,0.6033817989168825
onxE6PpEXes_8_25.mp4,real,MSVD,0.37110018836826
UJKythlXAIY_17_21.mp4,real,MSVD,0.16885448551919002
yOnRm3TP6hM_0_12.mp4,real,MSVD,0.23819755121262068
OCcy9TDRGKo_118_127.mp4,real,MSVD,0.015481516364492584
wsj_dzz33Ko_31_41.mp4,real,MSVD,0.10638391805980692
rV5VmhY3-Sw_65_76.mp4,real,MSVD,0.09349246526960207
80D0ylOqPJ8_0_5.mp4,real,MSVD,0.05968919237108548
m7x8uIdg2XU_67_73.mp4,real,MSVD,0.3575759359547916
TZ860P4iTaM_11_20.mp4,real,MSVD,0.10398516599952909
C_DDjCRxTxQ_1_4.mp4,real,MSVD,0.5965828820343771
1Sp2__RCT0c_11_15.mp4,real,MSVD,0.01080174240640452
d4AGWnHJcaY_6_19.mp4,real,MSVD,0.031919590299034614
YRSOc193Pxc_68_73.mp4,real,MSVD,0.803729102896162
64Xn9edeWRA_0_11.mp4,real,MSVD,0.541058394160584
kk3TIio1-Uw_5_14.mp4,real,MSVD,0.3361343301153756
wX-Bl25Htag_104_115.mp4,real,MSVD,0.42170944195902993
bQJQGoJF7_k_145_153.mp4,real,MSVD,0.4885801742406405
m1NR0uNNs5Y_160_166.mp4,real,MSVD,0.3288939251236167
CHFXTeQWXjo_206_212.mp4,real,MSVD,0.8326024252413469
3zgEl-OLFKE_12_15.mp4,real,MSVD,0.5974511419825759
_WRC7HXBJpU_414_425.mp4,real,MSVD,0.08675241346833058
j2Dhf-xFUxU_13_20.mp4,real,MSVD,0.2317076760065929
s20OlIRK340_125_138.mp4,real,MSVD,0.3993407110901813
7s0AXJtLL0Y_57_61.mp4,real,MSVD,0.15574228867435838
AoNnzlGhI04_112_128.mp4,real,MSVD,0.5805421473981635
AjZ-R3LFMzo_18_23.mp4,real,MSVD,0.36677360489757477
wjH72cZ0GLM_1_10.mp4,real,MSVD,0.04588533082175653
m1NR0uNNs5Y_273_280.mp4,real,MSVD,0.45764657405227216
MWzeInQaUk4_12_20.mp4,real,MSVD,0.41207028490699316
Z3m9V8qPXhQ_13_24.mp4,real,MSVD,0.29330998351777726
1dfR0A_BXjw_401_408.mp4,real,MSVD,0.6815251942547681
eZLxohGP4IE_147_158.mp4,real,MSVD,0.5288880386154933
cSDkshD2ME0_11_14.mp4,real,MSVD,0.09758358841535202
Ylb4pnW-jP4_102_113.mp4,real,MSVD,0.37541205556863666
Mutb8BHFvzk_15_20.mp4,real,MSVD,0.2429214739816341
XOAgUVVwKEA_8_20.mp4,real,MSVD,0.5254002825523899
EPgQ9QwbsLE_16_23.mp4,real,MSVD,0.09901106663527195
fGc6_D0JEIQ_31_46.mp4,real,MSVD,0.5742141511655287
BtQtRGI0F2Q_15_20.mp4,real,MSVD,0.09175594537320463
0lh_UWF9ZP4_38_46.mp4,real,MSVD,0.5125824111137274
tYQ7O6V0Fvk_20_55.mp4,real,MSVD,0.6575965387332234
05gNigkqfNU_78_84.mp4,real,MSVD,0.2165352013185778
bmvD4HlPFxg_20_27.mp4,real,MSVD,0.14180598069225336
FTh5zPk34bQ_16_30.mp4,real,MSVD,0.17297504120555687
kWLNZzuo3do_76_80.mp4,real,MSVD,0.12513244643277607
aHiUM8uWxxo_17_25.mp4,real,MSVD,0.38175476807157993
YndZ9YulpTo_61_76.mp4,real,MSVD,0.3125882976218507
aGUx0QOKWXw_7_12.mp4,real,MSVD,0.21226748292912642
EdrZtaBUXIo_25_29.mp4,real,MSVD,0.2652607723098658
kWLNZzuo3do_152_164.mp4,real,MSVD,0.14757475865316694
ViM0JjUoqRw_10_20.mp4,real,MSVD,0.657876147869084
xxHx6s_DbUo_162_165.mp4,real,MSVD,0.470081822462915
vuvpbeQak9Q_23_29.mp4,real,MSVD,0.07072639510242525
0wutCy2ZGOQ_4_10.mp4,real,MSVD,0.4266099599717448
K1ZM0LSLVw8_488_494.mp4,real,MSVD,0.4992494702142689
kEGmZDpZ_RE_248_293.mp4,real,MSVD,0.23930127148575464
qeKX-N1nKiM_133_142.mp4,real,MSVD,0.3655815870025901
YmXCfQm0_CA_140_156.mp4,real,MSVD,0.5061514009889334
j1Z890_Q3so_131_138.mp4,real,MSVD,0.6979191193783847
-_hbPLsZvvo_18_25.mp4,real,MSVD,0.26211149046385684
XEOH3t5AYY0_22_29.mp4,real,MSVD,0.5546415116552861
_9iG5Ge01PM_3_11.mp4,real,MSVD,0.007961502236873086
4R-tumAGrtU_12_22.mp4,real,MSVD,0.16389510242524136
adityanayak23_431329179%2Fmd.mp4,annotated,Sora,0.20879444313633153
iris_77_533310116%2Fmd.mp4,annotated,Sora,0.04358959265363786
flip_ayub_26437661%2Fmd.mp4,annotated,Sora,0.010389686837767836
lagioisingrini_259506507%2Fmd.mp4,annotated,Sora,0.01989639745702849
jaimetrevino_430286853%2Fmd.mp4,annotated,Sora,0.0013980456793030375
johndouglas2025_885053332%2Fmd.mp4,annotated,Sora,0.003281728278785025
psw555_325597008%2Fmd.mp4,annotated,Sora,0.058717918530727574
habithai_120013945%2Fmd.mp4,annotated,Sora,0.028490699317165056
jindodddd_742210789%2Fmd.mp4,annotated,Sora,0.012979750412055568
23446k_310435470%2Fmd.mp4,annotated,Sora,0.0797916176124323
simarba_283636147%2Fmd.mp4,annotated,Sora,0.023222274546738877
shrb6_183122074%2Fmd.mp4,annotated,Sora,0.19816929597362845
skbhow_727884749%2Fmd.mp4,annotated,Sora,0.004768071579938781
hinarino_786556878%2Fmd.mp4,annotated,Sora,0.04547327525311985
nebojsha_440771721%2Fmd.mp4,annotated,Sora,0.009918766187897339
looxyt_735295850%2Fmd.mp4,annotated,Sora,0.023855074170002356
maylsonhonorato_587255262%2Fmd.mp4,annotated,Sora,0.08757652460560396
gerardoki_377835783%2Fmd.mp4,annotated,Sora,0.10497115611019543
sosuke_873263122%2Fmd.mp4,annotated,Sora,0.009565575700494468
sheexhal_506442326%2Fmd.mp4,annotated,Sora,0.023398869790440313
rmaldon240_290062757%2Fmd.mp4,annotated,Sora,0.023722627737226276
xplore45_watermarked.mp4,annotated,Sora,0.716476336237344
chiaras26_322200714%2Fmd.mp4,annotated,Sora,0.11021014834000471
abddu_393690614%2Fmd.mp4,annotated,Sora,0.09761302095596892
09045_552603156%2Fmd.mp4,annotated,Sora,0.24044914056981398
wduke_941743104%2Fmd.mp4,annotated,Sora,0.3456116081940193
neo_star_837223296%2Fmd.mp4,annotated,Sora,0.012199788085707559
autreone_709991703%2Fmd.mp4,annotated,Sora,0.04344242995055333
pgraz_370921770%2Fmd.mp4,annotated,Sora,0.08130739345420297
kanon0707_322281649%2Fmd.mp4,annotated,Sora,0.021853661408052744
shang0_860401353%2Fmd.mp4,annotated,Sora,0.5729485519190016
hackcrack_468307879%2Fmd.mp4,annotated,Sora,0.009344831645867671
mobilemenders_351687080%2Fmd.mp4,annotated,Sora,0.03196373910995997
ganchan_9658915%2Fmd.mp4,annotated,Sora,0.006431010124793973
dneil_929288206%2Fmd.mp4,annotated,Sora,0.008123381210266071
tmcxtl_292103937%2Fmd.mp4,annotated,Sora,0.22601247939722158
ydkim74_533139774%2Fmd.mp4,annotated,Sora,0.009330115375559219
kanpisit212_845190426%2Fmd.mp4,annotated,Sora,0.14174711561101955
awxdi_776270500%2Fmd.mp4,annotated,Sora,0.017159171179656228
vnffilms_314494998%2Fmd.mp4,annotated,Sora,0.017821403343536615
rohchee_843199166%2Fmd.mp4,annotated,Sora,0.1026607016717683
3769_109597890%2Fmd.mp4,annotated,Sora,0.11680303743819166
resukief_702175385%2Fmd.mp4,annotated,Sora,0.094301860136567
raqibyousuf_172895658%2Fmd.mp4,annotated,Sora,0.07572992700729927
sarahrendon_605938824%2Fmd.mp4,annotated,Sora,0.0032964445490934777
toyopower_673872941%2Fmd.mp4,annotated,Sora,0.08688485990110667
williamct_740384223%2Fmd.mp4,annotated,Sora,0.08369142924417236
srynyaie_142224866%2Fmd.mp4,annotated,Sora,0.15575700494466682
roxannerobin_900426055%2Fmd.mp4,annotated,Sora,0.02108841535201319
creativai_46115001%2Fmd.mp4,annotated,Sora,0.06828349423122204
seopsam_198347268%2Fmd.mp4,annotated,Sora,0.4942753708500118
ahnsungmin_677028767%2Fmd.mp4,annotated,Sora,0.006401577584177066
mtwhitmire_308362190%2Fmd.mp4,annotated,Sora,0.013391805980692253
alpha_bit_911455093%2Fmd.mp4,annotated,Sora,0.016158464798681424
nonene_217898570%2Fmd.mp4,annotated,Sora,0.01770367318106899
icjames_478524987%2Fmd.mp4,annotated,Sora,0.14763362373440075
jairgf8_9552676%2Fmd.mp4,annotated,Sora,0.15799387803155168
sebastianvjb476_749048940%2Fmd.mp4,annotated,Sora,0.13307923239934072
mywm_242750446%2Fmd.mp4,annotated,Sora,0.00569519660937132
chasexcx_403885798%2Fmd.mp4,annotated,Sora,0.22348128090416763
metatroncube_774432556%2Fmd.mp4,annotated,Sora,0.005930656934306569
somya14_584793583%2Fmd.mp4,annotated,Sora,0.05119790440310808
lsmarujo_786565328%2Fmd.mp4,annotated,Sora,0.017747821991994348
hongjmd_341764284%2Fmd.mp4,annotated,Sora,0.002339886979044031
crashhstudio_329054510%2Fmd.mp4,annotated,Sora,0.0020455615728749705
rus941_watermarked.mp4,annotated,Sora,0.3393130445020014
christianebechler_619850547%2Fmd.mp4,annotated,Sora,0.031095479161761242
ryan2006_659914083%2Fmd.mp4,annotated,Sora,0.07890864139392512
canofsticks_817228831%2Fmd.mp4,annotated,Sora,0.04029314810454439
bae1981_475803894%2Fmd.mp4,annotated,Sora,0.21354779844596183
trecording_547987669%2Fmd.mp4,annotated,Sora,0.04292736048975748
rgolden1_951562461%2Fmd.mp4,annotated,Sora,0.051124323051565806
buschdogg_875400141%2Fmd.mp4,annotated,Sora,0.40566870732281607
mai3_706982590%2Fmd.mp4,annotated,Sora,0.045193666117259244
q_come_889831924%2Fmd.mp4,annotated,Sora,0.028785024723334114
aienjoyer42_97516890%2Fmd.mp4,annotated,Sora,0.1614080527431128
zeidinio_833880637%2Fmd.mp4,annotated,Sora,0.01858664939957617
swapticxaos_872995086%2Fmd.mp4,annotated,Sora,0.0766276194961149
jc2006_156122584%2Fmd.mp4,annotated,Sora,0.052345773487167416
bre337_769251236%2Fmd.mp4,annotated,Sora,0.13013597833765012
kojikabutoz_431321198%2Fmd.mp4,annotated,Sora,0.058688485990110666
saravanaraj480_378792994%2Fmd.mp4,annotated,Sora,0.008859194725688722
hildengpt_485161972%2Fmd.mp4,annotated,Sora,0.06770955968919237
astacake_48457029%2Fmd.mp4,annotated,Sora,0.06881327996232635
fancy009_312071336%2Fmd.mp4,annotated,Sora,0.009050506239698611
tomerb232_315132197%2Fmd.mp4,annotated,Sora,0.14925241346833057
vlwhk_193024930%2Fmd.mp4,annotated,Sora,0.03927772545326112
studioak_13403100%2Fmd.mp4,annotated,Sora,0.23713797975041206
joewillnauer_999425491%2Fmd.mp4,annotated,Sora,0.06492818460089475
soothsister_712377718%2Fmd.mp4,annotated,Sora,0.02534141747115611
eea_518469573%2Fmd.mp4,annotated,Sora,0.16685307275724043
ourhosting_293106736%2Fmd.mp4,annotated,Sora,0.030374381916647045
bella_libya_watermarked.mp4,annotated,Sora,0.10591299740993643
goalinn_867478110%2Fmd.mp4,annotated,Sora,0.05283141040734636
spgg1_525553644%2Fmd.mp4,annotated,Sora,0.005842359312455851
wahid9999_832699884%2Fmd.mp4,annotated,Sora,0.010757593595479162
chazn_744158193%2Fmd.mp4,annotated,Sora,0.07611255003531905
masocampus_823057074%2Fmd.mp4,annotated,Sora,0.007681893101012479
slashchan_531061108%2Fmd.mp4,annotated,Sora,0.004267718389451378
usagi4837_938412356%2Fmd.mp4,annotated,Sora,0.06461914292441723
domey96_139913611%2Fmd.mp4,annotated,Sora,0.15624264186484577
jason564_573757719%2Fmd.mp4,annotated,Sora,0.1067371085472098
m0a9s_333173421%2Fmd.mp4,annotated,Sora,0.01770367318106899
harvestcovenant_201124291%2Fmd.mp4,annotated,Sora,0.12520602778431833
ronron0319_846026845%2Fmd.mp4,annotated,Sora,0.3107487638332941
sachinwork_898764946%2Fmd.mp4,annotated,Sora,0.004988815634565576
carefree5collective_965803380%2Fmd.mp4,annotated,Sora,0.0010890040028255239
niyazaliyev_841612778%2Fmd.mp4,annotated,Sora,0.13864198257593596
aaroneboyce_443104867%2Fmd.mp4,annotated,Sora,0.028225806451612906
raccoonrich_422789751%2Fmd.mp4,annotated,Sora,0.014127619496114904
kruewl_109547898%2Fmd.mp4,annotated,Sora,0.008859194725688722
terab_202148866%2Fmd.mp4,annotated,Sora,0.02407581822462915
thehoopers_77654339%2Fmd.mp4,annotated,Sora,0.12795797033199907
hoosurdady45_479301729%2Fmd.mp4,annotated,Sora,0.10457381681186721
icecube1415_716866809%2Fmd.mp4,annotated,Sora,0.038306451612903226
lmbloecher_486915395%2Fmd.mp4,annotated,Sora,0.031978455380268424
pavpav_982548855%2Fmd.mp4,annotated,Sora,0.026106663527195668
dolcevi_454857053%2Fmd.mp4,annotated,Sora,0.004032258064516129
aqmed_555825407%2Fmd.mp4,annotated,Sora,0.32299270072992703
meow2122_624463230%2Fmd.mp4,annotated,Sora,0.05212502943254062
cindyaaa20_453641741%2Fmd.mp4,annotated,Sora,0.011213797975041205
alan4649_199924089%2Fmd.mp4,annotated,Sora,0.15850894749234754
blacktreklamp_356779907%2Fmd.mp4,annotated,Sora,0.0030021191429244172
amanadlakha_825403788%2Fmd.mp4,annotated,Sora,0.1201436307982105
idealcollagen_816106618%2Fmd.mp4,annotated,Sora,0.05927713680244878
philpo_949204222%2Fmd.mp4,annotated,Sora,0.0026194961149046386
olastech_199457569%2Fmd.mp4,annotated,Sora,0.35935660466211444
bthalion_589431267%2Fmd.mp4,annotated,Sora,0.051668825052978574
abrahamgs_591406678%2Fmd.mp4,annotated,Sora,0.055200729927007294
dilorc2_928591332%2Fmd.mp4,annotated,Sora,0.013171061926065458
luaplegin_974286721%2Fmd.mp4,annotated,Sora,0.01424534965858253
beziiiii_173900815%2Fmd.mp4,annotated,Sora,0.02154461973157523
plaidrico_350280688%2Fmd.mp4,annotated,Sora,0.3653166941370379
bigserial_127535823%2Fmd.mp4,annotated,Sora,0.048092771368024485
manankh_115659803%2Fmd.mp4,annotated,Sora,0.03561337414645632
erichsentax_61247407%2Fmd.mp4,annotated,Sora,0.010610430892394633
mookkie_978014952%2Fmd.mp4,annotated,Sora,0.0037967977395808807
rpihge2qr0qr23_713148595%2Fmd.mp4,annotated,Sora,0.024355427360489755
machinedog227_282755331%2Fmd.mp4,annotated,Sora,0.2575200141276195
vivekov30_556726412%2Fmd.mp4,annotated,Sora,0.05146279726866024
fpersada_247716691%2Fmd.mp4,annotated,Sora,0.08969566753002119
nitin42563_709455839%2Fmd.mp4,annotated,Sora,0.0039586767129738635
abbasshahwan_871443816%2Fmd.mp4,annotated,Sora,0.5454879915234283
mhatipo_212052818%2Fmd.mp4,annotated,Sora,0.011272663056275018
s_taro_211427599%2Fmd.mp4,annotated,Sora,0.02567989168825053
devinmgomez_779564098%2Fmd.mp4,annotated,Sora,0.00890334353661408
shijith_905472982%2Fmd.mp4,annotated,Sora,0.003090416764775135
aomammm_483165930%2Fmd.mp4,annotated,Sora,0.027828467153284672
azenmoktan_87349735%2Fmd.mp4,annotated,Sora,0.11896632917353425
edsnxevlla_watermarked.mp4,annotated,Sora,0.013185778196373912
grullmash_181079615%2Fmd.mp4,annotated,Sora,0.02353131622321639
kwms573_256898032%2Fmd.mp4,annotated,Sora,0.024031669413703792
jeffreyzou_775207158%2Fmd.mp4,annotated,Sora,0.006622321638803862
svendj94_74639852%2Fmd.mp4,annotated,Sora,0.055465622792559455
zizi2022_531401163%2Fmd.mp4,annotated,Sora,0.04147044972922063
matibirba_24_350280461%2Fmd.mp4,annotated,Sora,0.23357664233576642
mooseyjd_495427237%2Fmd.mp4,annotated,Sora,0.10243995761714152
lorenzokking_112795806%2Fmd.mp4,annotated,Sora,0.03578996939015776
cmorel1107_699879499%2Fmd.mp4,annotated,Sora,0.02228043324699788
jwieyiu_805528075%2Fmd.mp4,annotated,Sora,0.013391805980692253
alanjack_489722798%2Fmd.mp4,annotated,Sora,0.20808806216152578
deacon12_154218517%2Fmd.mp4,annotated,Sora,0.07038792088533082
ramsesramos_809539441%2Fmd.mp4,annotated,Sora,0.017777254532611256
hass18_741450444%2Fmd.mp4,annotated,Sora,0.06587002590063575
murukku12345_543572519%2Fmd.mp4,annotated,Sora,0.02158876854250059
martagg95_167161911%2Fmd.mp4,annotated,Sora,0.06482517070873557
noesisfield_767641517%2Fmd.mp4,annotated,Sora,0.1651901342123852
bhavik786_690086001%2Fmd.mp4,annotated,Sora,0.05765834706851895
hunchotest_114722156%2Fmd.mp4,annotated,Sora,0.012655992465269602
nimbus5000_70627956%2Fmd.mp4,annotated,Sora,0.2948257593595479
mrcoaching_155245533%2Fmd.mp4,annotated,Sora,0.18258476571697668
nahuel_c_495820071%2Fmd.mp4,annotated,Sora,0.022883800329644453
sarmadleo_410597866%2Fmd.mp4,annotated,Sora,0.06392747821991994
prelit_884743497%2Fmd.mp4,annotated,Sora,0.0503149281846009
thefoxx02_931858481%2Fmd.mp4,annotated,Sora,0.012037909112314575
janellea_292080081%2Fmd.mp4,annotated,Sora,0.08722333411820107
petfunnelsvideo_425839869%2Fmd.mp4,annotated,Sora,0.01687956204379562
aninvinciblemind_688429844%2Fmd.mp4,annotated,Sora,0.17106192606545798
rohittchakma_992157010%2Fmd.mp4,annotated,Sora,0.22502648928655522
cfuzi_503954378%2Fmd.mp4,annotated,Sora,0.010875323757946786
rajeshsound_855135209%2Fmd.mp4,annotated,Sora,0.013641982575935956
farzanaabbas_768419170%2Fmd.mp4,annotated,Sora,0.20233400047092065
mariekelapachamama_762059817%2Fmd.mp4,annotated,Sora,0.04769543206969626
alienornc_693341583%2Fmd.mp4,annotated,Sora,0.020367318106898985
shubzz_512334383%2Fmd.mp4,annotated,Sora,0.13628737932658347
deremkay_401094524%2Fmd.mp4,annotated,Sora,0.0013538968683776784
momenttowonder_992482655%2Fmd.mp4,annotated,Sora,0.016408641393925123
koguz_watermarked.mp4,annotated,Sora,0.006975512126206734
ludens7_763074184%2Fmd.mp4,annotated,Sora,0.05121262067341653
varshaspring_794614549%2Fmd.mp4,annotated,Sora,0.08881269131151401
rolfwidmer_837292448%2Fmd.mp4,annotated,Sora,0.015981869554979985
iamkartikeya_908444902%2Fmd.mp4,annotated,Sora,0.10641335060042383
junsei0421_325886516%2Fmd.mp4,annotated,Sora,0.03162526489286555
mikeberlin_751491130%2Fmd.mp4,annotated,Sora,0.00894749234753944
gaotoon_149249433%2Fmd.mp4,annotated,Sora,0.03779138215210737
moizdxb_944100187%2Fmd.mp4,annotated,Sora,0.1809806922533553
zakparker_258886671%2Fmd.mp4,annotated,Sora,0.17918530727572404
geongangmi_731864692%2Fmd.mp4,annotated,Sora,0.07940899458441253
shi_naoking55_458136360%2Fmd.mp4,annotated,Sora,0.01637920885330822
isajose_466624048%2Fmd.mp4,annotated,Sora,0.1114021662349894
rockisaac_900516865%2Fmd.mp4,annotated,Sora,0.006548740287261597
j_lock55_626070219%2Fmd.mp4,annotated,Sora,0.008344125264892865
bkf0015_469589399%2Fmd.mp4,annotated,Sora,0.19203261125500354
miltsch_799475534%2Fmd.mp4,annotated,Sora,0.03269955262538263
mjcjrfl77_713619446%2Fmd.mp4,annotated,Sora,0.0031934306569343066
cwbschleser_968737390%2Fmd.mp4,annotated,Sora,0.05378796797739581
xbikergirl_566283729%2Fmd.mp4,annotated,Sora,0.010978337650105956
tcaruso88_222528530%2Fmd.mp4,annotated,Sora,0.22087650105957146
brabieblue_817914292%2Fmd.mp4,annotated,Sora,0.052654815163644925
grwo_652824664%2Fmd.mp4,annotated,Sora,0.009550859430186014
zinaf_296355357%2Fmd.mp4,annotated,Sora,0.04966741229102896
jugaldesai_637915109%2Fmd.mp4,annotated,Sora,0.04291264421944902
454555555555555555555555_393753335%2Fmd.mp4,annotated,Sora,0.005371438662585355
choomantraa_38810765%2Fmd.mp4,annotated,Sora,0.3226836590534495
philtremble_969109406%2Fmd.mp4,annotated,Sora,0.08450082411113727
kodelingua_568175035%2Fmd.mp4,annotated,Sora,0.10402931481045444
michelesalvemini_908098194%2Fmd.mp4,annotated,Sora,0.009256534024016954
vyz77_975929935%2Fmd.mp4,annotated,Sora,0.05746703555450907
neles_829044731%2Fmd.mp4,annotated,Sora,0.005209559689192371
syimah_137437642%2Fmd.mp4,annotated,Sora,0.08722333411820109
berne63_850814281%2Fmd.mp4,annotated,Sora,0.10344066399811631
trigaar_412792440%2Fmd.mp4,annotated,Sora,0.2893807393454203
tech_team_testing_99063823%2Fmd.mp4,annotated,Sora,0.004032258064516129
migueldamasmd_64696416%2Fmd.mp4,annotated,Sora,0.011979044031080762
pajab_183422548%2Fmd.mp4,annotated,Sora,0.03021250294325406
robmelendez_382563902%2Fmd.mp4,annotated,Sora,0.16991405698139864
tonfegar_717254807%2Fmd.mp4,annotated,Sora,0.23091299740993643
fgfgcv_869756281%2Fmd.mp4,annotated,Sora,0.007637744290087119
padustudio_432639649%2Fmd.mp4,annotated,Sora,0.004576760065928891
optimka_778498472%2Fmd.mp4,annotated,Sora,0.005445020014127619
krishna799_826229107%2Fmd.mp4,annotated,Sora,0.10844419590299034
zeitakuzanmai_531778762%2Fmd.mp4,annotated,Sora,0.015319637391099601
obscura_altair_34654038%2Fmd.mp4,annotated,Sora,0.2232163880386155
whtjdtmf_649936839%2Fmd.mp4,annotated,Sora,0.054406051330350834
zzazan_572350397%2Fmd.mp4,annotated,Sora,0.010036496350364963
joansehi_867021446%2Fmd.mp4,annotated,Sora,0.009462561808335296
nd98_777603026%2Fmd.mp4,annotated,Sora,0.5545826465740523
roavfd2025_322043276%2Fmd.mp4,annotated,Sora,0.007873204615022368
pyontam_104778189%2Fmd.mp4,annotated,Sora,0.004091123145749941
minerbr_865672258%2Fmd.mp4,annotated,Sora,0.21131092535907697
vineetmanohar_954531103%2Fmd.mp4,annotated,Sora,0.07308099835177773
edrfgedsf_172044468%2Fmd.mp4,annotated,Sora,0.03428890981869555
ryanwardhana_699542916%2Fmd.mp4,annotated,Sora,0.023722627737226276
yesucannot_583990936%2Fmd.mp4,annotated,Sora,0.05193371791853073
melissaleal_881460246%2Fmd.mp4,annotated,Sora,0.0627501765952437
prakashash18_640783800%2Fmd.mp4,annotated,Sora,0.030094772780786434
mamasai_51195902%2Fmd.mp4,annotated,Sora,0.05241935483870968
rambo77710_890334584%2Fmd.mp4,annotated,Sora,0.0010007063809748058
wizkidz_777521185%2Fmd.mp4,annotated,Sora,0.10984224158229339
hestcreative_693511783%2Fmd.mp4,annotated,Sora,0.017674240640452085
tommyfilhigar_580331369%2Fmd.mp4,annotated,Sora,0.011110784082882035
maximjakob_410375761%2Fmd.mp4,annotated,Sora,0.0037967977395808802
vasiliy_wd_120940423%2Fmd.mp4,annotated,Sora,0.024384859901106663
infoslanakgmailcom_102521982%2Fmd.mp4,annotated,Sora,0.007623028019778668
bonesmx_768572567%2Fmd.mp4,annotated,Sora,0.052345773487167416
dathiccboi_watermarked.mp4,annotated,Sora,0.04386920178949847
hrushiusername__718885808%2Fmd.mp4,annotated,Sora,0.09124087591240876
theoak_432674519%2Fmd.mp4,annotated,Sora,0.021780080056510477
jildo420_674536644%2Fmd.mp4,annotated,Sora,0.04854897574758653
druidefuzi_239060436%2Fmd.mp4,annotated,Sora,0.02868201083117495
kbspeter_142702458%2Fmd.mp4,annotated,Sora,0.2934571462208618
manie07_367609493%2Fmd.mp4,annotated,Sora,0.2062338121026607
steeltoesandal_65961712%2Fmd.mp4,annotated,Sora,0.08107193312926772
santinelx_733555658%2Fmd.mp4,annotated,Sora,0.1598334118201083
islaniamh_141446391%2Fmd.mp4,annotated,Sora,0.0208971038380033
ilayis_728369313%2Fmd.mp4,annotated,Sora,0.36337414645632216
beckytravis_410235854%2Fmd.mp4,annotated,Sora,0.07840828820343773
kingader_758308579%2Fmd.mp4,annotated,Sora,0.05052095596891923
aditya992_151486281%2Fmd.mp4,annotated,Sora,0.05439133506004239
austerestore_475177574%2Fmd.mp4,annotated,Sora,0.019808099835177773
onebitewolrd_534629260%2Fmd.mp4,annotated,Sora,0.06383918059806923
janjan20_700688902%2Fmd.mp4,annotated,Sora,0.010904756298563693
331212222122_15392619%2Fmd.mp4,annotated,Sora,0.004400164822227454
kjell_li_288246915%2Fmd.mp4,annotated,Sora,0.0015746409230044738
franciscodelosssantos_174433028%2Fmd.mp4,annotated,Sora,0.04434012243936897
mmi0290bgmailcom_100784815%2Fmd.mp4,annotated,Sora,0.007137391099599717
mgdtools_143910281%2Fmd.mp4,annotated,Sora,0.009933482458205793
zmktwzrd_514747293%2Fmd.mp4,annotated,Sora,0.009153520131857782
acfofangel_890043053%2Fmd.mp4,annotated,Sora,0.08601659995290793
downtroddengoat_365669666%2Fmd.mp4,annotated,Sora,0.011434542029668001
juseoklee_402883065%2Fmd.mp4,annotated,Sora,0.10788497763126913
ejahshan_520191802%2Fmd.mp4,annotated,Sora,0.008226395102425241
johntoso_16709113%2Fmd.mp4,annotated,Sora,0.18206969625618083
khloe2020_978535619%2Fmd.mp4,annotated,Sora,0.06264716270308453
dangerfieldsmith_695531973%2Fmd.mp4,annotated,Sora,0.0038115140098893335
ripon330_988203252%2Fmd.mp4,annotated,Sora,0.0030462679538497766
revopsfuel_185376271%2Fmd.mp4,annotated,Sora,0.019911113727336945
lindorin_879827191%2Fmd.mp4,annotated,Sora,0.16828055097716035
auiyukicute4gmailcom_532002007%2Fmd.mp4,annotated,Sora,0.012950317871438664
palm23_watermarked.mp4,annotated,Sora,0.009050506239698611
iamjag_507663808%2Fmd.mp4,annotated,Sora,0.018012714857546505
aerobott_375068661%2Fmd.mp4,annotated,Sora,0.016761831881327995
geoeira_262793738%2Fmd.mp4,annotated,Sora,0.003296444549093478
sis2002_628469285%2Fmd.mp4,annotated,Sora,0.07577407581822464
jayvillaver78_804808830%2Fmd.mp4,annotated,Sora,0.060631033670826465
reeech_86643871%2Fmd.mp4,annotated,Sora,0.02363433011537556
heinert_544304282%2Fmd.mp4,annotated,Sora,0.007034377207440545
kunj1600_859953327%2Fmd.mp4,annotated,Sora,0.03496585825288439
icc1_750454441%2Fmd.mp4,annotated,Sora,0.10117435837061454
terranben_922019999%2Fmd.mp4,annotated,Sora,0.07425829997645397
beegee1152_421751003%2Fmd.mp4,annotated,Sora,0.20187779609135859
kubacode_977440674%2Fmd.mp4,annotated,Sora,0.01162585354367789
anamepopovic_492970037%2Fmd.mp4,annotated,Sora,0.05037379326583471
bergkamp1977_241944285%2Fmd.mp4,annotated,Sora,0.0072992700729927005
lindenr_197211305%2Fmd.mp4,annotated,Sora,0.06283847421709442
parapleum_636701244%2Fmd.mp4,annotated,Sora,0.03212561808335296
pumoco_468817883%2Fmd.mp4,annotated,Sora,0.004679773958088062
josemirmoura_421852191%2Fmd.mp4,annotated,Sora,0.09146161996703556
sobeih91_151906067%2Fmd.mp4,annotated,Sora,0.042059100541558744
tas_world_957371217%2Fmd.mp4,annotated,Sora,0.007858488344713916
willowevermore_688165580%2Fmd.mp4,annotated,Sora,0.011243230515658112
pavlik1986_61800800%2Fmd.mp4,annotated,Sora,0.02279550270779374
lulunono_895943612%2Fmd.mp4,annotated,Sora,0.0024429008712032025
casey2025_371635944%2Fmd.mp4,annotated,Sora,0.008594301860136568
ponsuke_623442231%2Fmd.mp4,annotated,Sora,0.5248557805509771
lplocked_135948471%2Fmd.mp4,annotated,Sora,0.03684954085236638
amorebody_118598225%2Fmd.mp4,annotated,Sora,0.17518248175182483
shima-san_18238221%2Fmd.mp4,annotated,Sora,0.03908641393925123
hoevers_137565996%2Fmd.mp4,annotated,Sora,0.013744996468095126
reliableflooring_943346318%2Fmd.mp4,annotated,Sora,0.20189251236166705
dxlxb_248886845%2Fmd.mp4,annotated,Sora,0.16892806687073228
olga345_405485455%2Fmd.mp4,annotated,Sora,0.04794560866493996
lwq666_638158370%2Fmd.mp4,annotated,Sora,0.006033670826465741
gongdonghui_157837114%2Fmd.mp4,annotated,Sora,0.001648222274546739
smilescdc_539453069%2Fmd.mp4,annotated,Sora,0.2169766894278314
sagorkoiry_771106854%2Fmd.mp4,annotated,Sora,0.11699434895220155
thevpanda_889765771%2Fmd.mp4,annotated,Sora,0.10988639039321875
schmumacher_240573872%2Fmd.mp4,annotated,Sora,0.4461973157522957
minn528_266650598%2Fmd.mp4,annotated,Sora,0.2656875441488109
rasmusbangpederson_767248086%2Fmd.mp4,annotated,Sora,0.015187190958323521
kristopuz_851159636%2Fmd.mp4,annotated,Sora,0.27129444313633155
brandonhuang01_267473516%2Fmd.mp4,annotated,Sora,0.03411231457499411
vision-ai_956728279%2Fmd.mp4,annotated,Sora,0.00972745467388745
mema1892_599666759%2Fmd.mp4,annotated,Sora,0.0037526489286555213
williekopter_493139908%2Fmd.mp4,annotated,Sora,0.020161290322580645
chatgpt3004_457460970%2Fmd.mp4,annotated,Sora,0.03614315987756063
caesar_08_102119734%2Fmd.mp4,annotated,Sora,0.025135389686837768
ayan12_610035271%2Fmd.mp4,annotated,Sora,0.038777372262773724
kingsseven_940874972%2Fmd.mp4,annotated,Sora,0.40307864374852836
serch___97101344%2Fmd.mp4,annotated,Sora,0.07399340711090181
thall0120hew_948480688%2Fmd.mp4,annotated,Sora,0.03247880857075583
meths22_8155683%2Fmd.mp4,annotated,Sora,0.22492347539439606
minimoments_29906066%2Fmd.mp4,annotated,Sora,0.012832587708971038
lakotacamp_563858347%2Fmd.mp4,annotated,Sora,0.04297150930068284
jeff1688_watermarked.mp4,annotated,Sora,0.0817047327525312
akshit-sarin_764972304%2Fmd.mp4,annotated,Sora,0.16474864610313164
sharinggann_490970802%2Fmd.mp4,annotated,Sora,0.056893101012479394
compeador_709661667%2Fmd.mp4,annotated,Sora,0.030094772780786434
roshancreativeart_858945850%2Fmd.mp4,annotated,Sora,0.03289086413939251
stolar9595_691371516%2Fmd.mp4,annotated,Sora,0.03564280668707323
komalsbt_645136479%2Fmd.mp4,annotated,Sora,0.14065811160819403
p_adamovich_811253046%2Fmd.mp4,annotated,Sora,0.005297857311043088
lukas9_958959024%2Fmd.mp4,annotated,Sora,0.046606428066870736
_horse_619318200%2Fmd.mp4,annotated,Sora,0.035274899929361905
anwar1001_368378969%2Fmd.mp4,annotated,Sora,0.02854956439839887
joaopedro6969_581170393%2Fmd.mp4,annotated,Sora,0.08876854250058866
donpapa_236435772%2Fmd.mp4,annotated,Sora,0.09868730868848599
deepk_689250595%2Fmd.mp4,annotated,Sora,0.05187485283729691
znexo_624641358%2Fmd.mp4,annotated,Sora,0.10600129503178714
odyax_813625445%2Fmd.mp4,annotated,Sora,0.03346479868142218
rohaid_985001207%2Fmd.mp4,annotated,Sora,0.06782728985165999
ignastefanini_997678504%2Fmd.mp4,annotated,Sora,0.06790087120320226
amorphouslibra_897590446%2Fmd.mp4,annotated,Sora,0.06637037909112314
rl83_517146405%2Fmd.mp4,annotated,Sora,0.0005297857311043089
k0tyaara_281920107%2Fmd.mp4,annotated,Sora,0.0050035319048740284
jesusfrustrado_296465501%2Fmd.mp4,annotated,Sora,0.17936190251942546
xaver123_585840804%2Fmd.mp4,annotated,Sora,0.1410701671768307
hisashin1975_466060065%2Fmd.mp4,annotated,Sora,0.26270014127619495
timoeppler_481008146%2Fmd.mp4,annotated,Sora,0.06716505768777961
thuykienteuong9638_512372216%2Fmd.mp4,annotated,Sora,0.005180127148575466
jademagnum_watermarked.mp4,annotated,Sora,0.041396868377678364
casp3rrrr_909638998%2Fmd.mp4,annotated,Sora,0.44593242288674356
knottedus_973961149%2Fmd.mp4,annotated,Sora,0.09983517777254532
8---d7652_28389355%2Fmd.mp4,annotated,Sora,0.034597951495173064
huettche_420044687%2Fmd.mp4,annotated,Sora,0.06083706145514481
stevo527_411288110%2Fmd.mp4,annotated,Sora,0.06812161525782906
myhorus_147210941%2Fmd.mp4,annotated,Sora,0.1862785495643984
germannick_86639057%2Fmd.mp4,annotated,Sora,0.014627972686602307
projec11_41028672%2Fmd.mp4,annotated,Sora,0.022206851895455612
klaushaller_382554895%2Fmd.mp4,annotated,Sora,0.002251589357193313
ricchierich_156556691%2Fmd.mp4,annotated,Sora,0.083647280433247
ecn9633_748655989%2Fmd.mp4,annotated,Sora,0.012185071815399105
adlgcxpm_635548396%2Fmd.mp4,annotated,Sora,0.003885095361431599
gtsir_592899335%2Fmd.mp4,annotated,Sora,0.03548092771368024
streeterberry_432117245%2Fmd.mp4,annotated,Sora,0.02815222510007064
babycharmcz_993616866%2Fmd.mp4,annotated,Sora,0.028431834235931243
g4mbitt_251561056%2Fmd.mp4,annotated,Sora,0.07795208382387567
sumar_344160108%2Fmd.mp4,annotated,Sora,0.005960089474923475
callumhall0504_276528656%2Fmd.mp4,annotated,Sora,0.09692135625147164
benigogoi_658001820%2Fmd.mp4,annotated,Sora,0.3336914292441724
lance_246_53175348%2Fmd.mp4,annotated,Sora,0.04283906286790676
thandonova_515713558%2Fmd.mp4,annotated,Sora,0.02529726866023075
gnah122_539420798%2Fmd.mp4,annotated,Sora,0.03297916176124323
divyang10_579399429%2Fmd.mp4,annotated,Sora,0.06198493053920414
mchyke_267318924%2Fmd.mp4,annotated,Sora,0.008829762185071815
motiet_806585431%2Fmd.mp4,annotated,Sora,0.09464033435366141
sm1689_391989685%2Fmd.mp4,annotated,Sora,0.2089268895691076
erhaudan_watermarked.mp4,annotated,Sora,0.6142424064045209
z3r0av3ng3r_775305982%2Fmd.mp4,annotated,Sora,0.009374264186484578
tonydebree_302936372%2Fmd.mp4,annotated,Sora,0.0040616906051330354
wanasiri_888227928%2Fmd.mp4,annotated,Sora,0.06823934542029668
boostgo_656435623%2Fmd.mp4,annotated,Sora,0.23495997174476102
ryomabou_798514238%2Fmd.mp4,annotated,Sora,0.017247468801506946
cache13_394202853%2Fmd.mp4,annotated,Sora,0.29457558276430423
tonytrex_849229028%2Fmd.mp4,annotated,Sora,0.028946903696727103
satoshiclub_690716138%2Fmd.mp4,annotated,Sora,0.028961619967035553
npecor_458161621%2Fmd.mp4,annotated,Sora,0.248116317400518
aifirst_758361788%2Fmd.mp4,annotated,Sora,0.024796915469743348
gertwilvenemagmailcom_455623523%2Fmd.mp4,annotated,Sora,0.003281728278785025
anujtiwary69_19415224%2Fmd.mp4,annotated,Sora,0.024885213091594065
till_zmn_353744639%2Fmd.mp4,annotated,Sora,0.09720096538733224
deep99_567425258%2Fmd.mp4,annotated,Sora,0.049844007534730395
kellyng_603157992%2Fmd.mp4,annotated,Sora,0.013774429008712032
slimxoxshady_716127548%2Fmd.mp4,annotated,Sora,0.0046650576877796095
bojackhorsemanpbj_113101031%2Fmd.mp4,annotated,Sora,0.03977807864374853
danieltayxs_660057025%2Fmd.mp4,annotated,Sora,0.007093242288674358
shade2690_899611330%2Fmd.mp4,annotated,Sora,0.002972686602307511
aaabnnon_466467197%2Fmd.mp4,annotated,Sora,0.020646927242759593
rmazzei_232208083%2Fmd.mp4,annotated,Sora,0.014142335766423358
akirakaweade_593876105%2Fmd.mp4,annotated,Sora,0.09447845538026843
organicspree_952205204%2Fmd.mp4,annotated,Sora,0.027843183423593126
ekimsloan_971390084%2Fmd.mp4,annotated,Sora,0.016982575935954793
jinjinjeong_547063959%2Fmd.mp4,annotated,Sora,0.04919649164115847
arnav619_734526242%2Fmd.mp4,annotated,Sora,0.1832175653402402
gio199999_299397529%2Fmd.mp4,annotated,Sora,0.00525370850011773
dow1_648329452%2Fmd.mp4,annotated,Sora,0.37479397221568167
therealdennis18_621864003%2Fmd.mp4,annotated,Sora,0.019042853779138214
funfun92_984322707%2Fmd.mp4,annotated,Sora,0.016599952907935013
rbrown907_162120050%2Fmd.mp4,annotated,Sora,0.007902637155639275
asuragate_952991473%2Fmd.mp4,annotated,Sora,0.04794560866493996
ge0rge89_777617921%2Fmd.mp4,annotated,Sora,0.01785083588415352
kotaroshimada_425382343%2Fmd.mp4,annotated,Sora,0.005224275959500825
aleks007_362820217%2Fmd.mp4,annotated,Sora,0.004929950553331764
june7777_362269320%2Fmd.mp4,annotated,Sora,0.02076465740522722
jmth_488817098%2Fmd.mp4,annotated,Sora,0.2426712973863904
anujdxb_242175959%2Fmd.mp4,annotated,Sora,0.002781375088297622
eth1270_932415528%2Fmd.mp4,annotated,Sora,0.012876736519896397
hain7_567128618%2Fmd.mp4,annotated,Sora,0.3971774193548387
akbarkareorg_452587540%2Fmd.mp4,annotated,Sora,0.015746409230044736
miele123_969486541%2Fmd.mp4,annotated,Sora,0.001736519896397457
kushagrakunwar_935631697%2Fmd.mp4,annotated,Sora,0.01270014127619496
torndivine_767710854%2Fmd.mp4,annotated,Sora,0.010890040028255239
fdfererrereer_659180772%2Fmd.mp4,annotated,Sora,0.12498528372969155
voice789_242587007%2Fmd.mp4,annotated,Sora,0.0055038850953614315
siva007_446834797%2Fmd.mp4,annotated,Sora,0.0050035319048740284
tteokbokki_1_537988682%2Fmd.mp4,annotated,Sora,0.1355957146220862
tommym_358791467%2Fmd.mp4,annotated,Sora,0.1494731575229574
aidenchoi0929_115923825%2Fmd.mp4,annotated,Sora,0.0053125735813515425
kingpiro38_588526570%2Fmd.mp4,annotated,Sora,0.002163291735342595
nakapike_872347434%2Fmd.mp4,annotated,Sora,0.006592889098186955
el_greco__247758180%2Fmd.mp4,annotated,Sora,0.02319284200612197
uppikhati_963738174%2Fmd.mp4,annotated,Sora,0.16226159642100305
stdc123_357135238%2Fmd.mp4,annotated,Sora,0.06740051801271485
hayodele_456014574%2Fmd.mp4,annotated,Sora,0.0016629385448551919
jaydenliu99_712857750%2Fmd.mp4,annotated,Sora,0.014304214739816341
ruslan_8_905536589%2Fmd.mp4,annotated,Sora,0.0838385919472569
pri-07_184643810%2Fmd.mp4,annotated,Sora,0.025194254768071578
mywebistop_675589014%2Fmd.mp4,annotated,Sora,0.021220861784789265
lord_granola_440596962%2Fmd.mp4,annotated,Sora,0.07425829997645396
elfatal_664268356%2Fmd.mp4,annotated,Sora,0.06351542265128327
paulkim73_860718930%2Fmd.mp4,annotated,Sora,0.03512773722627737
connorcac_562657148%2Fmd.mp4,annotated,Sora,0.009801036025429715
llllllahaks_297627079%2Fmd.mp4,annotated,Sora,0.04651813044502002
fdghhhhhhhhhhhg_999425854%2Fmd.mp4,annotated,Sora,0.03372969154697433
lonelyai_369000600%2Fmd.mp4,annotated,Sora,0.11621438662585355
1554545_990274538%2Fmd.mp4,annotated,Sora,0.001810101247939722
huydat1_730838639%2Fmd.mp4,annotated,Sora,0.07134447845538026
chhm97_756201403%2Fmd.mp4,annotated,Sora,0.00554803390628679
zarrinacc_480126720%2Fmd.mp4,annotated,Sora,0.01147869084059336
scottie4_41286205%2Fmd.mp4,annotated,Sora,0.028726159642100305
olgamerzlyakova_963491632%2Fmd.mp4,annotated,Sora,0.0777902048504827
tishaaaa_246495579%2Fmd.mp4,annotated,Sora,0.1836149046385684
salamehmo_634585565%2Fmd.mp4,annotated,Sora,0.01473098657876148
dadada2_watermarked.mp4,annotated,Sora,0.011360960678125736
leoleoleo100_951268817%2Fmd.mp4,annotated,Sora,0.00909465505062397
jallday_720591041%2Fmd.mp4,annotated,Sora,0.038497763126913116
kintop_371343820%2Fmd.mp4,annotated,Sora,0.06881327996232635
adil104_297888031%2Fmd.mp4,annotated,Sora,0.007343418883918059
reece654_234676358%2Fmd.mp4,annotated,Sora,0.028255238992229807
hibeagle_537720141%2Fmd.mp4,annotated,Sora,0.136272663056275
hermanossoccer_55879464%2Fmd.mp4,annotated,Sora,0.06815104779844597
scam2342_756030755%2Fmd.mp4,annotated,Sora,0.013053331763597834
maiko7979_947402348%2Fmd.mp4,annotated,Sora,0.06327996232634801
mehdee_mh_391433449%2Fmd.mp4,annotated,Sora,0.033391217329879916
grimreaper_650_210975587%2Fmd.mp4,annotated,Sora,0.041426300918295265
qosains_210565480%2Fmd.mp4,annotated,Sora,0.017571226748292913
shinebrite_624640796%2Fmd.mp4,annotated,Sora,0.2903814457263951
5ej_26436982%2Fmd.mp4,annotated,Sora,0.12101189074640922
safety_james_961418616%2Fmd.mp4,annotated,Sora,0.013318224629149989
vedio123_927219171%2Fmd.mp4,annotated,Sora,0.024134683305862964
kitsunen_994713703%2Fmd.mp4,annotated,Sora,0.4957469978808571
osobear_335488631%2Fmd.mp4,annotated,Sora,0.06403049211207912
chriskpictures_966578016%2Fmd.mp4,annotated,Sora,0.009462561808335296
pitbullboy_95829927%2Fmd.mp4,annotated,Sora,0.03589298328231693
irise2025_60511699%2Fmd.mp4,annotated,Sora,0.06667942076760065
dmv7_792530860%2Fmd.mp4,annotated,Sora,0.0208971038380033
kerpalmagyar_877341020%2Fmd.mp4,annotated,Sora,0.013951024252413468
trappk_989745698%2Fmd.mp4,annotated,Sora,0.19657993878031554
b_i_a_777331738%2Fmd.mp4,annotated,Sora,0.04285377913821521
nenogt_324502827%2Fmd.mp4,annotated,Sora,0.07995349658582529
ssoorraassoorraa_14251048%2Fmd.mp4,annotated,Sora,0.5348628443607252
reamoore_850641240%2Fmd.mp4,annotated,Sora,0.045252531198493054
mrysbekov_308992830%2Fmd.mp4,annotated,Sora,0.05870320226041912
tkdnjf_868758132%2Fmd.mp4,annotated,Sora,0.041352719566753
12345-90086_161537791%2Fmd.mp4,annotated,Sora,0.25900635742877326
paulfifita_820510104%2Fmd.mp4,annotated,Sora,0.07093242288674359
oclo_715728439%2Fmd.mp4,annotated,Sora,0.007461149046385684
prince8169827997_905030388%2Fmd.mp4,annotated,Sora,0.01799799858723805
sexikhepri_984408016%2Fmd.mp4,annotated,Sora,0.3585177772545326
reenabhatt_529843516%2Fmd.mp4,annotated,Sora,0.08535436778902754
hirose0725_388456515%2Fmd.mp4,annotated,Sora,0.005562750176595244
shahmanish_978894050%2Fmd.mp4,annotated,Sora,0.05455321403343537
imageofsar_414834608%2Fmd.mp4,annotated,Sora,0.04616493995761714
variamanti_806564388%2Fmd.mp4,annotated,Sora,0.011537555921827173
hollywood26_918417423%2Fmd.mp4,annotated,Sora,0.007858488344713916
techwithvee_990740138%2Fmd.mp4,annotated,Sora,0.014613256416293855
pippogames_547823636%2Fmd.mp4,annotated,Sora,0.20754356016011302
eageroij_788279597%2Fmd.mp4,annotated,Sora,0.006386861313868613
topvogue_922099355%2Fmd.mp4,annotated,Sora,0.12414645632210973
dimgouso_917618391%2Fmd.mp4,annotated,Sora,0.09842241582293383
tailoredshorts_412367036%2Fmd.mp4,annotated,Sora,0.15643395337885566
gauravsingh4268_942656298%2Fmd.mp4,annotated,Sora,0.020058276430421473
eafunu_566106041%2Fmd.mp4,annotated,Sora,0.14048151636449258
don-olsen_996780737%2Fmd.mp4,annotated,Sora,0.008859194725688722
live0333_736455123%2Fmd.mp4,annotated,Sora,0.0060042382858488345
2111132_923581868%2Fmd.mp4,annotated,Sora,0.010816458676712973
gilmomedia_357265093%2Fmd.mp4,annotated,Sora,0.015981869554979985
missicsart_909039448%2Fmd.mp4,annotated,Sora,0.020558629620908875
sakaya5_515406421%2Fmd.mp4,annotated,Sora,0.0075935954791617605
khactung_576179112%2Fmd.mp4,annotated,Sora,0.3174299505533318
wilnmind_843677742%2Fmd.mp4,annotated,Sora,0.018807393454202966
dragonvision_852957896%2Fmd.mp4,annotated,Sora,0.05219861078408288
onewestside_183696504%2Fmd.mp4,annotated,Sora,0.013068048033906286
afterburner739_499935257%2Fmd.mp4,annotated,Sora,0.09038733223451849
vishald632_357366566%2Fmd.mp4,annotated,Sora,0.14894337179185307
y_alkhattab_193783046%2Fmd.mp4,annotated,Sora,0.045252531198493054
abcd-x_714432516%2Fmd.mp4,annotated,Sora,0.0018983988697904403
neovii_479248543%2Fmd.mp4,annotated,Sora,0.02360489757475865
clozoro_828586341%2Fmd.mp4,annotated,Sora,0.01930774664469037
zjj44_212758573%2Fmd.mp4,annotated,Sora,0.23050094184129974
arukamo_935771223%2Fmd.mp4,annotated,Sora,0.07106486931951965
peiris16_201582618%2Fmd.mp4,annotated,Sora,0.016614669178243467
zlimvos_329113158%2Fmd.mp4,annotated,Sora,0.001236166705910054
shubhashish7001_897617246%2Fmd.mp4,annotated,Sora,0.04725394396044267
sank005_570995814%2Fmd.mp4,annotated,Sora,0.028211090181304452
louismilan_921024380%2Fmd.mp4,annotated,Sora,0.24243583706145513
aymbot_529062337%2Fmd.mp4,annotated,Sora,0.03103661408052743
anuj_kothari_264220718%2Fmd.mp4,annotated,Sora,0.09762773722627738
togepi98_60012120%2Fmd.mp4,annotated,Sora,0.04029314810454439
alfredo70_760449309%2Fmd.mp4,annotated,Sora,0.010095361431598775
jchrispin_668493906%2Fmd.mp4,annotated,Sora,0.04016070167176831
adryan91_80558088%2Fmd.mp4,annotated,Sora,0.23042736048975748
tattleturtle_952944948%2Fmd.mp4,annotated,Sora,0.0049593830939486695
giumafra_731864805%2Fmd.mp4,annotated,Sora,0.05799682128561337
naturebd_47922430%2Fmd.mp4,annotated,Sora,0.013141629385448553
joy1509_887794620%2Fmd.mp4,annotated,Sora,0.0033111608194019305
barizzaofis_795702849%2Fmd.mp4,annotated,Sora,0.06788615493289381
noah_boa13_976875120%2Fmd.mp4,annotated,Sora,0.1268395337885566
nile_6594_825743924%2Fmd.mp4,annotated,Sora,0.11219684483164587
przemko3333_624397816%2Fmd.mp4,annotated,Sora,0.23039792794914055
pricewon_386607539%2Fmd.mp4,annotated,Sora,0.010374970567459382
hardyfan863_851916789%2Fmd.mp4,annotated,Sora,0.12167412291028962
kruyuth_971299712%2Fmd.mp4,annotated,Sora,0.12539733929832822
tobicreates_672757366%2Fmd.mp4,annotated,Sora,0.09957028490699317
dkwalter77_808295025%2Fmd.mp4,annotated,Sora,0.06934306569343066
pawtheru_46555770%2Fmd.mp4,annotated,Sora,0.13100423828584884
yudyhandri_295217095%2Fmd.mp4,annotated,Sora,0.05252236873086885
bloomxd_407394449%2Fmd.mp4,annotated,Sora,0.038453614315987754
xxxxapple_622763465%2Fmd.mp4,annotated,Sora,0.0037232163880386157
rich727_394449732%2Fmd.mp4,annotated,Sora,0.05165410878267012
skyfromtheblue_854567402%2Fmd.mp4,annotated,Sora,0.19746291499882268
kapten04_583390041%2Fmd.mp4,annotated,Sora,0.11410995997174475
cgdg_99696766%2Fmd.mp4,annotated,Sora,0.0508152813750883
docdirk_900439986%2Fmd.mp4,annotated,Sora,0.09927595950082412
fantaran_543574120%2Fmd.mp4,annotated,Sora,0.0885625147162703
doroshev_976250727%2Fmd.mp4,annotated,Sora,0.06254414881092536
dreamticket_736925287%2Fmd.mp4,annotated,Sora,0.01964622086178479
sprnodes_126503992%2Fmd.mp4,annotated,Sora,0.004635625147162703
travelingtiger_watermarked.mp4,annotated,Sora,0.045487991523428306
meisech_339250796%2Fmd.mp4,annotated,Sora,0.013951024252413468
jk0019_135807324%2Fmd.mp4,annotated,Sora,0.05795267247468802
arfo75_154788139%2Fmd.mp4,annotated,Sora,0.013656698846244408
jesustarrr_301218199%2Fmd.mp4,annotated,Sora,0.05963032728985166
nadaaltaher_584598434%2Fmd.mp4,annotated,Sora,0.014524958794443137
luxurie_471830830%2Fmd.mp4,annotated,Sora,0.03926300918295267
helegiel_306124228%2Fmd.mp4,annotated,Sora,0.10086531669413704
laiwang_537594903%2Fmd.mp4,annotated,Sora,0.06798916882505297
accalmie_531835679%2Fmd.mp4,annotated,Sora,0.014260065928890982
1tree2_75260605%2Fmd.mp4,annotated,Sora,0.014304214739816341
gorain_580903709%2Fmd.mp4,annotated,Sora,0.05771721214975277
childrengame_349702204%2Fmd.mp4,annotated,Sora,0.0053125735813515425
arbechemindo_530571076%2Fmd.mp4,annotated,Sora,0.004768071579938781
janzuary_487873408%2Fmd.mp4,annotated,Sora,0.003487756063103367
maria2_625193172%2Fmd.mp4,annotated,Sora,0.037158582528843895
honorable1_579788276%2Fmd.mp4,annotated,Sora,0.014907581822462913
yun9699_823054130%2Fmd.mp4,annotated,Sora,0.1125941841299741
nerof76_179217329%2Fmd.mp4,annotated,Sora,0.02963856840122439
babygaang_398671334%2Fmd.mp4,annotated,Sora,0.12784024016953144
test_video_coffee_392115691%2Fmd.mp4,annotated,Sora,0.2761213797975041
mikebpolo_714766101%2Fmd.mp4,annotated,Sora,0.013524252413468331
coretech-video_320299135%2Fmd.mp4,annotated,Sora,0.1272515893571933
drrm_879708150%2Fmd.mp4,annotated,Sora,0.022604191193783846
deadlycious_473215800%2Fmd.mp4,annotated,Sora,0.12482340475629856
tataukee_154433806%2Fmd.mp4,annotated,Sora,0.13873028019778666
ladvision_51306946%2Fmd.mp4,annotated,Sora,0.02111784789263009
coqrouge_309642307%2Fmd.mp4,annotated,Sora,0.5383358841535202
riandiok_656364797%2Fmd.mp4,annotated,Sora,0.06189663291735342
tmoo1_716603937%2Fmd.mp4,annotated,Sora,0.05527431127854956
sgcgmdavid_70226623%2Fmd.mp4,annotated,Sora,0.10191017188603721
nk01_515387485%2Fmd.mp4,annotated,Sora,0.012803155168354133
ancade_283672368%2Fmd.mp4,annotated,Sora,0.02548858017424064
95trevorthompson_watermarked.mp4,annotated,Sora,0.04562043795620438
szaraherbata_609459192%2Fmd.mp4,annotated,Sora,0.006166117259241818
lontongg_830571883%2Fmd.mp4,annotated,Sora,0.0632210972451142
ashes1881_697273547%2Fmd.mp4,annotated,Sora,0.16236461031316224
palpunuri_423229998%2Fmd.mp4,annotated,Sora,0.16984047562985638
plexicat_902559357%2Fmd.mp4,annotated,Sora,0.2306628208146927
shameemanjum_16051423%2Fmd.mp4,annotated,Sora,0.17313692017894983
rene_star_657081390%2Fmd.mp4,annotated,Sora,0.04036672945608665
srichard_120064522%2Fmd.mp4,annotated,Sora,0.017247468801506946
dmrdn_945608709%2Fmd.mp4,annotated,Sora,0.07945314339533789
ambika8802_watermarked.mp4,annotated,Sora,0.009712738403578999
murf890_938448865%2Fmd.mp4,annotated,Sora,0.008506004238285849
yanghyunjung34_912735327%2Fmd.mp4,annotated,Sora,0.013215210736990817
fuego_frank_625157043%2Fmd.mp4,annotated,Sora,0.014657405227219214
ariasto_852379771%2Fmd.mp4,annotated,Sora,0.08745879444313633
standleye_813498197%2Fmd.mp4,annotated,Sora,0.0182334589121733
ur0214_106232589%2Fmd.mp4,annotated,Sora,0.059041676477513544
lp_dip_847320339%2Fmd.mp4,annotated,Sora,0.022515893571933128
zensyne_616926385%2Fmd.mp4,annotated,Sora,0.0031787143866258533
kumark9_939199529%2Fmd.mp4,annotated,Sora,0.0030462679538497766
vladiszombie_779262883%2Fmd.mp4,annotated,Sora,0.01839533788556628
avamarketing_582895542%2Fmd.mp4,annotated,Sora,0.020897103838003295
juice126_679243754%2Fmd.mp4,annotated,Sora,0.3046267953849776
raviiranjan_471925764%2Fmd.mp4,annotated,Sora,0.057246291499882265
leopard1223_107764534%2Fmd.mp4,annotated,Sora,0.009756887214504356
dronex_59193099%2Fmd.mp4,annotated,Sora,0.1403196373910996
ormanbeckles_193195260%2Fmd.mp4,annotated,Sora,0.06335354367789028
x-tiberious_611747883%2Fmd.mp4,annotated,Sora,0.004046974334824582
kkeeyou_701029214%2Fmd.mp4,annotated,Sora,0.007181539910525077
stiegen_287752442%2Fmd.mp4,annotated,Sora,0.11555215446197316
elmira97_594750276%2Fmd.mp4,annotated,Sora,0.03219919943489522
1121231231231231_643574533%2Fmd.mp4,annotated,Sora,0.10267541794207677
woongkim18_759064344%2Fmd.mp4,annotated,Sora,0.014318931010124793
figolu69_675850694%2Fmd.mp4,annotated,Sora,0.007843772074405463
gotham22143_255625921%2Fmd.mp4,annotated,Sora,0.0759359547916176
luc-mt_971895655%2Fmd.mp4,annotated,Sora,0.11438956910760537
fullife_972580013%2Fmd.mp4,annotated,Sora,0.0020897103838003295
doorinvasion_273464560%2Fmd.mp4,annotated,Sora,0.008859194725688722
udaanmarketing_614455430%2Fmd.mp4,annotated,Sora,0.008476571697668942
bytebuilders_205000963%2Fmd.mp4,annotated,Sora,0.21398928655521546
jphil16_592195217%2Fmd.mp4,annotated,Sora,0.03287614786908406
faultiergpt_980305976%2Fmd.mp4,annotated,Sora,0.028431834235931246
hariviswanathan_952791628%2Fmd.mp4,annotated,Sora,0.017012008476571697
dirtgamerzz_86749701%2Fmd.mp4,annotated,Sora,0.03686425712267483
adarsh1431a_967753927%2Fmd.mp4,annotated,Sora,0.01886625853543678
makifuwo_799712489%2Fmd.mp4,annotated,Sora,0.1424829291264422
philipp77777_69930550%2Fmd.mp4,annotated,Sora,0.0666058394160584
el-_429578756%2Fmd.mp4,annotated,Sora,0.010831174947021427
pavan011_19474876%2Fmd.mp4,annotated,Sora,0.08479514951730634
k8from2n_663197102%2Fmd.mp4,annotated,Sora,0.008226395102425241
junz2_156186885%2Fmd.mp4,annotated,Sora,0.0018689663291735343
hebingcheng_94020428%2Fmd.mp4,annotated,Sora,0.02101483400047092
annetst_921821427%2Fmd.mp4,annotated,Sora,0.005445020014127619
villads_665047215%2Fmd.mp4,annotated,Sora,0.2212149752766659
yarreg_533722187%2Fmd.mp4,annotated,Sora,0.028137508829762188
sockrobot_927555109%2Fmd.mp4,annotated,Sora,0.02494407817282788
naosmee_494256556%2Fmd.mp4,annotated,Sora,0.0416028961619967
peanutsm78_744882768%2Fmd.mp4,annotated,Sora,0.014363079821050152
arcidalia_981981851%2Fmd.mp4,annotated,Sora,0.01683541323287026
itzbeckz_470277008%2Fmd.mp4,annotated,Sora,0.051506946079585586
chris-is-agile_293885078%2Fmd.mp4,annotated,Sora,0.06236755356722392
atheef_583386805%2Fmd.mp4,annotated,Sora,0.01152283965151872
nicholtn_170685276%2Fmd.mp4,annotated,Sora,0.07141805980692253
dendemaster_759866418%2Fmd.mp4,annotated,Sora,0.14283611961384507
xpventures_743616111%2Fmd.mp4,annotated,Sora,0.050844713915705206
joyfuljourneyparenting_424442081%2Fmd.mp4,annotated,Sora,0.033479514951730634
gimdonghun_320759929%2Fmd.mp4,annotated,Sora,0.05075641629385449
yvesun_587589701%2Fmd.mp4,annotated,Sora,0.004929950553331763
krumatcha_255949224%2Fmd.mp4,annotated,Sora,0.3428302331057217
bootgimp_65065717%2Fmd.mp4,annotated,Sora,0.16636743583706146
visomero_462787254%2Fmd.mp4,annotated,Sora,0.009388980456793032
elmikafebrina_187372913%2Fmd.mp4,annotated,Sora,0.09324228867435837
sunjove_275229925%2Fmd.mp4,annotated,Sora,0.01177301624676242
zackjoyce_135844721%2Fmd.mp4,annotated,Sora,0.1622174476100777
jihea_639834535%2Fmd.mp4,annotated,Sora,0.002899105250765246
missionary0_517250858%2Fmd.mp4,annotated,Sora,0.014657405227219214
alivecoaching_362499862%2Fmd.mp4,annotated,Sora,0.005974805745231929
sagarcia8_453490180%2Fmd.mp4,annotated,Sora,0.021397457028490698
angiemarierm_141689241%2Fmd.mp4,annotated,Sora,0.0035319048740287263
rahulharsha_587511658%2Fmd.mp4,annotated,Sora,0.0014569107605368495
cdkljfh3546yrfg_160472766%2Fmd.mp4,annotated,Sora,0.0124058158700259
yah2x_860313492%2Fmd.mp4,annotated,Sora,0.00871203202260419
quackel_601306478%2Fmd.mp4,annotated,Sora,0.011081351542265128
adosphere01_656411819%2Fmd.mp4,annotated,Sora,0.05829114669178244
medicaldetective1_908697545%2Fmd.mp4,annotated,Sora,0.055656934306569344
kidzynavi123_689657620%2Fmd.mp4,annotated,Sora,0.14863433011537555
helen-of-troy_926105390%2Fmd.mp4,annotated,Sora,0.02567989168825053
ubecat_42393128%2Fmd.mp4,annotated,Sora,0.005165410878267012
tonytran90_964327560%2Fmd.mp4,annotated,Sora,0.02924122910289616
blazicks_318148198%2Fmd.mp4,annotated,Sora,0.07035848834471392
breathesisbykenique_806232855%2Fmd.mp4,annotated,Sora,0.05181598775606311
matsnminds_61606403%2Fmd.mp4,annotated,Sora,0.05181598775606311
tdog615_585363059%2Fmd.mp4,annotated,Sora,0.015628679067577114
kiangsvd_816947996%2Fmd.mp4,annotated,Sora,0.014289498469507887
rktmn2_292303902%2Fmd.mp4,annotated,Sora,0.004826936661172593
kimsungin_515912855%2Fmd.mp4,annotated,Sora,0.0576436307982105
zakikirkham_338839601%2Fmd.mp4,annotated,Sora,0.022133270543913352
akihiro_n_525531899%2Fmd.mp4,annotated,Sora,0.07028490699317165
aphillips8430_842158779%2Fmd.mp4,annotated,Sora,0.050462090887685426
halon3_433256855%2Fmd.mp4,annotated,Sora,0.004591476336237344
chaun811_166688670%2Fmd.mp4,annotated,Sora,0.39098186955498004
nguyenhieuls_243551143%2Fmd.mp4,annotated,Sora,0.4581027784318342
youjin-lucy_796078320%2Fmd.mp4,annotated,Sora,0.0044590299034612665
crisgonb_682370524%2Fmd.mp4,annotated,Sora,0.00846185542736049
junghyang_152370562%2Fmd.mp4,annotated,Sora,0.03930715799387803
miina-nana_85291939%2Fmd.mp4,annotated,Sora,0.04301565811160819
r41nm4k3r_558614839%2Fmd.mp4,annotated,Sora,0.30135978337650104
tuklex_508111382%2Fmd.mp4,annotated,Sora,0.10736990817047326
mobeka1_220867295%2Fmd.mp4,annotated,Sora,0.01649693901577584
kksr_479831408%2Fmd.mp4,annotated,Sora,0.13238756769484342
yoyo222_213633613%2Fmd.mp4,annotated,Sora,0.003634918766187897
tommy805surfer_948916724%2Fmd.mp4,annotated,Sora,0.14635330821756534
kotw305_70290367%2Fmd.mp4,annotated,Sora,0.16919295973628445
pit2523_584545686%2Fmd.mp4,annotated,Sora,0.12188015069460796
kfwkfkfwlfj_764392770%2Fmd.mp4,annotated,Sora,0.09708323522486462
krishna8686_watermarked.mp4,annotated,Sora,0.0204261831881328
digitalwebkrida_530672759%2Fmd.mp4,annotated,Sora,0.16544031080762892
johnwickerson_618482429%2Fmd.mp4,annotated,Sora,0.18867730162467625
adcollective_150185417%2Fmd.mp4,annotated,Sora,0.0340534494937603
escheer_817543978%2Fmd.mp4,annotated,Sora,0.06282375794678596
sir_crypto_141038241%2Fmd.mp4,annotated,Sora,0.03652578290558041
essilon_437013608%2Fmd.mp4,annotated,Sora,0.15619849305392042
marcelo122ju_767092408%2Fmd.mp4,annotated,Sora,0.004149988226983753
simatic95_970615650%2Fmd.mp4,annotated,Sora,0.005989522015540382
_dri__121308411%2Fmd.mp4,annotated,Sora,0.0020161290322580645
t404_633970560%2Fmd.mp4,annotated,Sora,0.01702672474688015
tr0902_734524451%2Fmd.mp4,annotated,Sora,0.09450788792088533
niurkamilenka_394751153%2Fmd.mp4,annotated,Sora,0.00685778196373911
andrewkorolow_973684774%2Fmd.mp4,annotated,Sora,0.07736343301153756
marum0927_164451429%2Fmd.mp4,annotated,Sora,0.002928537791382152
abanuni_29343697%2Fmd.mp4,annotated,Sora,0.09503767365198965
rgs72_828992331%2Fmd.mp4,annotated,Sora,0.04170591005415588
mysticnomadmuse_458158329%2Fmd.mp4,annotated,Sora,0.09380150694607958
schiller2011_629203786%2Fmd.mp4,annotated,Sora,0.026533435366140806
codumo_844467006%2Fmd.mp4,annotated,Sora,0.008976924888156346
user_23456789_187557025%2Fmd.mp4,annotated,Sora,0.030374381916647045
tcptcptcp_450777526%2Fmd.mp4,annotated,Sora,0.05118318813279962
kryco_250868939%2Fmd.mp4,annotated,Sora,0.010713444784553803
axo09_278259719%2Fmd.mp4,annotated,Sora,0.022515893571933128
eun99_457380646%2Fmd.mp4,annotated,Sora,0.011154932893807392
nicl1_826528268%2Fmd.mp4,annotated,Sora,0.03526018365905345
050221_138598904%2Fmd.mp4,annotated,Sora,0.005827643042147399
zhangmazi_521183481%2Fmd.mp4,annotated,Sora,0.015481516364492583
vbvvvv_212826510%2Fmd.mp4,annotated,Sora,0.017409347774899928
dong988_849757725%2Fmd.mp4,annotated,Sora,0.024252413468330583
mei3xxx_273654546%2Fmd.mp4,annotated,Sora,0.016290911231457497
22225591_159614590%2Fmd.mp4,annotated,Sora,0.08503060984224159
twokates_watermarked.mp4,annotated,Sora,0.008888627266305626
ritzdeo_246346291%2Fmd.mp4,annotated,Sora,0.24259771603484814
revatiaccounting_297487665%2Fmd.mp4,annotated,Sora,0.021927242759595008
tejaw_414178971%2Fmd.mp4,annotated,Sora,0.024546738874499645
lucky41_505428209%2Fmd.mp4,annotated,Sora,0.15402048504826937
taypootie_198800888%2Fmd.mp4,annotated,Sora,0.004046974334824582
pvwalter_835388213%2Fmd.mp4,annotated,Sora,0.08723805038850954
kietvt1_224533072%2Fmd.mp4,annotated,Sora,0.3474658582528844
nannytip_516229679%2Fmd.mp4,annotated,Sora,0.37804626795384977
imgisthelimit_142190191%2Fmd.mp4,annotated,Sora,0.3266864845773487
sorustudio_876908138%2Fmd.mp4,annotated,Sora,0.1251913115140099
ssmoney_233809%2Fmd.mp4,annotated,Sora,0.06042500588650812
kazuma3_180419351%2Fmd.mp4,annotated,Sora,0.19315104779844597
randa0523_554849011%2Fmd.mp4,annotated,Sora,0.03374440781728279
sanjeewaw_586509317%2Fmd.mp4,annotated,Sora,0.03203732046150224
adafafffaf5455_136583813%2Fmd.mp4,annotated,Sora,0.08183717918530728
rainbow_123_130849515%2Fmd.mp4,annotated,Sora,0.11277077937367554
limor1501_687703864%2Fmd.mp4,annotated,Sora,0.006136684718624911
gabrielc_203_695863521%2Fmd.mp4,annotated,Sora,0.0038409465505062396
jeroenbas_704163635%2Fmd.mp4,annotated,Sora,0.022000824111137275
yomosaku_246245996%2Fmd.mp4,annotated,Sora,0.07549446668236402
derrts_558635912%2Fmd.mp4,annotated,Sora,0.003340593360018837
frazonline_75275353%2Fmd.mp4,annotated,Sora,0.0394101718860372
nate24_461546493%2Fmd.mp4,annotated,Sora,0.011081351542265128
varnas_620727771%2Fmd.mp4,annotated,Sora,0.006445726395102425
digitosdm_257072956%2Fmd.mp4,annotated,Sora,0.10438250529785731
mafgos_558284776%2Fmd.mp4,annotated,Sora,0.024149399576171415
luminai28_790257220%2Fmd.mp4,annotated,Sora,0.011169649164115846
alankam_988968402%2Fmd.mp4,annotated,Sora,0.009653873322345186
jin48mailru_24640877%2Fmd.mp4,annotated,Sora,0.0615287261596421
valeken_503756409%2Fmd.mp4,annotated,Sora,0.06483988697904404
asimjofa321_148452168%2Fmd.mp4,annotated,Sora,0.04578231692959736
garotojoao_523972916%2Fmd.mp4,annotated,Sora,0.22680715799387802
englisheasystudy_728504513%2Fmd.mp4,annotated,Sora,0.4625176595243702
hang41_949506370%2Fmd.mp4,annotated,Sora,0.028623145749941136
joren111_304812655%2Fmd.mp4,annotated,Sora,0.4591182010831175
believeinjc_586471273%2Fmd.mp4,annotated,Sora,0.008123381210266071
josetorres21_990373300%2Fmd.mp4,annotated,Sora,0.0048563692017894984
nokonoko__289792548%2Fmd.mp4,annotated,Sora,0.04837238050388509
svald99_149149823%2Fmd.mp4,annotated,Sora,0.11887803155168354
bfrkyr_986901808%2Fmd.mp4,annotated,Sora,0.15173946315045914
palagio91_306235273%2Fmd.mp4,annotated,Sora,0.0037379326583470685
kruxly_47357269%2Fmd.mp4,annotated,Sora,0.21681481045443843
alwyns_502037549%2Fmd.mp4,annotated,Sora,0.03425947727807865
babychamp_128451259%2Fmd.mp4,annotated,Sora,0.09010772309865789
elrike_953310629%2Fmd.mp4,annotated,Sora,0.009124087591240875
zwh362_976804832%2Fmd.mp4,annotated,Sora,0.022147986814221803
xterrax_165041907%2Fmd.mp4,annotated,Sora,0.015010595714622085
goipon_326967631%2Fmd.mp4,annotated,Sora,0.007225688721450436
wpking_992356202%2Fmd.mp4,annotated,Sora,0.013112196844831647
23234111213123123123_474219769%2Fmd.mp4,annotated,Sora,0.02601836590534495
gaga12312343_160416655%2Fmd.mp4,annotated,Sora,0.07066753002119143
weel1969_527320315%2Fmd.mp4,annotated,Sora,0.0007652460560395574
cihjrp_271742031%2Fmd.mp4,annotated,Sora,0.0013686131386861315
bharath2502_847284518%2Fmd.mp4,annotated,Sora,0.008226395102425241
sterco_223831622%2Fmd.mp4,annotated,Sora,0.16635271956675302
marzej_607057221%2Fmd.mp4,annotated,Sora,0.07920296680009418
aix_innovation_lab_655744264%2Fmd.mp4,annotated,Sora,0.027887332234518482
sawaran_311452947%2Fmd.mp4,annotated,Sora,0.0028843889804567933
lakhe_428465144%2Fmd.mp4,annotated,Sora,0.00977160348481281
spiralcyc_417249819%2Fmd.mp4,annotated,Sora,0.00540087120320226
dookiecookie_732069723%2Fmd.mp4,annotated,Sora,0.009006357428773253
brickwahl_999_509695725%2Fmd.mp4,annotated,Sora,0.033641393925123615
andy2510_13896800%2Fmd.mp4,annotated,Sora,0.03177242759595008
shopbytoniamockup_316609902%2Fmd.mp4,annotated,Sora,0.028225806451612902
batmang_492024172%2Fmd.mp4,annotated,Sora,0.00428243465975983
leraaxe_587107646%2Fmd.mp4,annotated,Sora,0.06878384742170944
zeljkonovakov_286730206%2Fmd.mp4,annotated,Sora,0.11549328938073936
bl8ckh8mm3r83_445636073%2Fmd.mp4,annotated,Sora,0.01630562750176595
fashionnat_360058630%2Fmd.mp4,annotated,Sora,0.22298092771368025
slava_y_695501094%2Fmd.mp4,annotated,Sora,0.02335472097951495
mikonorip_346563989%2Fmd.mp4,annotated,Sora,0.010787026136096068
gergelykovacs1983_739310197%2Fmd.mp4,annotated,Sora,0.004679773958088062
dynahrm_315303480%2Fmd.mp4,annotated,Sora,0.015525665175417942
fordy09_751823083%2Fmd.mp4,annotated,Sora,0.011051919001648222
flepp2025_603653671%2Fmd.mp4,annotated,Sora,0.17808158700259008
yoursilentretreat_870272971%2Fmd.mp4,annotated,Sora,0.06731222039086414
sonofyakub_885154928%2Fmd.mp4,annotated,Sora,0.05990993642571227
wil2206_16489005%2Fmd.mp4,annotated,Sora,0.004826936661172593
crimony_37712692%2Fmd.mp4,annotated,Sora,0.010948905109489052
dkmagu_426680524%2Fmd.mp4,annotated,Sora,0.03411231457499411
illilui_685099558%2Fmd.mp4,annotated,Sora,0.005518601365669885
sartoryu_877312502%2Fmd.mp4,annotated,Sora,0.05840887685425006
0065464654_4804233%2Fmd.mp4,annotated,Sora,0.024193548387096774
yzyma_536969425%2Fmd.mp4,annotated,Sora,0.20863256416293854
gclapham_544243996%2Fmd.mp4,annotated,Sora,0.00651930774664469
ictoken_239589133%2Fmd.mp4,annotated,Sora,0.015128325877089711
brandonius_942619990%2Fmd.mp4,annotated,Sora,0.03503943960442665
alxndraag_499864146%2Fmd.mp4,annotated,Sora,0.051227336943724985
kreidev_279191945%2Fmd.mp4,annotated,Sora,0.041131975512126204
pablank_91903847%2Fmd.mp4,annotated,Sora,0.08118966329173534
kitfatcat_193688388%2Fmd.mp4,annotated,Sora,0.06735636920178949
xhale2007_967555050%2Fmd.mp4,annotated,Sora,0.08177831410407346
advivedi9_742747348%2Fmd.mp4,annotated,Sora,0.006637037909112314
yao628_222666687%2Fmd.mp4,annotated,Sora,0.028917471156110194
lukreaner_575344018%2Fmd.mp4,annotated,Sora,0.0318607252178008
effn_844305696%2Fmd.mp4,annotated,Sora,0.0036790675771132563
savadude_178879763%2Fmd.mp4,annotated,Sora,0.035466211443371795
thesorrow_478375153%2Fmd.mp4,annotated,Sora,0.055877678361196136
lars670_439938794%2Fmd.mp4,annotated,Sora,0.12661878973392982
pawelciolka_679542558%2Fmd.mp4,annotated,Sora,0.08831233812102661
amirflg1960_800479732%2Fmd.mp4,annotated,Sora,0.003811514009889334
irmatorres_137920054%2Fmd.mp4,annotated,Sora,0.004974099364257123
nerimal_257200770%2Fmd.mp4,annotated,Sora,0.23506298563692019
agpdd_759040193%2Fmd.mp4,annotated,Sora,0.02893218742641865
iegjr_272062666%2Fmd.mp4,annotated,Sora,0.0175123616670591
jeonghuijeong_992609226%2Fmd.mp4,annotated,Sora,0.40508005651047796
pride777_147144265%2Fmd.mp4,annotated,Sora,0.040278431834235934
abbasi303_277787488%2Fmd.mp4,annotated,Sora,0.042706616435130684
barbagallo_478897870%2Fmd.mp4,annotated,Sora,0.036202024958794446
teru-1025_987976562%2Fmd.mp4,annotated,Sora,0.004547327525311985
meotor_983822491%2Fmd.mp4,annotated,Sora,0.006151400988933365
amack04_632760166%2Fmd.mp4,annotated,Sora,0.16156993171650574
juneyjay_925085337%2Fmd.mp4,annotated,Sora,0.042618318813279966
anabohuele_920521129%2Fmd.mp4,annotated,Sora,0.03411231457499411
dudxs_watermarked.mp4,annotated,Sora,0.019293030374381917
ypw1_515937135%2Fmd.mp4,annotated,Sora,0.34818695549799855
solar2025_588665014%2Fmd.mp4,annotated,Sora,0.010492700729927008
tkc_1_2614652%2Fmd.mp4,annotated,Sora,0.013009182952672475
artzet_940092949%2Fmd.mp4,annotated,Sora,0.02562102660701672
7negiashish_371783258%2Fmd.mp4,annotated,Sora,0.11372733694372497
alma0307_733145307%2Fmd.mp4,annotated,Sora,0.053508358841535195
steven871_202168671%2Fmd.mp4,annotated,Sora,0.01820402637155639
jonas9x9_283347008%2Fmd.mp4,annotated,Sora,0.036775959500824115
seth7777_425459973%2Fmd.mp4,annotated,Sora,0.015878855662820816
aqulley_655469041%2Fmd.mp4,annotated,Sora,0.05774664469036968
flexinfo_400707893%2Fmd.mp4,annotated,Sora,0.20305509771603483
sarastasi_5259093%2Fmd.mp4,annotated,Sora,0.011360960678125736
sj_2216_922899371%2Fmd.mp4,annotated,Sora,0.12267482929126443
chatgptplususer0_409682271%2Fmd.mp4,annotated,Sora,0.005283141040734636
victorurrutia30_13744187%2Fmd.mp4,annotated,Sora,0.032905580409700964
asd123zxc2314_385850007%2Fmd.mp4,annotated,Sora,0.011508123381210265
sreenit_533089289%2Fmd.mp4,annotated,Sora,0.038394749234753944
ak1990_679900919%2Fmd.mp4,annotated,Sora,0.09587650105957146
sodiqjons_831648738%2Fmd.mp4,annotated,Sora,0.5338915705203673
alexa90_19844171%2Fmd.mp4,annotated,Sora,0.09222686602307512
timxneu_935696439%2Fmd.mp4,annotated,Sora,0.043692606545797034
rudra95_212593840%2Fmd.mp4,annotated,Sora,0.44805156581116085
hbao_311792413%2Fmd.mp4,annotated,Sora,0.024031669413703792
7adi1_961703618%2Fmd.mp4,annotated,Sora,0.029903461266776548
ninad_92_282551264%2Fmd.mp4,annotated,Sora,0.05817341652931481
zengcheng9991_311013347%2Fmd.mp4,annotated,Sora,0.03222863197551212
jr122202_960987041%2Fmd.mp4,annotated,Sora,0.1411584647986814
maxi1611_603708681%2Fmd.mp4,annotated,Sora,0.13521309159406641
manavfury_964794548%2Fmd.mp4,annotated,Sora,0.0432658347068519
andes2tokyo_895325730%2Fmd.mp4,annotated,Sora,0.09519955262538263
35h_783477259%2Fmd.mp4,annotated,Sora,0.40712561808335296
chococereal_515762206%2Fmd.mp4,annotated,Sora,0.05548033906286791
swerx_778242585%2Fmd.mp4,annotated,Sora,0.028564280668707323
richnanugi_456370434%2Fmd.mp4,annotated,Sora,0.11028372969154697
onewayagencyro_676718388%2Fmd.mp4,annotated,Sora,0.004032258064516129
martinfaye_210135632%2Fmd.mp4,annotated,Sora,0.40048858017424066
maropppp_2546425%2Fmd.mp4,annotated,Sora,0.009079938780315516
denan99_431707645%2Fmd.mp4,annotated,Sora,0.0025753473039792796
kirstymind_241225744%2Fmd.mp4,annotated,Sora,0.26933717918530725
saoden_309648290%2Fmd.mp4,annotated,Sora,0.005445020014127619
jonhliao_578945302%2Fmd.mp4,annotated,Sora,0.020014127619496114
caobin_710564068%2Fmd.mp4,annotated,Sora,0.003414174711561102
bgcgroup_690611799%2Fmd.mp4,annotated,Sora,0.05018248175182482
tldon_458613245%2Fmd.mp4,annotated,Sora,0.23410642806687074
abcolp_973369478%2Fmd.mp4,annotated,Sora,0.3545443842712503
devoronan_659323%2Fmd.mp4,annotated,Sora,0.007902637155639275
matread_257666643%2Fmd.mp4,annotated,Sora,0.0035024723334118203
aedtetg_210017708%2Fmd.mp4,annotated,Sora,0.011213797975041205
laagencia_412931745%2Fmd.mp4,annotated,Sora,0.07203614315987757
elimar1998_843811609%2Fmd.mp4,annotated,Sora,0.06338297621850718
robmilliken_793829388%2Fmd.mp4,annotated,Sora,0.0223687308688486
matahari_988929505%2Fmd.mp4,annotated,Sora,0.0449876383329409
itsokbutno_271983187%2Fmd.mp4,annotated,Sora,0.0362461737697198
robertap_58540752%2Fmd.mp4,annotated,Sora,0.018454202966800094
ajaykr09_547123938%2Fmd.mp4,annotated,Sora,0.006210266070167177
joecool306_471500784%2Fmd.mp4,annotated,Sora,0.011110784082882035
mmetano_338016144%2Fmd.mp4,annotated,Sora,0.35741405698139866
donchepe_507258076%2Fmd.mp4,annotated,Sora,0.014142335766423358
kyungasong_209626116%2Fmd.mp4,annotated,Sora,0.07447904403108077
allanteste_224958894%2Fmd.mp4,annotated,Sora,0.04769543206969626
amfereday_424344053%2Fmd.mp4,annotated,Sora,0.05530374381916647
vincent_max_258925092%2Fmd.mp4,annotated,Sora,0.006445726395102425
gerold61_788300290%2Fmd.mp4,annotated,Sora,0.0707999764539675
fafhan_707005490%2Fmd.mp4,annotated,Sora,0.004826936661172593
synclexia_940562669%2Fmd.mp4,annotated,Sora,0.01551094890510949
sasame_639589917%2Fmd.mp4,annotated,Sora,0.1712973863903932
dippitydeep_845152132%2Fmd.mp4,annotated,Sora,0.04086708264657405
phpdgs_989549820%2Fmd.mp4,annotated,Sora,0.7350335530963032
lizzl_105470695%2Fmd.mp4,annotated,Sora,0.05328761478690841
jmallut_636554510%2Fmd.mp4,annotated,Sora,0.03241994348952201
mmc2_475991045%2Fmd.mp4,annotated,Sora,0.1257210972451142
mernz24_145894670%2Fmd.mp4,annotated,Sora,0.04497292206263244
goe396_372727511%2Fmd.mp4,annotated,Sora,0.08135154226512833
wako1_745417924%2Fmd.mp4,annotated,Sora,0.03958676712973864
fercc22_171870359%2Fmd.mp4,annotated,Sora,0.38694961149046386
bananenfaust_522597945%2Fmd.mp4,annotated,Sora,0.0017218036260890038
gutoarruda123_617186063%2Fmd.mp4,annotated,Sora,0.006740051801271485
achigala_611943440%2Fmd.mp4,annotated,Sora,0.10760536849540853
olga_rus85_577453942%2Fmd.mp4,annotated,Sora,0.30162467624205325
akkarma_181967214%2Fmd.mp4,annotated,Sora,0.003473039792794914
tatianka46_524197815%2Fmd.mp4,annotated,Sora,0.011890746409230045
mirfozil_329285933%2Fmd.mp4,annotated,Sora,0.4727601836590535
wubfur_981964017%2Fmd.mp4,annotated,Sora,0.14732458205792323
k_sim_587049355%2Fmd.mp4,annotated,Sora,0.024620320226041912
banchoet_78940656%2Fmd.mp4,annotated,Sora,0.00569519660937132
kucchu_745483116%2Fmd.mp4,annotated,Sora,0.05655462679538498
aurora-sora_487554182%2Fmd.mp4,annotated,Sora,0.01668825052978573
genvideoki_188217267%2Fmd.mp4,annotated,Sora,0.10760536849540853
thedurris_73917953%2Fmd.mp4,annotated,Sora,0.022147986814221806
zenta7_206782906%2Fmd.mp4,annotated,Sora,0.018321756534024018
taceye_793248227%2Fmd.mp4,annotated,Sora,0.03946903696727102
tenaiai_586325615%2Fmd.mp4,annotated,Sora,0.076436307982105
lindirium_339413934%2Fmd.mp4,annotated,Sora,0.008285260183659054
ankitagrawaljsr_791222574%2Fmd.mp4,annotated,Sora,0.08666411584647986
yo012345_407820205%2Fmd.mp4,annotated,Sora,0.004547327525311985
silufonie_205350125%2Fmd.mp4,annotated,Sora,0.08401518719095832
meshashee_792723333%2Fmd.mp4,annotated,Sora,0.15625735813515423
aralvi84_662898395%2Fmd.mp4,annotated,Sora,0.17403461266776546
wirgule_56530458%2Fmd.mp4,annotated,Sora,0.005297857311043089
idisonakaman_726288976%2Fmd.mp4,annotated,Sora,0.05790852366376266
performace_135351053%2Fmd.mp4,annotated,Sora,0.13792088533082175
qwertyuiopasdfghjklzxcv_368757367%2Fmd.mp4,annotated,Sora,0.030874735107134448
hanjaejin_899894474%2Fmd.mp4,annotated,Sora,0.059012243936896636
abcdefghijfdsfsdfsf_302058589%2Fmd.mp4,annotated,Sora,0.09009300682834942
vibe2code_893368339%2Fmd.mp4,annotated,Sora,0.014627972686602307
mnsmerch_79424590%2Fmd.mp4,annotated,Sora,0.06938721450435602
r1vnsmq_984298832%2Fmd.mp4,annotated,Sora,0.015599246526960207
chomai_5046861%2Fmd.mp4,annotated,Sora,0.1500618083352955
yosikage_931245787%2Fmd.mp4,annotated,Sora,0.033832705439133505
moz666_620584293%2Fmd.mp4,annotated,Sora,0.010051212620673416
akash_28072002_824906559%2Fmd.mp4,annotated,Sora,0.006018954556157288
ell123456_935419208%2Fmd.mp4,annotated,Sora,0.03250824111137273
tintedpink_188524247%2Fmd.mp4,annotated,Sora,0.018027431127854956
dinnguyen_706603630%2Fmd.mp4,annotated,Sora,0.0399105250765246
neilcoetzer_734213131%2Fmd.mp4,annotated,Sora,0.030815870025900638
jauntybadger_159865527%2Fmd.mp4,annotated,Sora,0.20211325641629385
idayvuelta_405473922%2Fmd.mp4,annotated,Sora,0.22677772545326114
thanhphat101319_493781711%2Fmd.mp4,annotated,Sora,0.03627560631033671
remajat_146614754%2Fmd.mp4,annotated,Sora,0.06316223216388038
ogbigmak_832729197%2Fmd.mp4,annotated,Sora,0.13456557570049446
datbv_202053279%2Fmd.mp4,annotated,Sora,0.012067341652931482
lucrmz_915428237%2Fmd.mp4,annotated,Sora,0.19641805980692253
prefer__915094796%2Fmd.mp4,annotated,Sora,0.07758417706616434
sadaeva1993_685929900%2Fmd.mp4,annotated,Sora,0.017041441017188602
kycdoe_16456758%2Fmd.mp4,annotated,Sora,0.01109606781257358
snomura_492490399%2Fmd.mp4,annotated,Sora,0.010890040028255239
sandy07_485720382%2Fmd.mp4,annotated,Sora,0.0066517541794207675
gimlet5_643840082%2Fmd.mp4,annotated,Sora,0.018483635507417003
formanchristian_181030693%2Fmd.mp4,annotated,Sora,0.0204261831881328
imperialx_655252363%2Fmd.mp4,annotated,Sora,0.03392100306098422
aleks8622_375234076%2Fmd.mp4,annotated,Sora,0.0175123616670591
taimurshahid1_748675286%2Fmd.mp4,annotated,Sora,0.043722039086413936
bongado_52019138%2Fmd.mp4,annotated,Sora,0.2075582764304215
nana0307_655072498%2Fmd.mp4,annotated,Sora,0.009182952672474686
yu1_417384004%2Fmd.mp4,annotated,Sora,0.16713268189310101
gerald9_232921283%2Fmd.mp4,annotated,Sora,0.4750706380974806
krishplace_852795945%2Fmd.mp4,annotated,Sora,0.030094772780786438
kimkangmin00_393742378%2Fmd.mp4,annotated,Sora,0.02469390157758418
moni010100_364669447%2Fmd.mp4,annotated,Sora,0.02860842947963268
tiekai68_964308626%2Fmd.mp4,annotated,Sora,0.07661290322580645
neliepop_789120052%2Fmd.mp4,annotated,Sora,0.03458323522486461
sirini_446231221%2Fmd.mp4,annotated,Sora,0.007711325641629385
evilinvaders1111_388954648%2Fmd.mp4,annotated,Sora,0.005445020014127619
thecreativeminds_41816516%2Fmd.mp4,annotated,Sora,0.0060778196373911
matku1411_788237923%2Fmd.mp4,annotated,Sora,0.009580291970802918
juju_6_194870880%2Fmd.mp4,annotated,Sora,0.0059600894749234756
husseinalsafi_669032360%2Fmd.mp4,annotated,Sora,0.0257829055804097
henry_hwang_775883289%2Fmd.mp4,annotated,Sora,0.10149811631740052
getwebbed_271519455%2Fmd.mp4,annotated,Sora,0.2556068989875206
isapeace_290797384%2Fmd.mp4,annotated,Sora,0.01405403814457264
qdh94_956385933%2Fmd.mp4,annotated,Sora,0.008138097480574523
mitwok_490143289%2Fmd.mp4,annotated,Sora,0.3028461266776548
sourxu_499939788%2Fmd.mp4,annotated,Sora,0.0172621850718154
jason_0112_999326806%2Fmd.mp4,annotated,Sora,0.13974570284906992
eumpage_977590453%2Fmd.mp4,annotated,Sora,0.028946903696727103
photoncounter_912573839%2Fmd.mp4,annotated,Sora,0.01133152813750883
sreeni3688_670173990%2Fmd.mp4,annotated,Sora,0.011478690840593359
rigcki_509250386%2Fmd.mp4,annotated,Sora,0.024046385684012246
marisolpb_44926398%2Fmd.mp4,annotated,Sora,0.24739522015540383
stephenwonde_616714423%2Fmd.mp4,annotated,Sora,0.005091829526724747
444enki_753218487%2Fmd.mp4,annotated,Sora,0.00525370850011773
meow_404_335135671%2Fmd.mp4,annotated,Sora,0.05091829526724747
poormedguy_520398330%2Fmd.mp4,annotated,Sora,0.009771603484812808
antoinemg_733077046%2Fmd.mp4,annotated,Sora,0.11001883682599481
binbin9175_599101194%2Fmd.mp4,annotated,Sora,0.012023192842006123
nazare123_842652393%2Fmd.mp4,annotated,Sora,0.02903520131857782
redfalx216_606895751%2Fmd.mp4,annotated,Sora,0.16037791382152108
cb13_518201373%2Fmd.mp4,annotated,Sora,0.05690781728278785
zommboom_927190698%2Fmd.mp4,annotated,Sora,0.04909347774899929
eljaymesa_626766963%2Fmd.mp4,annotated,Sora,0.21035436778902755
abo1221_434152204%2Fmd.mp4,annotated,Sora,0.011537555921827172
highbud_88989277%2Fmd.mp4,annotated,Sora,0.15731692959736285
vinita_218792682%2Fmd.mp4,annotated,Sora,0.03492170944195903
drcom0_339739458%2Fmd.mp4,annotated,Sora,0.010860607487638334
madoriens_314305618%2Fmd.mp4,annotated,Sora,0.005327289851659995
mblegal_943880865%2Fmd.mp4,annotated,Sora,0.121556392747822
animss01_189765887%2Fmd.mp4,annotated,Sora,0.2455556863668472
sjel3007_841730312%2Fmd.mp4,annotated,Sora,0.029785731104308925
twd-2025_615319696%2Fmd.mp4,annotated,Sora,0.09453732046150223
barsfunnyaf_908182574%2Fmd.mp4,annotated,Sora,0.035554509065222506
jonejaidee_995969810%2Fmd.mp4,annotated,Sora,0.00884447845538027
pegasusu_575831929%2Fmd.mp4,annotated,Sora,0.056333882740758186
spunkyvt_67395528%2Fmd.mp4,annotated,Sora,0.1389068754414881
ribosonik_588784532%2Fmd.mp4,annotated,Sora,0.05837944431363315
thevisionaryhive_574655076%2Fmd.mp4,annotated,Sora,0.026136096067812573
vparadiso_479037887%2Fmd.mp4,annotated,Sora,0.04220626324464328
yachtboi_583335394%2Fmd.mp4,annotated,Sora,0.013715563927478221
juli3n93_126049668%2Fmd.mp4,annotated,Sora,0.12745761714151166
echovia_220719408%2Fmd.mp4,annotated,Sora,0.5032670120084766
djd1968_970149800%2Fmd.mp4,annotated,Sora,0.2397869084059336
boxermann_154367211%2Fmd.mp4,annotated,Sora,0.04244172356957853
cowuu99_44257172%2Fmd.mp4,annotated,Sora,0.023678478926300917
beth999_585771189%2Fmd.mp4,annotated,Sora,0.011876030138921592
mannxtrem_watermarked.mp4,annotated,Sora,0.009653873322345186
kfcpizza_814470320%2Fmd.mp4,annotated,Sora,0.02778431834235931
rafaellopes89_389822326%2Fmd.mp4,annotated,Sora,0.033450082411113725
bgayle777_645011331%2Fmd.mp4,annotated,Sora,0.0004709206498704968
racota_61345332%2Fmd.mp4,annotated,Sora,0.20186307982105017
pp7ukk_579479389%2Fmd.mp4,annotated,Sora,0.12073228161054861
aurota_lala_424237240%2Fmd.mp4,annotated,Sora,0.5663850953614316
rubi333_335638299%2Fmd.mp4,annotated,Sora,0.011243230515658112
mariosalibaa_25607956%2Fmd.mp4,annotated,Sora,0.18234930539204144
dgamerx_599364467%2Fmd.mp4,annotated,Sora,0.048475394396044265
54888787787_225275064%2Fmd.mp4,annotated,Sora,0.05018248175182482
teamsoft_8363880%2Fmd.mp4,annotated,Sora,0.07450847657169767
biqy_501144162%2Fmd.mp4,annotated,Sora,0.01270014127619496
chs3_378954854%2Fmd.mp4,annotated,Sora,0.0023840357899693903
interopia_364231176%2Fmd.mp4,annotated,Sora,0.16201141982575934
catieiei_772883956%2Fmd.mp4,annotated,Sora,0.02734283023310572
gelugu_377901294%2Fmd.mp4,annotated,Sora,0.16285024723334118
bluewagun_41638069%2Fmd.mp4,annotated,Sora,0.013141629385448552
bubtuk_148233142%2Fmd.mp4,annotated,Sora,0.1738138686131387
albrchetti_153064388%2Fmd.mp4,annotated,Sora,0.08501589357193313
sasu0101_928802584%2Fmd.mp4,annotated,Sora,0.1811425712267483
allesclaerchen_99582902%2Fmd.mp4,annotated,Sora,0.004046974334824582
mrosst_watermarked.mp4,annotated,Sora,0.03325877089710384
derd4nny_371604535%2Fmd.mp4,annotated,Sora,0.02606251471627031
ericbinek_280719355%2Fmd.mp4,annotated,Sora,0.018218742641864846
hugjklojl_369642332%2Fmd.mp4,annotated,Sora,0.05938015069460796
sinan324_515746543%2Fmd.mp4,annotated,Sora,0.32570049446668237
ajilus_483238082%2Fmd.mp4,annotated,Sora,0.01122851424534966
itscarlosrios_248447563%2Fmd.mp4,annotated,Sora,0.011640569813986344
yty-8181_309033177%2Fmd.mp4,annotated,Sora,0.05180127148575465
idbrg_893262572%2Fmd.mp4,annotated,Sora,0.011257946785966564
fredofredo72000_198087495%2Fmd.mp4,annotated,Sora,0.03075700494466682
mysisterandi_264347686%2Fmd.mp4,annotated,Sora,0.3480250765246056
22322777_980901699%2Fmd.mp4,annotated,Sora,0.007667176830704026
sara_creations_355797203%2Fmd.mp4,annotated,Sora,0.08622262773722628
kamonratsiam_565557352%2Fmd.mp4,annotated,Sora,0.15045914763362372
benbakry_826187566%2Fmd.mp4,annotated,Sora,0.053581940193077465
k4eeo_3158243%2Fmd.mp4,annotated,Sora,0.00749058158700259
salma9999_854316504%2Fmd.mp4,annotated,Sora,0.211310925359077
chintubhl4u_743579561%2Fmd.mp4,annotated,Sora,0.044075229573816814
joshivishal2050_383975949%2Fmd.mp4,annotated,Sora,0.0035613374146456324
swan85_656704619%2Fmd.mp4,annotated,Sora,0.25512126206734165
rr-tr_974410548%2Fmd.mp4,annotated,Sora,0.08713503649635038
zahrahmtg_451827584%2Fmd.mp4,annotated,Sora,0.010139510242524134
cbd-kluk_667115510%2Fmd.mp4,annotated,Sora,0.12115905344949375
cpnbr_218342187%2Fmd.mp4,annotated,Sora,0.011743583706145515
ilya444222_607724229%2Fmd.mp4,annotated,Sora,0.029461973157522955
alexkolarov94_780280004%2Fmd.mp4,annotated,Sora,0.04010183659053449
rcs1975_61260299%2Fmd.mp4,annotated,Sora,0.012670708735578056
hemak_723498806%2Fmd.mp4,annotated,Sora,0.04609135860607488
rennradix_512194887%2Fmd.mp4,annotated,Sora,0.0038262302801977868
sanraj1990_527510432%2Fmd.mp4,annotated,Sora,0.0243407110901813
tangkwanew_596541273%2Fmd.mp4,annotated,Sora,0.012670708735578056
nishi8ken5_111804900%2Fmd.mp4,annotated,Sora,0.005812926771838945
exdono_252662804%2Fmd.mp4,annotated,Sora,0.0062544148810925355
vikashola_747590870%2Fmd.mp4,annotated,Sora,0.02072050859430186
bradfordbarnett_418232944%2Fmd.mp4,annotated,Sora,0.006725335530963033
dlw01_397082776%2Fmd.mp4,annotated,Sora,0.039071697668942786
ran511_942116636%2Fmd.mp4,annotated,Sora,0.005989522015540381
foodsafety_hyd_18016140%2Fmd.mp4,annotated,Sora,0.04716564633859195
mrkumaar_233381987%2Fmd.mp4,annotated,Sora,0.0486225570991288
knudback_948467168%2Fmd.mp4,annotated,Sora,0.03748234047562986
ism_122875593%2Fmd.mp4,annotated,Sora,0.1089592653637862
veuos_17191780%2Fmd.mp4,annotated,Sora,0.01128737932658347
systm-flo_830988505%2Fmd.mp4,annotated,Sora,0.0038850953614315985
xswd134_846433190%2Fmd.mp4,annotated,Sora,0.3175182481751825
kfcowgirl_500423045%2Fmd.mp4,annotated,Sora,0.0376883682599482
vangoghai_498784408%2Fmd.mp4,annotated,Sora,0.10039439604426653
yungabalos_412224148%2Fmd.mp4,annotated,Sora,0.2357105015304921
yaswanth169_133723391%2Fmd.mp4,annotated,Sora,0.020735224864610314
genesissoma_95768650%2Fmd.mp4,annotated,Sora,0.006740051801271486
ncs_nltn_738003011%2Fmd.mp4,annotated,Sora,0.008962208617847892
slimtheshadee_95696637%2Fmd.mp4,annotated,Sora,0.2898222274546739
test12333334444_617487203%2Fmd.mp4,annotated,Sora,0.09609724511419826
samoskydev_438789419%2Fmd.mp4,annotated,Sora,0.12704556157287497
psk86_575761025%2Fmd.mp4,annotated,Sora,0.022839651518719094
abdulrahmaruss_974098107%2Fmd.mp4,annotated,Sora,0.01911643513068048
noahsrv_184343623%2Fmd.mp4,annotated,Sora,0.15718448316458677
timothyyy90_776447853%2Fmd.mp4,annotated,Sora,0.026386272663056275
ruaj-grupojuvenil_183499502%2Fmd.mp4,annotated,Sora,0.11678832116788322
huhuhun_329010096%2Fmd.mp4,annotated,Sora,0.02310454438427125
manoftomorrow_151979960%2Fmd.mp4,annotated,Sora,0.006887214504356016
pradeepmnn_803785334%2Fmd.mp4,annotated,Sora,0.24629149988226984
jct27_610742747%2Fmd.mp4,annotated,Sora,0.005415587473510714
cosus8662_705151392%2Fmd.mp4,annotated,Sora,0.019351895455615727
kupofsoup_361498671%2Fmd.mp4,annotated,Sora,0.007181539910525076
funnyglm_829411037%2Fmd.mp4,annotated,Sora,0.11562573581351542
gasuba-na-_342029579%2Fmd.mp4,annotated,Sora,0.17228337650105957
tasmiachow_849531954%2Fmd.mp4,annotated,Sora,0.004091123145749941
vedantsharma19_198317416%2Fmd.mp4,annotated,Sora,0.009815752295738167
gaami_959348673%2Fmd.mp4,annotated,Sora,0.02977101483400047
het1402_851608003%2Fmd.mp4,annotated,Sora,0.014613256416293855
thesocialclub_158973203%2Fmd.mp4,annotated,Sora,0.035363197551212616
panchocordova11_349982004%2Fmd.mp4,annotated,Sora,0.016320343772074405
natparsons_462842676%2Fmd.mp4,annotated,Sora,0.0874735107134448
junjiyang_685124968%2Fmd.mp4,annotated,Sora,0.08230809983517777
cainhd2_watermarked.mp4,annotated,Sora,0.021941959029903462
c18ola_363151624%2Fmd.mp4,annotated,Sora,0.010301389215917119
ctv48930f_231287594%2Fmd.mp4,annotated,Sora,0.30424417235695783
amysung00_717763020%2Fmd.mp4,annotated,Sora,0.024929361902519424
heryrason_401581354%2Fmd.mp4,annotated,Sora,0.20994231222039086
manpreetrehsi_388381118%2Fmd.mp4,annotated,Sora,0.004076406875441488
withangellight_24418276%2Fmd.mp4,annotated,Sora,0.017100306098422415
shibbolethcoin_432030948%2Fmd.mp4,annotated,Sora,0.1802007299270073
primals_637446586%2Fmd.mp4,annotated,Sora,0.270367318106899
fatherratner_5665659%2Fmd.mp4,annotated,Sora,0.014510242524134683
suessmaus_946277291%2Fmd.mp4,annotated,Sora,0.00890334353661408
aadeseveruz_88242328%2Fmd.mp4,annotated,Sora,0.014127619496114905
niyasya_588449853%2Fmd.mp4,annotated,Sora,0.010772309865787616
gi4ma_714220672%2Fmd.mp4,annotated,Sora,0.10052684247704263
koriice_49088538%2Fmd.mp4,annotated,Sora,0.11419825759359548
kevisya_313025365%2Fmd.mp4,annotated,Sora,0.020117141511655286
yana913_716832141%2Fmd.mp4,annotated,Sora,0.011154932893807394
fccor_910543542%2Fmd.mp4,annotated,Sora,0.039895808806216154
vnco_841677268%2Fmd.mp4,annotated,Sora,0.01677654815163645
tomaszmaz_759381009%2Fmd.mp4,annotated,Sora,0.002913821521073699
jasonrink_398413126%2Fmd.mp4,annotated,Sora,0.012803155168354133
scfisb_75279822%2Fmd.mp4,annotated,Sora,0.007755474452554745
mydesk-jesper_196804815%2Fmd.mp4,annotated,Sora,0.1620997174476101
eddiechau_153115262%2Fmd.mp4,annotated,Sora,0.1543148104544384
crjemara_474014621%2Fmd.mp4,annotated,Sora,0.01468683776783612
jesuschavito_811434120%2Fmd.mp4,annotated,Sora,0.054567930303743815
carlosantonio_430605212%2Fmd.mp4,annotated,Sora,0.025444431363315284
prithvi111_607006720%2Fmd.mp4,annotated,Sora,0.15412349894042854
paitoonvar_388874422%2Fmd.mp4,annotated,Sora,0.012111490463856841
elt16_822368017%2Fmd.mp4,annotated,Sora,0.016320343772074405
wmkaiser_699144980%2Fmd.mp4,annotated,Sora,0.1145367318106899
hit420_63888530%2Fmd.mp4,annotated,Sora,0.2887185071815399
lado29_286125236%2Fmd.mp4,annotated,Sora,0.0076524605603955735
apndump_204122224%2Fmd.mp4,annotated,Sora,0.007990934777489992
acasssss_358588184%2Fmd.mp4,annotated,Sora,0.10583941605839416
mamos13_261946167%2Fmd.mp4,annotated,Sora,0.09243289380739346
holmes1685_676282149%2Fmd.mp4,annotated,Sora,0.010448551919001648
mtuala_669125922%2Fmd.mp4,annotated,Sora,0.0788203437720744
geommakri_171957923%2Fmd.mp4,annotated,Sora,0.008623734400753473
cesar126a_538201963%2Fmd.mp4,annotated,Sora,0.014421944902283965
shanky12345_302806710%2Fmd.mp4,annotated,Sora,0.02757829055804097
moha_666_254310782%2Fmd.mp4,annotated,Sora,0.007475865316694138
ammyzz_708865578%2Fmd.mp4,annotated,Sora,0.0056510477984459614
lucaicecreamwalker_584585814%2Fmd.mp4,annotated,Sora,0.015878855662820816
tessa369_928255460%2Fmd.mp4,annotated,Sora,0.0036496350364963502
medogtunes_385142022%2Fmd.mp4,annotated,Sora,0.0484312455851189
smlzecnp_869155346%2Fmd.mp4,annotated,Sora,0.023413586060748764
sudo-grue_730388358%2Fmd.mp4,annotated,Sora,0.05118318813279962
penggaoyun_327200878%2Fmd.mp4,annotated,Sora,0.3064074640923004
jimymukmin_137635841%2Fmd.mp4,annotated,Sora,0.040057687779609136
suphaporn_siam_276138548%2Fmd.mp4,annotated,Sora,0.06258829762185071
devsu_244499584%2Fmd.mp4,annotated,Sora,0.002251589357193313
justinstanelle_17844808%2Fmd.mp4,annotated,Sora,0.0345243701436308
roger-daangn_41967829%2Fmd.mp4,annotated,Sora,0.38085707558276427
coolastekatten_324776573%2Fmd.mp4,annotated,Sora,0.0591152578290558
captainsroute_479705604%2Fmd.mp4,annotated,Sora,0.011463974570284908
1235311_468903194%2Fmd.mp4,annotated,Sora,0.0037526489286555213
artimuebles_483781783%2Fmd.mp4,annotated,Sora,0.016202613609606783
webvozdux_888400111%2Fmd.mp4,annotated,Sora,0.01637920885330822
shazzaok_949423796%2Fmd.mp4,annotated,Sora,0.22306922533553097
k_benas_985917767%2Fmd.mp4,annotated,Sora,0.033803272898516604
vshorts_352096494%2Fmd.mp4,annotated,Sora,0.0089916411584648
telepathboy_794782414%2Fmd.mp4,annotated,Sora,0.1455439133506004
nphoenix22_345629957%2Fmd.mp4,annotated,Sora,0.061307982105015306
test213d_252636775%2Fmd.mp4,annotated,Sora,0.020455615728749703
bubarad_295104563%2Fmd.mp4,annotated,Sora,0.010684012243936896
dan_9999999_343203364%2Fmd.mp4,annotated,Sora,0.05915940663998116
fathersunite_782861915%2Fmd.mp4,annotated,Sora,0.13686131386861314
paytonmckenzie_818006895%2Fmd.mp4,annotated,Sora,0.06723863903932187
weasly__57120977%2Fmd.mp4,annotated,Sora,0.011493407110901814
sgnicos_watermarked.mp4,annotated,Sora,0.03695255474452555
adabaharat_376490481%2Fmd.mp4,annotated,Sora,0.12579467859665647
leejwo_907280466%2Fmd.mp4,annotated,Sora,0.034465505062396984
jinnorix_511428509%2Fmd.mp4,annotated,Sora,0.25710795855898283
yi_kyky_690599949%2Fmd.mp4,annotated,Sora,0.009124087591240875
lucatoz_988454821%2Fmd.mp4,annotated,Sora,0.0647221568165764
joel67_635869244%2Fmd.mp4,annotated,Sora,0.011346244407817284
min-seokcho_439384052%2Fmd.mp4,annotated,Sora,0.0744643277607723
jjinsunglee6945_193019935%2Fmd.mp4,annotated,Sora,0.07452319284200612
newuser123333_972635580%2Fmd.mp4,annotated,Sora,0.04584118201083118
william-fisico_867927626%2Fmd.mp4,annotated,Sora,0.08638450671061926
akashb_468014520%2Fmd.mp4,annotated,Sora,0.04720979514951731
reklamacia21030_77982294%2Fmd.mp4,annotated,Sora,0.22256887214504356
madi7777_253431818%2Fmd.mp4,annotated,Sora,0.020632210972451142
xcccccccc_527269711%2Fmd.mp4,annotated,Sora,0.016702966800094185
petges_158153756%2Fmd.mp4,annotated,Sora,0.006681186720037674
dakini_cranini_4526540%2Fmd.mp4,annotated,Sora,0.2383741464563221
inximkr_714238610%2Fmd.mp4,annotated,Sora,0.01877796091358606
pangmaoaaa_231904363%2Fmd.mp4,annotated,Sora,0.014466093713209324
hamnaz_830425429%2Fmd.mp4,annotated,Sora,0.06074876383329409
jhyjmi7_852417034%2Fmd.mp4,annotated,Sora,0.0030315516835413238
moonshot1234_810382082%2Fmd.mp4,annotated,Sora,0.01318577819637391
cats1401_606207696%2Fmd.mp4,annotated,Sora,0.04954968212856134
notjenna_513964701%2Fmd.mp4,annotated,Sora,0.011405109489051095
max222221444444666_301369155%2Fmd.mp4,annotated,Sora,0.011905462679538497
theboord_15165532%2Fmd.mp4,annotated,Sora,0.024296562279255945
realmoff_321433236%2Fmd.mp4,annotated,Sora,0.04769543206969625
jlcjr1991_682835269%2Fmd.mp4,annotated,Sora,0.049844007534730395
elliotelliot_77430543%2Fmd.mp4,annotated,Sora,0.11004826936661172
infinitiserve_838517177%2Fmd.mp4,annotated,Sora,0.08788556628208147
prakap27_978809837%2Fmd.mp4,annotated,Sora,0.005577466446903697
shadowassaian12_458138354%2Fmd.mp4,annotated,Sora,0.12445549799858724
tarek88_5208892%2Fmd.mp4,annotated,Sora,0.030271368024487873
yasgf701177_900651029%2Fmd.mp4,annotated,Sora,0.278358252884389
georgelivingstona_910043255%2Fmd.mp4,annotated,Sora,0.034730397927949144
coldrock_240284482%2Fmd.mp4,annotated,Sora,0.02072050859430186
mirianweber_321307117%2Fmd.mp4,annotated,Sora,0.047106781257358135
cnkim_322777371%2Fmd.mp4,annotated,Sora,0.010168942783141042
pnj123456_285847600%2Fmd.mp4,annotated,Sora,0.024458441252648927
blizzad_773522257%2Fmd.mp4,annotated,Sora,0.035142453496585825
ishanmail28_484977411%2Fmd.mp4,annotated,Sora,0.011081351542265128
akira12343_871344059%2Fmd.mp4,annotated,Sora,0.00398810925359077
fuki12_514209847%2Fmd.mp4,annotated,Sora,0.059071109018130445
daroking_261771646%2Fmd.mp4,annotated,Sora,0.003576053684954085
111111111111_421748285%2Fmd.mp4,annotated,Sora,0.027004356016011304
art_tra_979742107%2Fmd.mp4,annotated,Sora,0.039778078643748535
jazminedeluna__830573001%2Fmd.mp4,annotated,Sora,0.02013185778196374
holliem_34475579%2Fmd.mp4,annotated,Sora,0.005827643042147399
zenbizman_932123730%2Fmd.mp4,annotated,Sora,0.11999646809512597
durian3nak_191430588%2Fmd.mp4,annotated,Sora,0.006431010124793973
theperegrineco_260137071%2Fmd.mp4,annotated,Sora,0.019219449022839653
rocco123_283921628%2Fmd.mp4,annotated,Sora,0.02796091358606075
saurabhasalkar_117425777%2Fmd.mp4,annotated,Sora,0.028372969154697433
uvperfect_471918799%2Fmd.mp4,annotated,Sora,0.05293442429950554
vavacar_489005127%2Fmd.mp4,annotated,Sora,0.07150635742877326
dkfqksid_79186270%2Fmd.mp4,annotated,Sora,0.01620261360960678
sagaofidun_748498981%2Fmd.mp4,annotated,Sora,0.002163291735342595
erg01_946601838%2Fmd.mp4,annotated,Sora,0.09390452083823876
sharecare_619979359%2Fmd.mp4,annotated,Sora,0.03715858252884389
sentryspade_240145038%2Fmd.mp4,annotated,Sora,0.1055450906522251
figuriniste_663293400%2Fmd.mp4,annotated,Sora,0.0197050859430186
rmee_395792812%2Fmd.mp4,annotated,Sora,0.02032316929597363
silvinuni69_4791515%2Fmd.mp4,annotated,Sora,0.1574640923004474
erickibarra_55706887%2Fmd.mp4,annotated,Sora,0.02679832823169296
bussingjokes_699010719%2Fmd.mp4,annotated,Sora,0.1877207440546268
sampsonation_421507235%2Fmd.mp4,annotated,Sora,0.005636331528137509
makiken_995509627%2Fmd.mp4,annotated,Sora,0.2574611490463857
sary6_280574055%2Fmd.mp4,annotated,Sora,0.027077937367553567
omegavid_440368737%2Fmd.mp4,annotated,Sora,0.015967153284671534
salamndar73_744561926%2Fmd.mp4,annotated,Sora,0.07469978808570756
sangge555_652114665%2Fmd.mp4,annotated,Sora,0.051124323051565806
phox146_166597033%2Fmd.mp4,annotated,Sora,0.01755651047798446
d3l3t3r_630157237%2Fmd.mp4,annotated,Sora,0.054155874735107135
unclear_868780854%2Fmd.mp4,annotated,Sora,0.010728161054862255
sprnvaa_930032274%2Fmd.mp4,annotated,Sora,0.05443548387096774
yuven2_575154334%2Fmd.mp4,annotated,Sora,0.007564162938544855
951963_106836580%2Fmd.mp4,annotated,Sora,0.029123498940428538
sefiret_613740761%2Fmd.mp4,annotated,Sora,0.05765834706851895
luca_marian_628453585%2Fmd.mp4,annotated,Sora,0.15293148104544382
247axel_879229487%2Fmd.mp4,annotated,Sora,0.13396220861784788
tonifong_950176845%2Fmd.mp4,annotated,Sora,0.027210383800329647
pitchweed67_693646011%2Fmd.mp4,annotated,Sora,0.01327407581822463
luuap_441453556%2Fmd.mp4,annotated,Sora,0.012523546032493525
sim91_647204790%2Fmd.mp4,annotated,Sora,0.014024605603955733
bajpaianshuman_835560964%2Fmd.mp4,annotated,Sora,0.02509124087591241
tolini_201661495%2Fmd.mp4,annotated,Sora,0.0029579703319990583
stieniebooboo_915289173%2Fmd.mp4,annotated,Sora,0.008682599481987286
caramelaimel_630289840%2Fmd.mp4,annotated,Sora,0.05203673181068989
jacksk_701698230%2Fmd.mp4,annotated,Sora,0.013980456793030374
mayamayamayamaya_watermarked.mp4,annotated,Sora,0.0049593830939486695
brodiedance_706000421%2Fmd.mp4,annotated,Sora,0.24250941841299742
meou_893714378%2Fmd.mp4,annotated,Sora,0.042485872380503886
jiavansh_851258748%2Fmd.mp4,annotated,Sora,0.09933482458205792
damianon_885106911%2Fmd.mp4,annotated,Sora,0.02386979044031081
ailiver9787_847228081%2Fmd.mp4,annotated,Sora,0.04182364021662349
sar909090_watermarked.mp4,annotated,Sora,0.011243230515658112
focusneo_271191846%2Fmd.mp4,annotated,Sora,0.011993760301389215
jesusinkerala_519686254%2Fmd.mp4,annotated,Sora,0.017394631504591477
womanghibli_176403004%2Fmd.mp4,annotated,Sora,0.008035083588415351
bababububu_232918578%2Fmd.mp4,annotated,Sora,0.05876206734165293
cat13471718_779057186%2Fmd.mp4,annotated,Sora,0.002648928655521544
payranci_273774668%2Fmd.mp4,annotated,Sora,0.022633623734400754
koheisasaki_699330640%2Fmd.mp4,annotated,Sora,0.016629385448551918
quantum_barbie_817473721%2Fmd.mp4,annotated,Sora,0.20402637155639275
bibanus_300660996%2Fmd.mp4,annotated,Sora,0.17580056510477984
xomri_554292521%2Fmd.mp4,annotated,Sora,0.04189722156816577
ioannaiva_689278227%2Fmd.mp4,annotated,Sora,0.038556628208146926
-ahmed-_776843120%2Fmd.mp4,annotated,Sora,0.011949611490463856
sorasleep_710765456%2Fmd.mp4,annotated,Sora,0.005562750176595244
dogpamine_73691395%2Fmd.mp4,annotated,Sora,0.0036054862255709913
zyzky_300626524%2Fmd.mp4,annotated,Sora,0.12782552389922297
gokuygohan_582986112%2Fmd.mp4,annotated,Sora,0.055274311278549565
lordlongshoot_867558861%2Fmd.mp4,annotated,Sora,0.0699905815870026
bem2025s_521143860%2Fmd.mp4,annotated,Sora,0.12032022604191193
mffi_194115403%2Fmd.mp4,annotated,Sora,0.0036937838474217096
koopelstien_463535114%2Fmd.mp4,annotated,Sora,0.0369378384742171
ankita68_239170629%2Fmd.mp4,annotated,Sora,0.4254032258064516
michal12345_793659239%2Fmd.mp4,annotated,Sora,0.0020161290322580645
juio8998_432147229%2Fmd.mp4,annotated,Sora,0.24626206734165296
jackhipins_649721170%2Fmd.mp4,annotated,Sora,0.06800388509536143
cnugoodai1gmailcom_729543292%2Fmd.mp4,annotated,Sora,0.006195549799858724
2mas_968402667%2Fmd.mp4,annotated,Sora,0.028240522721921357
junaidali62_184120014%2Fmd.mp4,annotated,Sora,0.034156463385919475
eekaa_29_767500519%2Fmd.mp4,annotated,Sora,0.07188898045679303
menuts_617367556%2Fmd.mp4,annotated,Sora,0.5505356722392276
gigi0602_64830481%2Fmd.mp4,annotated,Sora,0.05480339062867907
grandyy_456017468%2Fmd.mp4,annotated,Sora,0.04846067812573582
makoom_942951449%2Fmd.mp4,annotated,Sora,0.04701848363550742
debabrat_825324580%2Fmd.mp4,annotated,Sora,0.024738050388509535
okinand_351793707%2Fmd.mp4,annotated,Sora,0.11823051565811162
rrawlife_966069111%2Fmd.mp4,annotated,Sora,0.06804803390628679
nicksideas_859326529%2Fmd.mp4,annotated,Sora,0.05802625382623028
laurasimport_269794814%2Fmd.mp4,annotated,Sora,0.178890981869555
nod-1_25260514%2Fmd.mp4,annotated,Sora,0.05003531904874029
sarahdanita_136895856%2Fmd.mp4,annotated,Sora,0.0518159877560631
makermindsai_287286313%2Fmd.mp4,annotated,Sora,0.06753296444549094
jeffk21_661425512%2Fmd.mp4,annotated,Sora,0.05003531904874029
myffisto_395080599%2Fmd.mp4,annotated,Sora,0.12681010124793973
lin5989_396163243%2Fmd.mp4,annotated,Sora,0.28346479868142216
sav_b4uvaz_520694241%2Fmd.mp4,annotated,Sora,0.2231575229573817
taituzz_698505027%2Fmd.mp4,annotated,Sora,0.4827672474688015
dhavalsabhi1111_175168251%2Fmd.mp4,annotated,Sora,0.006975512126206734
millernew_408643075%2Fmd.mp4,annotated,Sora,0.004208853308217565
conquestofzabor_465405624%2Fmd.mp4,annotated,Sora,0.03034494937603014
bcabe_771103962%2Fmd.mp4,annotated,Sora,0.21079585589828115
hasdaddy_170180644%2Fmd.mp4,annotated,Sora,0.15428537791382152
octaviusthunder_495498540%2Fmd.mp4,annotated,Sora,0.0010154226512832586
rh1ng0_954745746%2Fmd.mp4,annotated,Sora,0.7381386861313869
consoleout_804775100%2Fmd.mp4,annotated,Sora,0.020823522486461032
leabridgerton_189604004%2Fmd.mp4,annotated,Sora,0.05765834706851895
ihvkjerh56_491647147%2Fmd.mp4,annotated,Sora,0.007578879208853308
totoloz_893194172%2Fmd.mp4,annotated,Sora,0.09814280668707323
alkemm_332661861%2Fmd.mp4,annotated,Sora,0.07280138921591713
simbeing_265290202%2Fmd.mp4,annotated,Sora,0.04138215210736991
liornoyman_786096617%2Fmd.mp4,annotated,Sora,0.023707911466917825
chrismom_245173793%2Fmd.mp4,annotated,Sora,0.04041087826701201
gilstraussmecom_740624672%2Fmd.mp4,annotated,Sora,0.012376383329408994
denai7_377726539%2Fmd.mp4,annotated,Sora,0.1332411113727337
cheetahvscrocodile_938385704%2Fmd.mp4,annotated,Sora,0.10391158464798682
teto50_539958856%2Fmd.mp4,annotated,Sora,0.056893101012479394
neolithicfarming_261906809%2Fmd.mp4,annotated,Sora,0.020941252648928654
whichway-movement_453724778%2Fmd.mp4,annotated,Sora,0.046562279255945374
tomokry_852220006%2Fmd.mp4,annotated,Sora,0.0011625853543677889
starkic_257124890%2Fmd.mp4,annotated,Sora,0.011243230515658112
canekbasti_337896899%2Fmd.mp4,annotated,Sora,0.030609842241582294
riri106_241092945%2Fmd.mp4,annotated,Sora,0.12539733929832825
ruedeesu_1830818%2Fmd.mp4,annotated,Sora,0.06489875206027784
rtdk_250862270%2Fmd.mp4,annotated,Sora,0.007946785966564633
monkeyhumaniscute_691423745%2Fmd.mp4,annotated,Sora,0.04694490228396515
rockylehning_914823287%2Fmd.mp4,annotated,Sora,0.013656698846244408
artemasso_706144935%2Fmd.mp4,annotated,Sora,0.016467506475158936
xxpawstarxx_329540766%2Fmd.mp4,annotated,Sora,0.028225806451612906
dhiraj_96_109508160%2Fmd.mp4,annotated,Sora,0.0033258770897103837
jax0817_386768246%2Fmd.mp4,annotated,Sora,0.0265040028255239
ship_15_342614611%2Fmd.mp4,annotated,Sora,0.1953584883447139
xmrcharlyx_876657286%2Fmd.mp4,annotated,Sora,0.027225100070638098
stanpaulaco_540330199%2Fmd.mp4,annotated,Sora,0.0041647044972922065
michaelcs_550674407%2Fmd.mp4,annotated,Sora,0.09921709441959031
vepaula_854714730%2Fmd.mp4,annotated,Sora,0.006327996232634801
12348822_520388045%2Fmd.mp4,annotated,Sora,0.0019131151400988934
tdf_diamond_984612382%2Fmd.mp4,annotated,Sora,0.013112196844831645
pimpawawaan_168271044%2Fmd.mp4,annotated,Sora,0.020146574052272194
abdurrahmaneymenolu_706897355%2Fmd.mp4,annotated,Sora,0.05889451377442901
ogguys_785445373%2Fmd.mp4,annotated,Sora,0.10037967977395809
themarketingarchitect_897690736%2Fmd.mp4,annotated,Sora,0.0649429008712032
flash4bes_276602999%2Fmd.mp4,annotated,Sora,0.09826053684954085
soracoconem_300191621%2Fmd.mp4,annotated,Sora,0.07216858959265364
med32_795280142%2Fmd.mp4,annotated,Sora,0.11861313868613138
positives2025_49936734%2Fmd.mp4,annotated,Sora,0.004723922769013421
anbjorkstrom_933734398%2Fmd.mp4,annotated,Sora,0.009653873322345186
chokynana_256090007%2Fmd.mp4,annotated,Sora,0.03799740993642571
maya_ai_386496974%2Fmd.mp4,annotated,Sora,0.024046385684012243
gapd6_21287967%2Fmd.mp4,annotated,Sora,0.05281669413703791
harvenger_737845649%2Fmd.mp4,annotated,Sora,0.01785083588415352
sokon_704734720%2Fmd.mp4,annotated,Sora,0.05372910289616199
metaversa_22930850%2Fmd.mp4,annotated,Sora,0.07600953614315988
heloo66_966200006%2Fmd.mp4,annotated,Sora,0.07715740522721921
hirobonstudio_234092156%2Fmd.mp4,annotated,Sora,0.0035613374146456324
joshbuoni_943173441%2Fmd.mp4,annotated,Sora,0.039763362373440074
ejcheon_632590268%2Fmd.mp4,annotated,Sora,0.18476277372262773
paritak_809877107%2Fmd.mp4,annotated,Sora,0.2817429950553332
crazykyo2013_76702406%2Fmd.mp4,annotated,Sora,0.013906875441488109
minto_56_304280054%2Fmd.mp4,annotated,Sora,0.004341299740993642
kishan51_107241124%2Fmd.mp4,annotated,Sora,0.008329408994584413
pingucat_41826729%2Fmd.mp4,annotated,Sora,0.008697315752295738
puzzleadir_902980592%2Fmd.mp4,annotated,Sora,0.12945902990346128
aarya121212_594284790%2Fmd.mp4,annotated,Sora,0.2653932187426419
ambwood_124104980%2Fmd.mp4,annotated,Sora,0.12658935719331293
testi1980_134183384%2Fmd.mp4,annotated,Sora,0.026548151636449257
transaurieng_896334244%2Fmd.mp4,annotated,Sora,0.06876913115140099
corastudio_557670912%2Fmd.mp4,annotated,Sora,0.010345538026842478
uncrncrw_848662885%2Fmd.mp4,annotated,Sora,0.03537791382152107
rvanti_894398860%2Fmd.mp4,annotated,Sora,0.011728867435837061
umair8021_821163362%2Fmd.mp4,annotated,Sora,0.2540322580645161
amit898569856_246028372%2Fmd.mp4,annotated,Sora,0.008594301860136568
sebastuqui_759921729%2Fmd.mp4,annotated,Sora,0.016570520367318105
silvian_watermarked.mp4,annotated,Sora,0.2732075582764304
shinji0116_781021860%2Fmd.mp4,annotated,Sora,0.10229279491405698
va19ntina_44981178%2Fmd.mp4,annotated,Sora,0.06968153991052507
volodymyr272427_259246614%2Fmd.mp4,annotated,Sora,0.01770367318106899
btpriyal_575225816%2Fmd.mp4,annotated,Sora,0.022177419354838707
raj_shivali_536167176%2Fmd.mp4,annotated,Sora,0.08726748292912645
alsiess__444041278%2Fmd.mp4,annotated,Sora,0.03321462208617848
ksumit21_269077023%2Fmd.mp4,annotated,Sora,0.02200082411113727
aira1918_591101039%2Fmd.mp4,annotated,Sora,0.055598069225335535
fff11232_181424113%2Fmd.mp4,annotated,Sora,0.021147280433246998
mrjamiemitchell_88303293%2Fmd.mp4,annotated,Sora,0.03578996939015776
jbkcd_524956592%2Fmd.mp4,annotated,Sora,0.02363433011537556
vuanh_855128600%2Fmd.mp4,annotated,Sora,0.023766776548151635
vladibern_967909294%2Fmd.mp4,annotated,Sora,0.08622262773722628
shannengabrielle_236633393%2Fmd.mp4,annotated,Sora,0.08405933600188369
lifestar_857355916%2Fmd.mp4,annotated,Sora,0.0017512361667059101
kylepedey_324852654%2Fmd.mp4,annotated,Sora,0.04938780315516835
sandeep1010_401303462%2Fmd.mp4,annotated,Sora,0.03180186013656699
veritasconnect_253488213%2Fmd.mp4,annotated,Sora,0.03181657640687544
johnvanderpol_496241161%2Fmd.mp4,annotated,Sora,0.16212914998822697
daegyeom1_665546816%2Fmd.mp4,annotated,Sora,0.11051919001648222
ivanivanivan1_309324009%2Fmd.mp4,annotated,Sora,0.17162114433717918
papbk_413387427%2Fmd.mp4,annotated,Sora,0.1739315987756063
fdsf4444_250289996%2Fmd.mp4,annotated,Sora,0.0018836825994819873
herkenhoffs_978975480%2Fmd.mp4,annotated,Sora,0.04843124558511891
badhiin_watermarked.mp4,annotated,Sora,0.25990404991758886
mrgreensmoke_106680126%2Fmd.mp4,annotated,Sora,0.12204202966800094
oliversantos_51554786%2Fmd.mp4,annotated,Sora,0.27391393925123614
tonspattapong_979686879%2Fmd.mp4,annotated,Sora,0.007740758182246291
flightsniper_75221103%2Fmd.mp4,annotated,Sora,0.018159877560631033
sozo_40_92215312%2Fmd.mp4,annotated,Sora,0.018262891452790204
jackadhd_344785515%2Fmd.mp4,annotated,Sora,0.05815870025900635
numnim1125_265368961%2Fmd.mp4,annotated,Sora,0.2185513303508359
sly123-_528949405%2Fmd.mp4,annotated,Sora,0.08497174476100777
watchmov_742587971%2Fmd.mp4,annotated,Sora,0.017276901342123854
jgs1992_706659641%2Fmd.mp4,annotated,Sora,0.17494702142688956
zapps_276353021%2Fmd.mp4,annotated,Sora,0.012876736519896397
holdenb000_511801582%2Fmd.mp4,annotated,Sora,0.08739992936190252
thedogzombie_543818446%2Fmd.mp4,annotated,Sora,0.11605250765246056
harusunshine_450175492%2Fmd.mp4,annotated,Sora,0.3122792559453732
edisonaikunal_104911536%2Fmd.mp4,annotated,Sora,0.022295149517306333
natielo_817618579%2Fmd.mp4,annotated,Sora,0.041779491405698144
liiiisa_533982359%2Fmd.mp4,annotated,Sora,0.0870320226041912
francesco_1311_265110907%2Fmd.mp4,annotated,Sora,0.3222716034848128
jimmyscat_182007748%2Fmd.mp4,annotated,Sora,0.007387567694843418
afsinsahin_379807705%2Fmd.mp4,annotated,Sora,0.04373675535672239
kohei0217_watermarked.mp4,annotated,Sora,0.03733517777254533
kakehashi_369955668%2Fmd.mp4,annotated,Sora,0.06189663291735342
rana2025_watermarked.mp4,annotated,Sora,0.2317076760065929
unisellogi_226892660%2Fmd.mp4,annotated,Sora,0.07087355780550977
noboos_493017490%2Fmd.mp4,annotated,Sora,0.008329408994584413
yongsu_110458989%2Fmd.mp4,annotated,Sora,0.14286555215446198
alanpaulpanassiti_287632183%2Fmd.mp4,annotated,Sora,0.012288085707558277
ayami_jp_318488182%2Fmd.mp4,annotated,Sora,0.01158170473275253
bugunda1974_696387245%2Fmd.mp4,annotated,Sora,0.004194137037909112
julilll_527536976%2Fmd.mp4,annotated,Sora,0.01745349658582529
enesronaldo_92355579%2Fmd.mp4,annotated,Sora,0.006269131151400989
miya_zzq_768646018%2Fmd.mp4,annotated,Sora,0.006828349423122204
idhun_867370191%2Fmd.mp4,annotated,Sora,0.15887685425005887
rigidi_279466436%2Fmd.mp4,annotated,Sora,0.00223687308688486
terminated_loop_736385569%2Fmd.mp4,annotated,Sora,0.009241817753708501
nohyoungsun_662638387%2Fmd.mp4,annotated,Sora,0.0001177301624676242
lesyaleo88_895509488%2Fmd.mp4,annotated,Sora,0.1747704261831881
pedronamslaw_195126954%2Fmd.mp4,annotated,Sora,0.1021603484812809
360video_921703662%2Fmd.mp4,annotated,Sora,0.01084589121732988
julana137_905108568%2Fmd.mp4,annotated,Sora,0.003458323522486461
doubtful_445151992%2Fmd.mp4,annotated,Sora,0.3674652696020721
kddhyan_861313647%2Fmd.mp4,annotated,Sora,0.0257829055804097
fan66666_402617482%2Fmd.mp4,annotated,Sora,0.011831881327996233
imbalcarta_907739575%2Fmd.mp4,annotated,Sora,0.07322816105486225
bernardonyqr6_59392084%2Fmd.mp4,annotated,Sora,0.03253767365198964
mcmoshe_69758465%2Fmd.mp4,annotated,Sora,0.02125029432540617
jam14_414903139%2Fmd.mp4,annotated,Sora,0.03717329879915235
blueryan_529348797%2Fmd.mp4,annotated,Sora,0.16283553096303274
dustbee_99203930%2Fmd.mp4,annotated,Sora,0.055082999764539675
wattica_31242578%2Fmd.mp4,annotated,Sora,0.02354603249352484
joseantonio71_614690824%2Fmd.mp4,annotated,Sora,0.04669472568872145
mcomlan_287194423%2Fmd.mp4,annotated,Sora,0.012332234518483635
marquez0001ita_627948475%2Fmd.mp4,annotated,Sora,0.2449228867435837
alexkuehndirector_506818934%2Fmd.mp4,annotated,Sora,0.0471803626089004
zuumbe_92059801%2Fmd.mp4,annotated,Sora,0.006681186720037673
glum06_737807537%2Fmd.mp4,annotated,Sora,0.07774605603955734
wakey_wakey_99058203%2Fmd.mp4,annotated,Sora,0.01742406404520838
arthures369_194530034%2Fmd.mp4,annotated,Sora,0.038394749234753944
yogseedlive_657826812%2Fmd.mp4,annotated,Sora,0.05100659288909819
stefarmakis_815007314%2Fmd.mp4,annotated,Sora,0.0637214504356016
bami0776_956498167%2Fmd.mp4,annotated,Sora,0.0060042382858488345
zzalshoping_811438888%2Fmd.mp4,annotated,Sora,0.006092535907699552
burek_svemirski_861660516%2Fmd.mp4,annotated,Sora,0.009933482458205793
netrunner04_511382613%2Fmd.mp4,annotated,Sora,0.11981987285142454
darkbloond_370767910%2Fmd.mp4,annotated,Sora,0.027651871909583233
ummisarohh_940586903%2Fmd.mp4,annotated,Sora,0.032331645867671295
ebabe-86_198708927%2Fmd.mp4,annotated,Sora,0.012199788085707557
2kota_345048458%2Fmd.mp4,annotated,Sora,0.046856604662114436
luisrepi_472527513%2Fmd.mp4,annotated,Sora,0.05427360489757476
lasimo_40810628%2Fmd.mp4,annotated,Sora,0.008550153049211208
ferdigan_963134811%2Fmd.mp4,annotated,Sora,0.2838032728985166
ogbadd_66891882%2Fmd.mp4,annotated,Sora,0.005327289851659995
kawaks_900269071%2Fmd.mp4,annotated,Sora,0.1355221332705439
cobaxter_870868562%2Fmd.mp4,annotated,Sora,0.1731222039086414
benlatrobe_712706050%2Fmd.mp4,annotated,Sora,0.015157758417706616
munju_594508189%2Fmd.mp4,annotated,Sora,0.05158052743112786
julianna366_840879800%2Fmd.mp4,annotated,Sora,0.0038703790911231457
olivier1223455_563698350%2Fmd.mp4,annotated,Sora,0.08985754650341418
fahris_25057194%2Fmd.mp4,annotated,Sora,0.058467741935483875
waha33_628890709%2Fmd.mp4,annotated,Sora,0.1281639981163174
freakysl_41517390%2Fmd.mp4,annotated,Sora,0.013068048033906286
chrismas_315229662%2Fmd.mp4,annotated,Sora,0.38416823640216624
ipman33_824593088%2Fmd.mp4,annotated,Sora,0.16914881092535908
spoopysploinky_543382572%2Fmd.mp4,annotated,Sora,0.288850953614316
fumiiioooi_723591708%2Fmd.mp4,annotated,Sora,0.12148281139627973
kooksung_205324726%2Fmd.mp4,annotated,Sora,0.087090887685425
alexabrazura_414697163%2Fmd.mp4,annotated,Sora,0.02694549093477749
illabo_468610594%2Fmd.mp4,annotated,Sora,0.03757063809748057
alper1992_262589180%2Fmd.mp4,annotated,Sora,0.01464268895691076
mikealbert99_87574649%2Fmd.mp4,annotated,Sora,0.018307040263715563
rabbitcenter01_777662173%2Fmd.mp4,annotated,Sora,0.14942900871203205
yux000_904075727%2Fmd.mp4,annotated,Sora,0.1045738168118672
atakivancevsen_96347779%2Fmd.mp4,annotated,Sora,0.02673946315045915
maharajinsights_660152614%2Fmd.mp4,annotated,Sora,0.004709206498704968
cur10uzed_440757292%2Fmd.mp4,annotated,Sora,0.07930598069225335
parcival00_337074473%2Fmd.mp4,annotated,Sora,0.034789263009182954
jonstronglives_867833632%2Fmd.mp4,annotated,Sora,0.01954320696962562
40-_747442607%2Fmd.mp4,annotated,Sora,0.2721185542736049
aspirezonerealestate_707980198%2Fmd.mp4,annotated,Sora,0.046856604662114436
julia66_865292154%2Fmd.mp4,annotated,Sora,0.004488462444078172
pikachuhi_115790213%2Fmd.mp4,annotated,Sora,0.12267482929126441
bonjouryentinglai_437714217%2Fmd.mp4,annotated,Sora,0.25701966093713213
lazypandazem_566926496%2Fmd.mp4,annotated,Sora,0.028387685425005887
gaichan_594486512%2Fmd.mp4,annotated,Sora,0.038394749234753944
docente_emmess_775671215%2Fmd.mp4,annotated,Sora,0.2987550035319049
dianazin_31120087%2Fmd.mp4,annotated,Sora,0.010374970567459382
thebenhallman_750307606%2Fmd.mp4,annotated,Sora,0.06672356957852602
strategists_741336358%2Fmd.mp4,annotated,Sora,0.09484636213797976
abhilashdwarakish_136979546%2Fmd.mp4,annotated,Sora,0.00160407346362138
taisantana_236442284%2Fmd.mp4,annotated,Sora,0.13056275017659524
bryanarias_749269367%2Fmd.mp4,annotated,Sora,0.035245467388745
teni_336618633%2Fmd.mp4,annotated,Sora,0.25797621850718155
deguru_460443911%2Fmd.mp4,annotated,Sora,0.015687544148810927
terenabelitz_349448505%2Fmd.mp4,annotated,Sora,0.007755474452554745
suremate_30928557%2Fmd.mp4,annotated,Sora,0.010374970567459382
2592108_968226828%2Fmd.mp4,annotated,Sora,0.2836708264657405
nomad_genie_194060401%2Fmd.mp4,annotated,Sora,0.012979750412055568
duvidl_105618591%2Fmd.mp4,annotated,Sora,0.4679773958088062
landissimo_763773615%2Fmd.mp4,annotated,Sora,0.006578172827878502
amohns_watermarked.mp4,annotated,Sora,0.12564751589357193
mareki619_881318936%2Fmd.mp4,annotated,Sora,0.1850570991287968
sss233_950579572%2Fmd.mp4,annotated,Sora,0.04294207676006592
rick_rpm_839911052%2Fmd.mp4,annotated,Sora,0.08074817518248176
sasikkumar_456646770%2Fmd.mp4,annotated,Sora,0.07406698846244408
giri1978_61831221%2Fmd.mp4,annotated,Sora,0.004929950553331763
harunsinger_882862013%2Fmd.mp4,annotated,Sora,0.03883623734400753
shubhamkumar001007_260483807%2Fmd.mp4,annotated,Sora,0.05002060277843184
pranshuiykyk_915385991%2Fmd.mp4,annotated,Sora,0.13382976218507184
shaheen089_665465442%2Fmd.mp4,annotated,Sora,0.07050565104779845
planetskool_tau_61597213%2Fmd.mp4,annotated,Sora,0.07945314339533789
kitbag_984706617%2Fmd.mp4,annotated,Sora,0.010948905109489052
kim1171_759736099%2Fmd.mp4,annotated,Sora,0.027107369908170472
capybaraboy_870409113%2Fmd.mp4,annotated,Sora,0.004782787850247233
autumnolive_772003448%2Fmd.mp4,annotated,Sora,0.07755474452554745
_kx_283277740%2Fmd.mp4,annotated,Sora,0.004370732281610549
ibkdeep_945984265%2Fmd.mp4,annotated,Sora,0.022736637626559926
bstaff413_310949993%2Fmd.mp4,annotated,Sora,0.031007181539910528
nanigaski696_773350383%2Fmd.mp4,annotated,Sora,0.04504650341417471
lonnix80_515057748%2Fmd.mp4,annotated,Sora,0.0401312691311514
straysonar_33381340%2Fmd.mp4,annotated,Sora,0.0037673651989639746
dand7_729543769%2Fmd.mp4,annotated,Sora,0.05272839651518719
1656511_927926754%2Fmd.mp4,annotated,Sora,0.01502531198493054
nginoid_480719763%2Fmd.mp4,annotated,Sora,0.011920178949846951
aurus-_270918830%2Fmd.mp4,annotated,Sora,0.13500706380974806
ioh777_744392517%2Fmd.mp4,annotated,Sora,0.005047680715799388
gugeron_376915645%2Fmd.mp4,annotated,Sora,0.2884094655050624
sorajiei_576214078%2Fmd.mp4,annotated,Sora,0.03461266776548152
comrade_rt_656517612%2Fmd.mp4,annotated,Sora,0.005180127148575465
624329_926004613%2Fmd.mp4,annotated,Sora,0.012170355545090652
moazzamk_606515066%2Fmd.mp4,annotated,Sora,0.405698139863433
tiagnio_924786425%2Fmd.mp4,annotated,Sora,0.3645514480809984
kimkyungseob_599183004%2Fmd.mp4,annotated,Sora,0.18101012479397222
tranhao94_370494437%2Fmd.mp4,annotated,Sora,0.06831292677183894
cb-teamdks_516914746%2Fmd.mp4,annotated,Sora,0.021956675300211913
rawdi2_888439048%2Fmd.mp4,annotated,Sora,0.09957028490699317
fantasycat_01_810810314%2Fmd.mp4,annotated,Sora,0.0015010595714622086
3dq_200412742%2Fmd.mp4,annotated,Sora,0.03888038615493289
gurmannnpreet_765593847%2Fmd.mp4,annotated,Sora,0.004871085472097952
lkoq_753996478%2Fmd.mp4,annotated,Sora,0.02388450671061926
luisdavila2_416667043%2Fmd.mp4,annotated,Sora,0.1354632681893101
webtoolsbd01_436893530%2Fmd.mp4,annotated,Sora,0.2323993407110902
iamabhijith_19213187%2Fmd.mp4,annotated,Sora,0.0787614786908406
satyam1006_488961650%2Fmd.mp4,annotated,Sora,0.004194137037909112
josefo28_watermarked.mp4,annotated,Sora,0.42269543206969623
wulingxiaoshanhai_661629808%2Fmd.mp4,annotated,Sora,0.008520720508594301
scorpion_mall_shamscafe_25539151%2Fmd.mp4,annotated,Sora,0.01196432776077231
treppenhaus_155830746%2Fmd.mp4,annotated,Sora,0.010728161054862257
imdaniel_329734093%2Fmd.mp4,annotated,Sora,0.052051448080998354
shahadatclub_396292123%2Fmd.mp4,annotated,Sora,0.04640040028255239
rnnuihunvi_329805799%2Fmd.mp4,annotated,Sora,0.02775488580174241
babu12999_504611764%2Fmd.mp4,annotated,Sora,0.277092653637862
at____999_458200743%2Fmd.mp4,annotated,Sora,0.04108782670120085
lsh823823_600837877%2Fmd.mp4,annotated,Sora,0.43729397221568167
shawnmak99_46853377%2Fmd.mp4,annotated,Sora,0.07852601836590534
solcollecta_348363187%2Fmd.mp4,annotated,Sora,0.21969919943489521
joseluisperezmolinero_915724720%2Fmd.mp4,annotated,Sora,0.024061101954320697
octopusandme_585210539%2Fmd.mp4,annotated,Sora,0.0226189074640923
umi90_722913797%2Fmd.mp4,annotated,Sora,0.10286672945608666
edwinho__296508647%2Fmd.mp4,annotated,Sora,0.046621144337179184
nyasith_585576726%2Fmd.mp4,annotated,Sora,0.019219449022839653
sollee11_114819764%2Fmd.mp4,annotated,Sora,0.02154461973157523
marcosmedeiros_599275797%2Fmd.mp4,annotated,Sora,0.2671003060984224
maullin_363338812%2Fmd.mp4,annotated,Sora,0.07247763126913115
ringingz_761255479%2Fmd.mp4,annotated,Sora,0.009889333647280433
shashank008_884272458%2Fmd.mp4,annotated,Sora,0.02110313162232164
kazuhide28_40941955%2Fmd.mp4,annotated,Sora,0.012685425005886508
kenshoedge_211016245%2Fmd.mp4,annotated,Sora,0.020455615728749706
michealarun_124204376%2Fmd.mp4,annotated,Sora,0.2977984459618554
tribalterrace_579954080%2Fmd.mp4,annotated,Sora,0.05478867435837061
rileyyyyyy_543219247%2Fmd.mp4,annotated,Sora,0.1279138215210737
thekaveman12_32873031%2Fmd.mp4,annotated,Sora,0.2614786908405934
quiethustle_387177629%2Fmd.mp4,annotated,Sora,0.02460560395573346
mrmujo_319813296%2Fmd.mp4,annotated,Sora,0.02013185778196374
karam900_963851082%2Fmd.mp4,annotated,Sora,0.12892924417235696
martin1999_324456172%2Fmd.mp4,annotated,Sora,0.10635448551919001
yomiafo_882881376%2Fmd.mp4,annotated,Sora,0.020735224864610314
sdgt36_802988873%2Fmd.mp4,annotated,Sora,0.04198551919001648
tlsotrk_650884571%2Fmd.mp4,annotated,Sora,0.019911113727336942
keitokaneko_171984933%2Fmd.mp4,annotated,Sora,0.008491287967977396
austin355_586562389%2Fmd.mp4,annotated,Sora,0.00913880386154933
mursii_322390153%2Fmd.mp4,annotated,Sora,0.05066811867200377
tkno_985303264%2Fmd.mp4,annotated,Sora,0.004414881092535908
ryanbeardy_828673299%2Fmd.mp4,annotated,Sora,0.07449376030138923
neabada_363605853%2Fmd.mp4,annotated,Sora,0.40927419354838707
djunio7_289785062%2Fmd.mp4,annotated,Sora,0.003237579467859666
naseef_ironic_846574969%2Fmd.mp4,annotated,Sora,0.12548563692017894
rakovalexander_69876888%2Fmd.mp4,annotated,Sora,0.19248881563456557
deepak2002_311185574%2Fmd.mp4,annotated,Sora,0.014407228631975511
dkfkq_745665830%2Fmd.mp4,annotated,Sora,0.009315399105250765
youngmin86_641858169%2Fmd.mp4,annotated,Sora,0.02573875676948434
timptu_146037786%2Fmd.mp4,annotated,Sora,0.007667176830704026
kalantara_india_624342825%2Fmd.mp4,annotated,Sora,0.1277960913586061
drstaroselsky_462431379%2Fmd.mp4,annotated,Sora,0.1563898045679303
panda_1996_186911185%2Fmd.mp4,annotated,Sora,0.014039321874264186
tokimonstah_52490513%2Fmd.mp4,annotated,Sora,0.0016629385448551919
ilhamiekrem_422156761%2Fmd.mp4,annotated,Sora,0.04975570991287968
cottyy_729398960%2Fmd.mp4,annotated,Sora,0.13686131386861314
dhruvkamal_177770023%2Fmd.mp4,annotated,Sora,0.031154344242995055
abdujaliliy_109159782%2Fmd.mp4,annotated,Sora,0.06135213091594067
jazbean_610517503%2Fmd.mp4,annotated,Sora,0.03501000706380975
viki-workspace_59811293%2Fmd.mp4,annotated,Sora,0.006769484341888392
supadupahooman_347181512%2Fmd.mp4,annotated,Sora,0.3047886743583706
prapasabee_748286842%2Fmd.mp4,annotated,Sora,0.06891629385448553
qualityboost_620548651%2Fmd.mp4,annotated,Sora,0.007917353425947727
reborn-xiaoyu_835990987%2Fmd.mp4,annotated,Sora,0.15705203673181067
1863bab7-bc1f-5fc9-a44d-720bbed73918.mp4,annotated,VEO3,0.057511184365434426
970925f3-be84-5e5c-9b8f-d246c24f3296.mp4,annotated,VEO3,0.017247468801506946
10e29fad-0551-5ef0-9b5d-3b34a05c0195.mp4,annotated,VEO3,0.020897103838003295
f9ff9baa-d06d-5814-8f13-c8b52cc2f2b2.mp4,annotated,VEO3,0.039071697668942786
c98c84d6-7b10-5743-b5d3-47a21cf600d5.mp4,annotated,VEO3,0.0690487402872616
2592b761-04f3-52ea-a63e-593057db4634.mp4,annotated,VEO3,0.029844596185542735
9cea8744-e5fe-54cf-b613-cbf1fe7d3308.mp4,annotated,VEO3,0.1181716505768778
4e7c08f2-116e-5cfa-b8dd-99588348cbe8.mp4,annotated,VEO3,0.010698728514245349
96ecfef5-2f15-5dd3-86b0-f63c12eb2290.mp4,annotated,VEO3,0.02335472097951495
4fa17d71-ac3c-5ef3-a482-ee4dda6f0a4b.mp4,annotated,VEO3,0.03327348716741229
9d48d736-2327-5512-8c54-c04c533da965.mp4,annotated,VEO3,0.03976336237344008
65003a6e-02b0-5e40-b3de-3649f1cfc266.mp4,annotated,VEO3,0.042633035083588414
a24cd0d5-aa80-560b-84e7-9155d8c3fb6b.mp4,annotated,VEO3,0.020808806216152578
40e7163c-b5f9-5bcc-8a5e-f77a9ba1459e.mp4,annotated,VEO3,0.005150694607958559
063d099c-54ed-5d60-a04d-c412e5cd07dd.mp4,annotated,VEO3,0.09222686602307512
b6a6bb75-195b-593b-bb65-f7ca2bbcc0ad.mp4,annotated,VEO3,0.05695196609371321
f35d7f32-6af4-586c-85a7-36e491a6bac0.mp4,annotated,VEO3,0.028785024723334118
35f79e50-a91d-5edf-ad0b-509a4f95243f.mp4,annotated,VEO3,0.17510890040028254
2377c88e-6c68-52bd-af17-aa98946d0a14.mp4,annotated,VEO3,0.006475158935719332
6c8440d7-7089-5f5f-ab74-71c629d6c9ef.mp4,annotated,VEO3,0.0094919943489522
5fd96296-8930-58d6-97c2-249665f5df8d.mp4,annotated,VEO3,0.3221244407817283
7799188f-884c-59c4-b503-f7f78f9c326f.mp4,annotated,VEO3,0.004782787850247233
950a7eb4-56cb-54de-979c-b9ee25bf7a72.mp4,annotated,VEO3,0.0031492818460089472
7ed621f7-d862-5d23-9896-7a39273179e6.mp4,annotated,VEO3,0.0024281846008947492
f78a5926-62ca-5156-9327-e361a6111ddd.mp4,annotated,VEO3,0.031669413703790915
29968f04-3e8f-5dd1-a7f5-3fad6a0c20a8.mp4,annotated,VEO3,0.2140040028255239
baa4328e-3976-597b-9ea1-4c4d006c276c.mp4,annotated,VEO3,0.18957499411349188
a9305e13-ca9a-55a4-8d03-b99c9915c3ad.mp4,annotated,VEO3,0.06975512126206734
bd317297-12c4-5588-80ee-77c6bc7193e9.mp4,annotated,VEO3,0.02868201083117495
98bfa0a4-94a9-5eec-a0f5-b052c7be91c3.mp4,annotated,VEO3,0.022147986814221806
d009391c-1efe-5b7d-8b80-3f5549cbdf41.mp4,annotated,VEO3,0.07533258770897104
77711399-2722-5788-aafc-5b15d23ab533.mp4,annotated,VEO3,0.020337885566282084
3c1f5970-10ca-5eec-81b2-3ee1e80236f6.mp4,annotated,VEO3,0.045988344713915705
d07b5399-798d-549a-9e0b-d20fb1246675.mp4,annotated,VEO3,0.06330939486696492
34420b89-8c35-560b-b4ca-8c3fd7c5e9fd.mp4,annotated,VEO3,0.022780786437485285
4cedf684-621d-5de7-a775-2e4bf344ca32.mp4,annotated,VEO3,0.27267777254532616
d6e5b267-d092-5314-a1f4-3737479ef952.mp4,annotated,VEO3,0.006048387096774193
a9bcc2cc-99f4-516c-9171-db8ef8318b2d.mp4,annotated,VEO3,0.15166588179891688
275ce5ad-eb5b-55e9-98e6-baf1a2636abd.mp4,annotated,VEO3,0.04185307275724041
c7ccd128-2ae7-51f8-8f1f-5fc8f3f793be.mp4,annotated,VEO3,0.00894749234753944
6eba20f8-8436-5997-af48-f61154d57936.mp4,annotated,VEO3,0.09801036025429714
be492a4a-f34f-5bee-ac5e-0b9bde3dd48f.mp4,annotated,VEO3,0.3673622557099129
47a89d29-e8b3-5169-bb5b-b8be2cd4bdb1.mp4,annotated,VEO3,0.008402990346126677
cdcc11a3-4827-585a-af1e-f37e2ecd0ae7.mp4,annotated,VEO3,0.05218389451377443
bd390256-8144-5453-84ac-38cdc4b8cf89.mp4,annotated,VEO3,0.20888274075818225
f7897b8d-8a18-5031-b35f-79056fb4727d.mp4,annotated,VEO3,0.06551683541323287
d514a0a5-8fc8-5e8c-92b6-af1e87db3704.mp4,annotated,VEO3,0.01618789733929833
1b73b0ba-4ad7-5e4e-b7cd-3de1043f928f.mp4,annotated,VEO3,0.013936307982105016
6fb853c5-5795-5f8a-9333-556e245f1aed.mp4,annotated,VEO3,0.004208853308217565
f0003dc9-6869-5a94-a068-498ed3d4fffa.mp4,annotated,VEO3,0.016908994584412525
55401ff6-b4a6-5f61-a920-12a1040eddde.mp4,annotated,VEO3,0.050108900400282555
c96cb13d-d84b-5816-ab6d-d765f868f4d5.mp4,annotated,VEO3,0.11459559689192371
09804bce-1107-5e1d-96d5-65f9ff9a8c8c.mp4,annotated,VEO3,0.03374440781728279
e235b522-08e9-533b-9bd4-ffcd1619d346.mp4,annotated,VEO3,0.039954673887449964
257b051d-d65e-50b7-ba0f-0e327cc1a5f8.mp4,annotated,VEO3,0.005091829526724746
66d4d651-4178-5c94-bbb4-4569f0e9a0b9.mp4,annotated,VEO3,0.034024016953143395
db8bcc7b-c502-563c-8c8b-688778278279.mp4,annotated,VEO3,0.0048122203908641395
90447966-4d43-549b-a74b-ef5848b1155a.mp4,annotated,VEO3,0.033229338356486934
84ecfd10-2ec1-5259-b44a-2cf1786bb321.mp4,annotated,VEO3,0.04750412055568637
a859f007-4035-50d3-9e5c-393df0a3822e.mp4,annotated,VEO3,0.038394749234753944
bda332e2-1691-5d49-88df-009b9dc686b9.mp4,annotated,VEO3,0.005018248175182482
6ebd5001-4d7d-52b1-b2bd-17c89691a401.mp4,annotated,VEO3,0.2739875206027784
03aaf46b-5642-5e3b-8f36-1742bfbf9953.mp4,annotated,VEO3,0.013259359547916176
3dcbf69c-94e7-5803-b8cc-c2a13ddfa2db.mp4,annotated,VEO3,0.32887920885330824
58286315-635a-59ad-abc0-77087ad73b42.mp4,annotated,VEO3,0.11502236873086885
f7865e8b-5321-5f81-856b-6106f2108bed.mp4,annotated,VEO3,0.0040175417942076765
71ae6a07-6e81-5e61-9b0a-60af41e0358b.mp4,annotated,VEO3,0.23241405698139864
ee812eb7-124e-53f9-bd70-7eafe68faecb.mp4,annotated,VEO3,0.05080056510477984
e4338ec7-9ad6-5b92-af6d-0a92bf5ef165.mp4,annotated,VEO3,0.004591476336237344
15e3ee4c-7c48-5b5d-bcb3-fafc0c0c4beb.mp4,annotated,VEO3,0.011758299976453968
e25fabe8-8271-5677-a16f-b7a940f38f38.mp4,annotated,VEO3,0.023310572168589592
341d2a27-7f69-5f90-97ce-079df1d31d10.mp4,annotated,VEO3,0.020602778431834237
8ef61961-2087-58a7-8ba1-be82dacb2777.mp4,annotated,VEO3,0.0059600894749234756
fc11c0d2-6af4-565e-a872-198644afe52b.mp4,annotated,VEO3,0.12182128561337414
95f60029-f7e5-5a9a-9290-b62ed0671261.mp4,annotated,VEO3,0.02825523899222981
95eafc14-1a4b-5887-bfce-534d398a0cf4.mp4,annotated,VEO3,0.005445020014127619
e833a7a5-500d-5e73-be08-302691373396.mp4,annotated,VEO3,0.0313898045679303
0838abb0-fb8d-501b-86a0-5c93704b6fb7.mp4,annotated,VEO3,0.03433305862962091
d70b9966-d876-5c6f-a0a1-0a1693e86765.mp4,annotated,VEO3,0.008182246291499882
883c1d78-198e-5ce1-bf8d-a68f15f516a5.mp4,annotated,VEO3,0.015040028255238992
7785b6bf-9a6c-571c-80ac-0b6dd49d9706.mp4,annotated,VEO3,0.2328408288203438
d1a7cf09-faf3-5b77-a097-87f2d6b2962c.mp4,annotated,VEO3,0.017791970802919707
370df03c-94f4-5b33-85f0-7ef0dfd75291.mp4,annotated,VEO3,0.003443607252178008
319213d0-12dc-50ff-b926-fa4f9ed610c6.mp4,annotated,VEO3,0.0056068989875206025
19429419-1ba5-523c-81f2-e74442a8ef97.mp4,annotated,VEO3,0.03652578290558041
aec9f9c5-536b-54d0-9d99-0d3ea8df8492.mp4,annotated,VEO3,0.006092535907699552
11bbceb3-dc08-5b30-8be5-e4b96255ec93.mp4,annotated,VEO3,0.35611902519425476
ed134f0b-2938-503a-a132-662374c93412.mp4,annotated,VEO3,0.06659112314574994
ca23d729-9927-58a7-80cb-b2af3ad3d6ea.mp4,annotated,VEO3,0.030477395808806217
c8523b56-613e-52ed-9966-c588257922bd.mp4,annotated,VEO3,0.04416352719566753
6069f7af-7126-53ea-a51d-93ad57868f0b.mp4,annotated,VEO3,0.00816753002119143
eb5dbcb2-e978-5c8c-90ce-47c313169b0b.mp4,annotated,VEO3,0.01949905815870026
0a78b5e8-ff82-5abf-a339-24f327ee1983.mp4,annotated,VEO3,0.0053125735813515425
d96f7407-f898-54ec-993c-5d650fa75aad.mp4,annotated,VEO3,0.003046267953849776
91405696-7398-5f51-bf27-3096bcaeab5e.mp4,annotated,VEO3,0.0066517541794207675
a3f8b27a-51cf-58bd-94d8-b99b96ccec2e.mp4,annotated,VEO3,0.0462090887685425
75e83cd2-fc1d-545e-9008-c6628c7da07c.mp4,annotated,VEO3,0.08960736990817048
69060ada-9896-5907-a63c-dd4ba1b610d3.mp4,annotated,VEO3,0.01799799858723805
31447147-a3c3-5957-974c-536146657116.mp4,annotated,VEO3,0.08033611961384507
b75a1e5d-237d-5fb7-ad42-2ccd3e66d2b8.mp4,annotated,VEO3,0.008476571697668942
f88c9ea9-39d2-560a-8dc3-8dbb934fcc1d.mp4,annotated,VEO3,0.028961619967035557
22c04a96-5b44-53ae-8ba2-d6958d5e3d62.mp4,annotated,VEO3,0.019087002590063573
446c7b76-db57-5616-a5da-8a84701fbcf8.mp4,annotated,VEO3,0.011125500353190487
18b3d8b9-78c3-5e15-9b90-a88e4327bcc8.mp4,annotated,VEO3,0.00938898045679303
2b80a552-6d73-5471-b150-fbcf85dd2083.mp4,annotated,VEO3,0.10686955497998588
757777f2-d776-555b-905b-a963fe5906f4.mp4,annotated,VEO3,0.09001942547680716
719d75e3-1b23-52cd-bb07-e52f5afe080a.mp4,annotated,VEO3,0.23785907699552625
d1bf3c7c-880e-5bc8-b88c-073fd83b7bc2.mp4,annotated,VEO3,0.0015746409230044738
21e74d52-cafc-5c06-8d97-1e8b5cb0461d.mp4,annotated,VEO3,0.1343448316458677
e95e1115-7561-5972-a4a0-f2ae42021106.mp4,annotated,VEO3,0.028137508829762185
c857cfa2-7531-5abe-a8db-8205a69ad563.mp4,annotated,VEO3,0.22936778902754887
8b43d882-8288-55a9-98b4-1d9eac646bec.mp4,annotated,VEO3,0.0040616906051330354
0443601f-0330-575d-bb93-802156580834.mp4,annotated,VEO3,0.12311631740051801
70c7c49c-06f9-5484-b3af-0c5e7102b840.mp4,annotated,VEO3,0.016805980692253357
b511aee8-0733-5c84-ae67-94f803160c2a.mp4,annotated,VEO3,0.003428890981869555
89535ec9-ce52-57d6-9dd0-af90c7abb282.mp4,annotated,VEO3,0.05992465269602072
785d6b79-40bf-5e19-b7a3-b4c8bc141149.mp4,annotated,VEO3,0.009712738403578997
50bf587a-fe49-5102-b04f-7f1e0f345d97.mp4,annotated,VEO3,0.16059865787614785
897c9ec6-ad1b-54d9-a3ea-201ea3a4c84a.mp4,annotated,VEO3,0.019440193077466444
08b91069-653d-5c28-954a-6226b9bb1f22.mp4,annotated,VEO3,0.012273369437249822
9856c102-fb12-5ae1-8208-7490d0763008.mp4,annotated,VEO3,0.005165410878267012
60134d08-8952-53bc-a2ce-e00146c039dd.mp4,annotated,VEO3,0.13015069460795856
f6ee5893-2e96-5432-8727-4d7be5279b5e.mp4,annotated,VEO3,0.003473039792794914
5aa1fd3e-b35f-5f79-9a27-9202f261af11.mp4,annotated,VEO3,0.048166352719566756
e8f53cab-7743-57fb-ae27-b2e9e5216417.mp4,annotated,VEO3,0.014083470685189545
59f1ae8c-15f2-58d5-8761-ea18af234456.mp4,annotated,VEO3,0.12339592653637861
3f9f7d1a-995c-5d45-bfc3-d652e1e5f92e.mp4,annotated,VEO3,0.0155698139863433
fb319a14-ba1c-59e8-94ba-33d88dec49fe.mp4,annotated,VEO3,0.004356016011302095
fba07b9b-b267-55fc-8951-cda16c600dce.mp4,annotated,VEO3,0.017718389451377443
3096cf20-cd88-5b4d-bea6-61746776ff67.mp4,annotated,VEO3,0.5550094184129974
6dc1ac73-6f77-59ac-a7ef-f80bbcf123fc.mp4,annotated,VEO3,0.045311396279726864
bc072530-2ade-59aa-8f31-550cd6745059.mp4,annotated,VEO3,0.0568931010124794
c280618b-960e-57c4-afca-6ad272194d33.mp4,annotated,VEO3,0.007946785966564635
6ed3fbb6-bcc2-5337-8e8d-768d9fc51c01.mp4,annotated,VEO3,0.06622321638803862
a23982ee-4ee7-594c-af66-ed98090c8d12.mp4,annotated,VEO3,0.05749646809512597
cf27647f-3d15-5b04-80b1-9b55708aaf05.mp4,annotated,VEO3,0.019866964916411586
e1413a0e-c618-54cd-ab9a-26c16001ea5d.mp4,annotated,VEO3,0.0464592653637862
dd75e96d-0ec5-5fde-8de5-271a12cf7222.mp4,annotated,VEO3,0.0018689663291735343
9ccdedcf-8ff7-5b45-a935-f544c93fd4e9.mp4,annotated,VEO3,0.036099011066635274
b5201fd0-8500-530f-82e2-4e151d6ebb24.mp4,annotated,VEO3,0.0031198493053920416
0aa6b17f-75cc-5615-b39c-91354fdcedb5.mp4,annotated,VEO3,0.004120555686366848
ae22d239-86bf-545a-8e54-4e11f0ae5f3c.mp4,annotated,VEO3,0.013097480574523193
3e163358-3eec-55b7-88de-16233ad4df85.mp4,annotated,VEO3,0.009742170944195903
3cf0ac4d-d596-556d-aa1f-e1f826f75749.mp4,annotated,VEO3,0.0347745467388745
e7a7bace-29fc-511d-a898-0e5414800d0a.mp4,annotated,VEO3,0.009859901106663528
e2d6b0ad-e339-5ab8-abf1-3af88321280d.mp4,annotated,VEO3,0.004120555686366847
27644df7-c8fa-5a5d-9c17-8cd67fd11332.mp4,annotated,VEO3,0.006548740287261596
d0db79f5-bba5-52ab-9ab4-24bb1384d510.mp4,annotated,VEO3,0.03542206263244643
37c6ad3d-adfe-5fa8-b80c-901040b755b2.mp4,annotated,VEO3,0.05269896397457029
e1baa2a7-83be-5b00-bff8-32ea736817f4.mp4,annotated,VEO3,0.0547298092771368
ef737d8a-2e29-5b1d-b0cd-df4a35fef8c8.mp4,annotated,VEO3,0.009418412997409937
f8e1ba6a-47c3-5274-9124-55cbbbf2c352.mp4,annotated,VEO3,0.05305215446197316
d685c57b-5eff-5666-9094-5c60d4e4b845.mp4,annotated,VEO3,0.06816576406875441
968e8763-6b46-5e42-ad0d-066a1461ab31.mp4,annotated,VEO3,0.07461149046385683
a166fa32-5de8-5fed-a7ed-da307115d4d0.mp4,annotated,VEO3,0.04485519190016483
45378602-e916-5d06-88bf-8f11b7a978a6.mp4,annotated,VEO3,0.005180127148575465
7df0eb21-d437-5571-8196-2a206ff10e03.mp4,annotated,VEO3,0.007446432776077231
fdbec7af-5137-5dd0-aa6e-d00799c5e0a5.mp4,annotated,VEO3,0.11961384506710619
60a4d4e7-d951-5065-9c86-5f091b9da8bb.mp4,annotated,VEO3,0.14641217329879916
1a66cc11-76e4-5a87-90bf-babc2221b7a0.mp4,annotated,VEO3,0.010316105486225571
0acb6d3c-77bd-5487-b627-64be42879c08.mp4,annotated,VEO3,0.05264009889333647
ff8c5c3f-7d70-533d-ad2a-462ebf5bbc7f.mp4,annotated,VEO3,0.25423828584883446
18622d2b-1f77-56c9-b98b-125859bda161.mp4,annotated,VEO3,0.0021780080056510477
f2058eb1-b104-5ddd-8882-0ee16ac46502.mp4,annotated,VEO3,0.0683570755827643
2faf42af-9488-580b-83b3-a8d1b020b23d.mp4,annotated,VEO3,0.017585943018601367
fbc678a1-9fe9-5786-94bb-29b77803e52e.mp4,annotated,VEO3,0.00569519660937132
954355ae-eaeb-5661-bd5c-274f66d23755.mp4,annotated,VEO3,0.017482929126442195
31e2d34e-ebbc-5775-b4e3-5f4602b156d9.mp4,annotated,VEO3,0.006416293854485519
de89aa28-6d81-5fa5-a85e-74acb2b33dfa.mp4,annotated,VEO3,0.005930656934306569
0a4a24bb-d254-506e-a8ae-9780dd8651bd.mp4,annotated,VEO3,0.4899046385684012
ad4bc94b-a890-552b-8883-d07fd4008b30.mp4,annotated,VEO3,0.07256592889098186
96d8455b-0a5c-585e-9418-ef9f8b29b01b.mp4,annotated,VEO3,0.006931363315281375
5c145218-8e28-5517-a017-385f9bdb70f0.mp4,annotated,VEO3,0.005636331528137509
24fb0fae-2f00-52fd-b1c3-e0faf9be0a14.mp4,annotated,VEO3,0.009124087591240875
b216ba4d-45b7-5357-9db5-4bd7db866980.mp4,annotated,VEO3,0.4357340475629856
8f4dd0fb-f274-57c0-9aa0-5d4b0bb543b5.mp4,annotated,VEO3,0.05000588650812338
e1fc1e5c-2c43-5910-97c4-6e8c04aa8a6c.mp4,annotated,VEO3,0.1417912644219449
1387aeb6-f062-50ac-82e7-8bd034af1c7a.mp4,annotated,VEO3,0.004341299740993642
b84b47c5-4008-51bb-8757-c1d3d155d655.mp4,annotated,VEO3,0.008829762185071815
19a7501b-fea5-54eb-bb1e-f0551ba05e4a.mp4,annotated,VEO3,0.0172621850718154
16dbc2da-9446-5b7f-aa60-3873e9573513.mp4,annotated,VEO3,0.06581116081940193
548d2522-11d5-5613-a8dc-7f5f0bddcd94.mp4,annotated,VEO3,0.08506004238285848
5d65d868-7398-57e5-a2e1-96a8c8196aff.mp4,annotated,VEO3,0.004871085472097952
8c3f43bf-fe3f-5a2b-857b-ed9db04ca250.mp4,annotated,VEO3,0.003458323522486461
a1137e8a-e6dc-53aa-88eb-8526024c0113.mp4,annotated,VEO3,0.022059689192371085
d3919cc8-86b2-5a15-8cac-6a9ab18f1c91.mp4,annotated,VEO3,0.004032258064516129
f28b4fa5-816f-54ef-a22e-8a13135834e5.mp4,annotated,VEO3,0.0644131151400989
c77d4c5d-f1eb-5a13-92cc-d0ca166510d7.mp4,annotated,VEO3,0.014863433011537554
b0c5395d-9c1b-582b-b5f6-5b7893468e66.mp4,annotated,VEO3,0.044398987520602784
f5f328e5-8e4f-5b5c-8dc5-477d5afc5768.mp4,annotated,VEO3,0.0031639981163174005
a4bd3c7d-606e-530d-86e7-1eecb434cc40.mp4,annotated,VEO3,0.10439722156816576
b4f00b8c-47b0-5efa-8be9-875cb53aa69e.mp4,annotated,VEO3,0.12497056745938309
778cdeee-8f2f-5b86-839d-372842e06dea.mp4,annotated,VEO3,0.05040322580645162
467b5fdb-0be4-59e0-b7f6-4921beb60f2d.mp4,annotated,VEO3,0.010978337650105956
fcc3b957-1002-59a5-a553-84bca8b96618.mp4,annotated,VEO3,0.052154461973157526
2ae68ca7-6022-589a-9e02-792f3c2a86ce.mp4,annotated,VEO3,0.020190722863197553
33553aa0-0ded-581c-be64-a52001213cb1.mp4,annotated,VEO3,0.007034377207440546
3e897f1e-3142-5c2c-a956-275a9a3e0908.mp4,annotated,VEO3,0.04952024958794443
5e3774ec-0ff9-5684-b876-0adee3f22338.mp4,annotated,VEO3,0.007034377207440546
c979f43a-b72d-5185-b48b-2b46ed21f337.mp4,annotated,VEO3,0.22021426889569107
7eec30bb-41b6-537d-8a86-076e36ce4ab8.mp4,annotated,VEO3,0.10218978102189781
df362b4b-4f6d-58d7-a802-539dada5f4c7.mp4,annotated,VEO3,0.019660937132093242
28dc58db-ee31-580d-b784-d4cb0c05af7b.mp4,annotated,VEO3,0.010536849540852367
e199eb7f-f310-5973-92a9-cd1dadba4b5f.mp4,annotated,VEO3,0.08261714151165528
1760bc1e-2f14-5a2d-8d26-7dbc4c67c8d4.mp4,annotated,VEO3,0.020161290322580645
5e12ef39-e422-5506-b5ca-59b3fb949757.mp4,annotated,VEO3,0.0197050859430186
9152a875-0934-5287-8470-6c03982a2894.mp4,annotated,VEO3,0.24660054155874733
8621a121-5460-5d88-9275-405a3c36f27f.mp4,annotated,VEO3,0.04685660466211443
758fec1a-8da7-5358-a4d5-476ff977017b.mp4,annotated,VEO3,0.01342123852130916
5320a00f-188c-5e7b-bc12-e25b067b2605.mp4,annotated,VEO3,0.1260595714622086
ed8eb8ff-68c8-5b8a-a114-c3bfac5954be.mp4,annotated,VEO3,0.03250824111137274
93ff94f2-4f10-52c6-8bbf-e0b9894aaefc.mp4,annotated,VEO3,0.011419825759359547
a5abbed0-e27b-595b-8bae-2b532cb58835.mp4,annotated,VEO3,0.004120555686366848
9e312f89-ef7e-5756-89ad-f97bfd6a88cd.mp4,annotated,VEO3,0.02376677654815164
c8959ffd-dbad-533c-bc14-d2c1168cf0c6.mp4,annotated,VEO3,0.008932776077230987
a4aa9480-ed3f-5828-bc50-720f29f02a33.mp4,annotated,VEO3,0.06020426183188133
7bcb0a0d-8c90-5f67-8bc4-8f5ad4d55054.mp4,annotated,VEO3,0.018851542265128324
aca6599a-6a73-57ea-a5eb-d003471d9211.mp4,annotated,VEO3,0.25113315281375087
1bba4650-8ca6-5592-a1af-dd750de5da88.mp4,annotated,VEO3,0.035966564633859194
6558fa62-1641-532c-a29a-bd7430f5d8e2.mp4,annotated,VEO3,0.011728867435837061
72b4d127-9fea-56a4-bb82-8df1159898cc.mp4,annotated,VEO3,0.040631622321638805
f5ee352b-4937-520e-85e3-dccdf78cc9be.mp4,annotated,VEO3,0.05184542029668001
ec8e4f82-164a-5d99-96f5-14370c1df365.mp4,annotated,VEO3,0.1813633152813751
1444bdff-8a99-54f8-b7d7-00544fada33f.mp4,annotated,VEO3,0.02618024487873793
07e82ce6-0179-5223-8b44-3974064a927b.mp4,annotated,VEO3,0.029049917588886275
d4fb4833-3d1c-5965-8cd8-6c1d5521c89a.mp4,annotated,VEO3,0.059836355074170004
9979e36a-51ef-55de-9ab4-30999f33d3c0.mp4,annotated,VEO3,0.13905403814457265
d88d73af-a78d-5bac-999b-a8d7cee0528c.mp4,annotated,VEO3,0.4816635271956675
2b9e4abd-524c-5cbd-ab64-55e2b9fe63d8.mp4,annotated,VEO3,0.0401018365905345
36dbb225-f842-5eef-adb7-aad108a0c5c4.mp4,annotated,VEO3,0.44652107369908167
6b3b1d76-ba64-51da-b4d8-c9903e38d72d.mp4,annotated,VEO3,0.023428302331057214
fe1d13ba-8b79-5822-b20a-a42a73782b83.mp4,annotated,VEO3,0.20777902048504826
a3be7e14-8b2a-5431-8ef0-b10f7365ea26.mp4,annotated,VEO3,0.006887214504356016
5f8d582c-78bc-5349-bf98-70b0ef1b6a32.mp4,annotated,VEO3,0.006445726395102425
b0bc6d0d-69e7-503d-8400-b06114f71b29.mp4,annotated,VEO3,0.041970802919708027
86e67530-91f2-58fe-b82e-5fe5ecfdb17d.mp4,annotated,VEO3,0.048225217800800566
9b7ccbdb-36e0-5fa5-817a-1d56869bc05f.mp4,annotated,VEO3,0.08210207205085943
e26ea6f9-766e-5a03-a50b-8bb0931f0463.mp4,annotated,VEO3,0.016805980692253357
fb0a53c7-b316-51f2-9434-44c34b6e83c2.mp4,annotated,VEO3,0.12385213091594066
d10453e7-3349-5f72-91f6-8f93fc975877.mp4,annotated,VEO3,0.009094655050623969
076570aa-2652-540a-8b92-7c95def3bc8d.mp4,annotated,VEO3,0.013494819872851425
546a19d0-6497-5b29-bc96-6db3be084656.mp4,annotated,VEO3,0.006607605368495409
640c42b7-9ea8-5dcf-90fd-6846e93ea36c.mp4,annotated,VEO3,0.009403696727101483
20744538-7e18-51c2-a386-501b6c282e05.mp4,annotated,VEO3,0.0006769484341888392
4c19864d-df06-537f-b20f-745bd68ccb8f.mp4,annotated,VEO3,0.07484695078879208
df1bc071-a9ba-53eb-854a-f63b9b3527dc.mp4,annotated,VEO3,0.00540087120320226
e1b22ab9-6c30-5760-9547-07aaf9aad544.mp4,annotated,VEO3,0.05113903932187426
9f9872ee-371e-5b88-a527-42090244c7f5.mp4,annotated,VEO3,0.005783494231222039
98942c10-8e96-5b92-a8ea-48b618fdf1b0.mp4,annotated,VEO3,0.22649811631740052
f9efd521-b56b-52b3-8bfd-5e9eb18cc064.mp4,annotated,VEO3,0.10433835648693195
cf868be4-e2a6-5736-9add-627d4aa36864.mp4,annotated,VEO3,0.2860548622557099
f4a266c3-a049-5f07-9f27-a5eeb94c22e0.mp4,annotated,VEO3,0.050579821050153045
09b78e19-9785-5191-bb24-f79d0bc30ce3.mp4,annotated,VEO3,0.001133152813750883
d88611f4-c702-5f87-8483-4677a3733daf.mp4,annotated,VEO3,0.08516305627501766
0b6e8c66-90e8-5314-86a5-a3fac80d8295.mp4,annotated,VEO3,0.019734518483635506
337a8cbd-e5b4-588a-8de6-c323896d12b4.mp4,annotated,VEO3,0.012479397221568166
547f4190-6e70-5cf5-9ffa-e594a24f087a.mp4,annotated,VEO3,0.00525370850011773
2b7fc33b-c6f6-5444-9a0b-e175149dba66.mp4,annotated,VEO3,0.017409347774899928
a5615e4b-b5d7-5de6-9b8b-1bdbfa2c7274.mp4,annotated,VEO3,0.08385330821756534
296f632f-09df-5540-9ca2-6cc268bc1af4.mp4,annotated,VEO3,0.018262891452790204
8704a9ea-35a1-5d6a-a5ff-3f4b5a9c6332.mp4,annotated,VEO3,0.0061072521780080056
ea16ef30-8e8c-5f1e-bd34-a1a7043ada3a.mp4,annotated,VEO3,0.04925535672239228
2eabc558-fef1-59cd-b933-818029058ebf.mp4,annotated,VEO3,0.04715093006828349
530e7e2f-8b68-5c97-a0ab-7f3142c19451.mp4,annotated,VEO3,0.06020426183188132
045d2a9c-0684-562a-a26d-d8b9352b5046.mp4,annotated,VEO3,0.11285907699552625
05a82758-36e6-5e24-81d4-e1ef6c2e6cec.mp4,annotated,VEO3,0.06254414881092536
5cf2eb2a-15ad-52de-9584-666d8f3b84c5.mp4,annotated,VEO3,0.005636331528137509
19ee6b95-9b2c-5ae2-a292-c6680b26f6db.mp4,annotated,VEO3,0.19478455380268425
5d1dd7f8-3c10-59b6-9757-b52748afbe5d.mp4,annotated,VEO3,0.041867789027548855
603c7aa4-900e-5c7d-8220-ab2b7e12d6e9.mp4,annotated,VEO3,0.012788438898045679
b4d38d50-fc36-5a28-876e-3f85b5c133ac.mp4,annotated,VEO3,0.005342006121968448
4bf46bd8-dd24-5719-9255-fafbee97fc5a.mp4,annotated,VEO3,0.024723334118201084
fe00572c-9cee-5f66-a0d7-6c6cdc46860a.mp4,annotated,VEO3,0.008079232399340712
879710ea-d2c6-5d37-b3c9-2bc8daf31c4a.mp4,annotated,VEO3,0.01732105015304921
20dc44d0-5625-56e5-966a-3988436bb57f.mp4,annotated,VEO3,0.012906169060513303
cb6900c2-e5a4-5b27-b9bd-a5a6757ea01e.mp4,annotated,VEO3,0.016805980692253357
73a1f86f-ccf8-55f9-a4df-399f35407f0c.mp4,annotated,VEO3,0.03985165999529079
7dabaa26-d8fc-5d55-87a0-3f32e1c928fa.mp4,annotated,VEO3,0.02865257829055804
24fe7912-15f5-5103-99be-c87b6a8feca9.mp4,annotated,VEO3,0.10785554509065223
b2499ed5-b598-572a-8d60-6199395e1561.mp4,annotated,VEO3,0.013450671061926066
3aac3b40-7b3e-5646-bff1-1aa8e457bfbb.mp4,annotated,VEO3,0.0558923946315046
68286fa0-1a2a-5575-80de-07bc88017d06.mp4,annotated,VEO3,0.09959971744761008
1ff76cc7-43f0-5f76-ab4c-5d3855729f5a.mp4,annotated,VEO3,0.013980456793030374
c4552955-b319-5488-9f4a-06d598f9c758.mp4,annotated,VEO3,0.026106663527195668
e30d3634-fe02-522f-8496-3e68c6281795.mp4,annotated,VEO3,0.10945961855427361
3f659109-e913-5941-b0b3-e049006cf1c8.mp4,annotated,VEO3,0.02428184600894749
55070523-baae-5b5e-85b1-0b2d2f44bad1.mp4,annotated,VEO3,0.06893101012479397
6476ded8-b534-56ff-b2d7-3e6c93ad8782.mp4,annotated,VEO3,0.009801036025429715
85e9232e-a0b7-5cae-9b8a-501d56eb8e1e.mp4,annotated,VEO3,0.08170473275253119
955cf74b-354d-5db2-b3d2-e34d5e1a843f.mp4,annotated,VEO3,0.0676359783376501
487e027e-3979-53ef-9c31-d1fd65a25472.mp4,annotated,VEO3,0.032331645867671295
52030b87-9cd9-5f26-a505-222fd6d06aec.mp4,annotated,VEO3,0.044678596656463385
a50cb89c-0b00-52ad-a611-4c826e7fcd58.mp4,annotated,VEO3,0.0034141747115611016
6f89431e-2dac-5c85-8354-501f54c66438.mp4,annotated,VEO3,0.013068048033906286
62989ac1-ab1e-503b-8032-19ff81f1148c.mp4,annotated,VEO3,0.05368495408523664
9c4517d4-c856-5bd8-b322-7ab4941e0988.mp4,annotated,VEO3,0.28037438191664704
56ef9462-2434-5199-b2c0-b967637b41da.mp4,annotated,VEO3,0.00943312926771839
68715925-ac5d-5d96-83d7-0e51791b1c5b.mp4,annotated,VEO3,0.0035171886037202735
70e97c9a-20fe-5050-aa8c-402f9a16befa.mp4,annotated,VEO3,0.0474305392041441
23d116d1-3ea0-5940-a683-7a26ee5ef0cf.mp4,annotated,VEO3,0.01877796091358606
2acd8dc2-66e9-5fe5-ad9c-1145a6cf6fdc.mp4,annotated,VEO3,0.02542971509300683
172a5298-22e4-5117-bd13-bb7010318212.mp4,annotated,VEO3,0.04963797975041205
ae3d1b25-0b3f-5cb8-9237-ee890b38d886.mp4,annotated,VEO3,0.00846185542736049
cfc22a5d-8386-5c0b-8e73-7f91869a532d.mp4,annotated,VEO3,0.08548681422180363
0ef7fc85-e6ce-5c68-8c51-6f6d837fefed.mp4,annotated,VEO3,0.12795797033199907
3f56ad96-17ab-59b7-bf17-3f6103b5dbff.mp4,annotated,VEO3,0.025238403578996937
8770060f-97dc-56a5-80e7-00c30da28d43.mp4,annotated,VEO3,0.003929244172356958
7c1b10ff-a086-55b5-a4ba-56335bc2eba7.mp4,annotated,VEO3,0.024002236873086884
349adbe2-4eaf-5191-905a-dd164b629714.mp4,annotated,VEO3,0.012243936896632918
ed1dd0b0-310f-5749-a233-d922e9c37cfc.mp4,annotated,VEO3,0.002781375088297622
d2c434df-82e5-5d3e-bd29-ee35b86f8af2.mp4,annotated,VEO3,0.01308276430421474
836cbd1a-18a9-55cd-af3c-40818c80476e.mp4,annotated,VEO3,0.10177772545326112
faecb8a5-3c1a-580a-ad7f-f0a993494735.mp4,annotated,VEO3,0.13578702613609606
226a982a-267e-5578-8375-b71dea1a085f.mp4,annotated,VEO3,0.07171238521309159
e0377ab4-bdc6-51ef-9e06-5dbbd7676332.mp4,annotated,VEO3,0.1133447139157052
3276ae42-4d4f-5319-94ec-b1ec381729cd.mp4,annotated,VEO3,0.0027225100070638096
4276d7ce-f3a4-54af-9ca6-c34e444ed2c8.mp4,annotated,VEO3,0.010021780080056511
db9291bf-36cb-5920-9353-c4a64c873f07.mp4,annotated,VEO3,0.005812926771838945
ee836ba7-1ee0-53f0-8840-7452e911b63c.mp4,annotated,VEO3,0.07040263715563927
0efaba26-2a7d-58e0-8a10-fb14886af0ae.mp4,annotated,VEO3,0.036775959500824115
e6e38a40-b08c-5a02-9f60-85919451e596.mp4,annotated,VEO3,0.008726748292912643
281b91fd-b232-5700-97b7-0354163c11dd.mp4,annotated,VEO3,0.003046267953849776
beb1e2f2-4ccf-5e7b-8038-4fee449a1ae0.mp4,annotated,VEO3,0.04338356486931952
5db318dc-8ca5-551f-9f1c-b92ff479734b.mp4,annotated,VEO3,0.03467153284671533
ad5d7e26-a135-5000-9b17-a33b88a73e72.mp4,annotated,VEO3,0.02519425476807158
6457dc67-6d47-5982-9267-57c730974383.mp4,annotated,VEO3,0.02348716741229103
42cfb21b-4c0a-5bcd-ace5-23e112f6c730.mp4,annotated,VEO3,0.0013097480574523193
38c68429-8f72-54b3-b219-2626714b8975.mp4,annotated,VEO3,0.011243230515658112
29282f90-f8ff-5b30-898c-65e3cab837dc.mp4,annotated,VEO3,0.05840887685425006
8091b8b2-929f-5f14-b090-cc276dbc9712.mp4,annotated,VEO3,0.004385448551919002
0a8d11b6-5c87-58d9-8818-cd92a19fece7.mp4,annotated,VEO3,0.005283141040734636
ae8b0679-3fae-596e-b804-24c150461ac2.mp4,annotated,VEO3,0.008329408994584413
51d57cd2-61e5-595c-88e5-d10e97c986fa.mp4,annotated,VEO3,0.0824846950788792
808f8b15-c780-5b22-ad5a-9d00c086549e.mp4,annotated,VEO3,0.1474864610313162
f9dc06ae-5e7a-55fd-8f9e-d46f6196f645.mp4,annotated,VEO3,0.044237108547209796
402e8fa2-4219-53d5-9600-61fc49e37463.mp4,annotated,VEO3,0.007461149046385684
e4d268ec-188b-5396-812b-a3ff4560b70e.mp4,annotated,VEO3,0.34815752295738167
f3e53d50-edcd-5018-9989-ce9ffb3266a5.mp4,annotated,VEO3,0.009550859430186014
605fd2bf-15fa-5b22-acdc-3283782adb96.mp4,annotated,VEO3,0.024222980927713682
f94ee7c1-a44a-5e6f-aca4-376bc007010e.mp4,annotated,VEO3,0.0345538026842477
3bc4ef6a-b0cb-5f6b-a256-63670f345f3c.mp4,annotated,VEO3,0.024046385684012243
2d3e053c-cf5f-592d-93b0-9ee2198116d8.mp4,annotated,VEO3,0.03368554273604898
13907fcc-2fee-5e7c-a75f-bad2e74114d9.mp4,annotated,VEO3,0.1682069696256181
47945887-841d-5b63-b38e-cd5ab3714ce3.mp4,annotated,VEO3,0.014480809983517777
c86e59c9-80a0-51d3-bb28-274881794652.mp4,annotated,VEO3,0.018292323993407113
9faf4455-2675-51ac-9d55-18a1327589d2.mp4,annotated,VEO3,0.017983282316929597
0b3971b2-f2df-5b9c-a00a-e971fabed464.mp4,annotated,VEO3,0.037820814692724275
64f8b463-c0c0-5f91-8779-624329b608ff.mp4,annotated,VEO3,0.026592300447374616
e345b7d7-a7b9-5f8a-a60e-d58cec8943bc.mp4,annotated,VEO3,0.24290675771132564
ba2c8cea-6ed0-5576-ab45-ee0068d60c05.mp4,annotated,VEO3,0.04004297150930068
75f41f8a-5832-5053-ae4f-f8f32f3c2eb5.mp4,annotated,VEO3,0.10298445961855428
7f8ba2ee-6d96-56c9-8602-c0acf3e677d1.mp4,annotated,VEO3,0.6047209795149517
45b81871-9445-58c6-9a94-16312576c378.mp4,annotated,VEO3,0.0028108076289145283
ae844764-4db7-54e7-8ebc-6c49c73e2e6e.mp4,annotated,VEO3,0.021235578055097716
57871893-c474-51d9-b2b6-79409aa7d591.mp4,annotated,VEO3,0.012950317871438664
bc622d4c-31f0-5b9e-b184-5f09b3d9b30d.mp4,annotated,VEO3,0.023060395573345892
6d0bca62-159a-5402-bdf7-9f16784295d4.mp4,annotated,VEO3,0.011537555921827172
b041cb4f-8c3a-5e33-8c21-52022cd386b3.mp4,annotated,VEO3,0.0038998116317400518
703a93db-65b4-5010-b570-7e053a8c5de5.mp4,annotated,VEO3,0.021941959029903462
3ed23989-fd4b-5d23-bbbe-8d965bd2c689.mp4,annotated,VEO3,0.07918825052978573
ea73f4d3-e464-5878-aa2d-489dba6ea449.mp4,annotated,VEO3,0.2009065222510007
c6d97244-aa6a-5fd5-ad4f-4eb5568460a9.mp4,annotated,VEO3,0.008093948669649164
2e3b1cac-23f9-5f1b-a0b7-79ce19682ede.mp4,annotated,VEO3,0.014524958794443137
e75adb13-2fd2-515e-b3bd-2b5d52da8ea5.mp4,annotated,VEO3,0.0027225100070638096
41adc91f-c7b0-5a68-894b-fb0d72a756a5.mp4,annotated,VEO3,0.030035907699552625
145b33a1-cc73-5c85-8daa-a00b6357ce12.mp4,annotated,VEO3,0.0031934306569343066
acd07bc4-75ea-555b-bd29-06e87aad0fd2.mp4,annotated,VEO3,0.011449258299976454
43ea87df-5bb9-53b9-bb3d-aeeef9f076c5.mp4,annotated,VEO3,0.006813633152813752
39b19ed9-ad50-5f89-8b25-eda684181a8b.mp4,annotated,VEO3,0.02281021897810219
5c3fc976-6362-5ff6-875d-f8095a4a9f4f.mp4,annotated,VEO3,0.06779785731104308
7b88d6a5-e35f-5c3a-87d1-f403874c3187.mp4,annotated,VEO3,0.02829938780315517
85d2ce41-04b5-5183-8bff-23dd1fd6ab23.mp4,annotated,VEO3,0.009124087591240875
3665cc33-db98-55db-966d-af26e24d1acc.mp4,annotated,VEO3,0.10126265599246527
c14ae23b-d3de-581d-bc88-9e3c4930fee0.mp4,annotated,VEO3,0.006401577584177066
bbc9bf22-3dab-5020-8122-1e826a470a2b.mp4,annotated,VEO3,0.03297916176124323
674a82f1-53c9-5590-9f94-e69f0035b405.mp4,annotated,VEO3,0.0037526489286555213
1ff9328a-a71d-56c6-9144-58bb3e0c156d.mp4,annotated,VEO3,0.0018689663291735343
4c8f81f7-ce40-5d2c-bf13-4bacbe2b55c7.mp4,annotated,VEO3,0.015525665175417943
5a98ec19-feaf-54d6-996d-124f7edfc4fa.mp4,annotated,VEO3,0.06896044266541088
ce009457-f37f-5bee-8e14-5d032bad800a.mp4,annotated,VEO3,0.1707823169295974
85f7d5d4-621a-5c6b-a9d3-89663f6b9d6f.mp4,annotated,VEO3,0.011110784082882033
ae477084-fd88-5eec-8139-9b34e29bd455.mp4,annotated,VEO3,0.008594301860136567
a204008f-4554-5394-940e-f41f86ca46e9.mp4,annotated,VEO3,0.41439545561572877
e00e2742-1ab3-52c5-aa4b-0b3d6f9714d9.mp4,annotated,VEO3,0.1861166705910054
e985e4b0-43e2-5ce9-ad38-c3bf469decda.mp4,annotated,VEO3,0.05992465269602072
7096f3e3-db59-5660-b7cc-6ebb5b9a47b9.mp4,annotated,VEO3,0.013759712738403578
52571911-0e32-5da4-8b44-4648c93526c9.mp4,annotated,VEO3,0.016864845773487167
3e393a96-4f66-5318-8dd6-e4e64061e7a5.mp4,annotated,VEO3,0.05241935483870967
e1f2994d-942b-5673-bc50-296a81902d0f.mp4,annotated,VEO3,0.004223569578526019
e82a1c59-5578-5473-a361-ca87927f1dec.mp4,annotated,VEO3,0.003885095361431599
5743006e-f41e-54ff-963d-d7feead17c77.mp4,annotated,VEO3,0.003546621144337179
4cd6dcc7-74a7-5f8f-8587-a7720d97c083.mp4,annotated,VEO3,0.10093889804567929
c9629026-546a-5fd2-ae39-c635de512422.mp4,annotated,VEO3,0.048401813044502
c0307eaf-d933-533d-a177-5a94c3367bdd.mp4,annotated,VEO3,0.04603249352484106
bcf65aa1-fa3e-5b6e-84cd-bb048bccee27.mp4,annotated,VEO3,0.009565575700494468
44593172-f6a7-5b4f-a2f6-bdf04a2f59cb.mp4,annotated,VEO3,0.05168354132328702
6851fad9-381d-5265-98ab-b6a0ba0335f2.mp4,annotated,VEO3,0.004297150930068283
0057fd09-280b-5730-94f1-401e647a3741.mp4,annotated,VEO3,0.010360254297150932
1514706a-f8c6-5482-b085-b78097bbf31c.mp4,annotated,VEO3,0.041588179891688254
c82b1e34-263d-5d2d-8589-1d16b2ee1a84.mp4,annotated,VEO3,0.07415528608429481
30904bc3-a47e-5d60-8001-ac02e217830f.mp4,annotated,VEO3,0.01420120084765717
f3c03e50-ef9f-5961-8b63-6d29b44b8702.mp4,annotated,VEO3,0.10594242995055334
81b3fc59-dc38-56b2-9ac2-e2f2d69cd241.mp4,annotated,VEO3,0.05990993642571227
1410154d-8ce5-55d2-9c82-dee3ee5550d0.mp4,annotated,VEO3,0.08432422886743585
148d46df-7b81-54fb-969b-c0e5c3c13a64.mp4,annotated,VEO3,0.007137391099599717
1b13add9-fd20-5ebb-8bd8-919498925a7c.mp4,annotated,VEO3,0.021706498704968213
40899610-6eb2-52ff-beaa-a7e7dbc5cbbb.mp4,annotated,VEO3,0.18277607723098657
fcf0c025-8ecd-54dc-aff9-61395fae92a7.mp4,annotated,VEO3,0.009609724511419825
aa8f795c-ce3e-540a-9fb7-54bfb0be63bf.mp4,annotated,VEO3,0.03343536614080527
18ee2bc4-628d-5041-a484-df32165021db.mp4,annotated,VEO3,0.0736843654344243
77f4cd04-33a3-507c-ba6b-7f70b2938cec.mp4,annotated,VEO3,0.35299917588886276
9d270977-05bf-57f0-992f-daa8f572e378.mp4,annotated,VEO3,0.034789263009182954
c1f3235a-2b62-563d-981c-42ebc8c497a0.mp4,annotated,VEO3,0.02232458205792324
de26cfd2-64a0-517b-9752-48e32b3df990.mp4,annotated,VEO3,0.02660701671768307
ebe265d4-28a5-5990-9dc1-3d5b320564b2.mp4,annotated,VEO3,0.007887920885330822
e474ba9a-7cdb-5ab0-b3b5-f45b18544303.mp4,annotated,VEO3,0.03904226512832588
59bf7fc6-2019-50ac-bcf6-2a70f7e0fcac.mp4,annotated,VEO3,0.06068989875206028
a21f1f7c-2097-5d4e-8511-c2d97b82e07e.mp4,annotated,VEO3,0.05080056510477984
ef01236e-230b-5759-b79e-9ec0b7e3b3b4.mp4,annotated,VEO3,0.007461149046385685
6528d8f8-73ed-5b8f-9af8-24bb51d49c95.mp4,annotated,VEO3,0.017203319990581587
03ddb7eb-fdfc-5277-a0cb-21a53836bbb1.mp4,annotated,VEO3,0.10642806687073228
c79f4894-0814-5285-b911-5c17aff3e6ea.mp4,annotated,VEO3,0.003428890981869555
fe34780c-d4c9-5b37-bb61-02c32dd7acb3.mp4,annotated,VEO3,0.04223569578526019
d45636ad-fcca-59aa-bd37-86f2bd93179f.mp4,annotated,VEO3,0.06420708735578055
a0b3f759-77b8-5d02-aaaf-cb9df09cac5a.mp4,annotated,VEO3,0.0286967271014834
7346638c-15fc-55f6-b6db-7a263e6cc043.mp4,annotated,VEO3,0.01939604426654109
6b0b8a9a-67b4-55b6-a443-b025decb64e6.mp4,annotated,VEO3,0.10810572168589593
a523bcb0-2a2d-55d9-9c4f-2e2dd002ea8a.mp4,annotated,VEO3,0.04285377913821521
071b919e-bf0f-5dd7-9946-6913eb6648a3.mp4,annotated,VEO3,0.3559129974099364
6330285d-2c8d-5703-b9d1-850989b33449.mp4,annotated,VEO3,0.005989522015540382
c61a800c-9378-5907-af31-fa3a49f670fd.mp4,annotated,VEO3,0.023266423357664233
ad106c8d-87fa-53fe-9e23-51fce9246054.mp4,annotated,VEO3,0.0162909112314575
2fa6ac0c-0dd6-52f8-824f-7eba736f062a.mp4,annotated,VEO3,0.01546680009418413
d10c7146-6d60-58ab-b606-28b6c2c79e1f.mp4,annotated,VEO3,0.011758299976453966
083f7e75-57e6-5778-8185-867115730a62.mp4,annotated,VEO3,0.04297150930068284
3b7b5a33-0d48-552d-9b14-2d65f5f17559.mp4,annotated,VEO3,0.010757593595479162
ca4c7f23-edba-52d9-bee6-3886eba08dc6.mp4,annotated,VEO3,0.041073110430892394
aa04cc82-1fbb-5d38-995d-48542fa9acc1.mp4,annotated,VEO3,0.01905757004944667
fef02662-9b76-5883-b3e8-d8a95489325a.mp4,annotated,VEO3,0.03370025900635743
e8de7340-45fe-5a72-a789-e186d41ef6e7.mp4,annotated,VEO3,0.013906875441488109
d7d3f8ae-3e9e-5f01-9a7b-132ce2b3729f.mp4,annotated,VEO3,0.023178125735813515
e66e6d7e-fc90-5f98-b665-85070d699da0.mp4,annotated,VEO3,0.161805392041441
7d1d6eee-44df-53a6-be3d-23e4a8147e0e.mp4,annotated,VEO3,0.00622498234047563
bad8d7de-ddf6-56f4-8cca-0a760ce6f353.mp4,annotated,VEO3,0.023222274546738874
279aa96b-39d8-5af1-ba86-72df56d9a48f.mp4,annotated,VEO3,0.005091829526724746
184f71e1-3b39-520b-be7b-ee30d84c6fa2.mp4,annotated,VEO3,0.023958088062161525
ac9884ba-9848-5a18-9e61-24634efcc2fd.mp4,annotated,VEO3,0.03627560631033671
bb6cf5d1-fc1e-561f-b910-c3d0a378b3be.mp4,annotated,VEO3,0.04750412055568636
a92f5049-e812-57bc-9840-98533aeec781.mp4,annotated,VEO3,0.06308865081233812
75bce02e-61eb-5d54-939e-18ba156b5ab2.mp4,annotated,VEO3,0.011684718624911702
0e71bec9-faea-5db2-8bda-e31ce8aaddfb.mp4,annotated,VEO3,0.03428890981869555
298c0c72-4e5a-5bd2-ba70-27edafcec43e.mp4,annotated,VEO3,0.0257829055804097
f7f79f6c-29cb-5cd7-8cb7-9830411b6477.mp4,annotated,VEO3,0.3752501765952437
3efddc3d-9ed0-5a83-9916-fb3168447bed.mp4,annotated,VEO3,0.17660995997174478
2764038d-009c-537a-b51a-bf9718b4ae6f.mp4,annotated,VEO3,0.013038615493289381
6e1ee022-3c45-5fd6-977b-e9f984b4fe84.mp4,annotated,VEO3,0.0379679773958088
be686302-8254-57fd-aa55-339abc1cc665.mp4,annotated,VEO3,0.04351601130209559
36bc5059-8b4f-514e-9249-cffd6c281f4a.mp4,annotated,VEO3,0.06988756769484342
2ffbf069-7057-57d2-aac8-cd2493f9e549.mp4,annotated,VEO3,0.04021956675300212
754c24ad-36c8-5eee-b1ad-eb0e0b4911dd.mp4,annotated,VEO3,0.08710560395573345
c8e0316d-4dd6-50ae-97f1-ba91e41ba5db.mp4,annotated,VEO3,0.028946903696727103
6ea5bedb-ce54-521a-b4bb-8e6c657bfc3c.mp4,annotated,VEO3,0.00968330586296209
1eb27339-46b1-5ac9-b55b-05d140fa4453.mp4,annotated,VEO3,0.005047680715799388
1e07fa25-dfdc-5b10-9c75-acedbee759e2.mp4,annotated,VEO3,0.005077113256416294
61fb361d-19f9-5a8a-b8db-049635a54898.mp4,annotated,VEO3,0.07525900635742877
08b79c30-d014-550c-9470-f9330173bbd9.mp4,annotated,VEO3,0.23047150930068283
6a03a3b7-7ba0-5c8e-85af-8f313467f9b8.mp4,annotated,VEO3,0.08139569107605368
762ec1fa-b98e-5e7f-ab80-c357a5d68288.mp4,annotated,VEO3,0.04785731104308924
1eaf31a1-0687-5cd7-a24b-134f35cab651.mp4,annotated,VEO3,0.007564162938544855
f64bd1fd-ad3e-57db-9509-52de95d5cdbc.mp4,annotated,VEO3,0.009168236402166234
9a7e6293-4cc4-58c1-af1b-f7e66e20e640.mp4,annotated,VEO3,0.11837767836119614
8ef55a69-4984-5227-8a90-927ad894ef08.mp4,annotated,VEO3,0.00797621850718154
7d25a5db-cf77-58f9-b4c8-ce7d120dd1d7.mp4,annotated,VEO3,0.17721332705439136
05ce81c0-323b-53cf-8dd2-90183af200f8.mp4,annotated,VEO3,0.006769484341888392
d309dfd1-1d0b-5e8a-859a-a2a9d60b3e2c.mp4,annotated,VEO3,0.008182246291499882
b2d1c3f5-f601-5a43-9e9b-0b52e63102bf.mp4,annotated,VEO3,0.11955497998587239
6be2bc2a-d01a-55d6-982b-22db983f22c3.mp4,annotated,VEO3,0.09169708029197081
42cde357-e97e-57c4-aa84-1153cb038c6d.mp4,annotated,VEO3,0.062293972215681656
2a1cd811-4c31-5a8c-93d1-4d1005afb3ec.mp4,annotated,VEO3,0.008815045914763363
a0afeb72-a8ef-5380-874f-c262aa82ab78.mp4,annotated,VEO3,0.1290764068754415
88a632e4-e3d0-50be-91e1-e0160f97fe42.mp4,annotated,VEO3,0.042927360489757475
f31cef66-65fd-518e-a7ab-e739652484ed.mp4,annotated,VEO3,0.02061749470214269
a118647e-946b-5194-af9e-0f66554cc0ee.mp4,annotated,VEO3,0.015775841770661644
aa8c50fc-4d12-5cee-995e-d37ddf89056e.mp4,annotated,VEO3,0.012273369437249822
9aa9756c-4a12-54e5-a3db-173881a209d9.mp4,annotated,VEO3,0.18880974805745232
ebbafa8d-8b53-536b-b77c-71ee0b056654.mp4,annotated,VEO3,0.007196256180833529
de0d2e35-60a3-5ad0-833f-7e762db427d2.mp4,annotated,VEO3,0.1945785260183659
4324653e-6b3d-567c-992b-cf038987a9c2.mp4,annotated,VEO3,0.013848010360254298
e9cd5a10-67b0-5db3-a4c3-65db0d9e7b20.mp4,annotated,VEO3,0.010419119378384741
d826878c-8db8-5c60-a530-698613889ed5.mp4,annotated,VEO3,0.02566517541794208
74bb3761-ef8b-5875-9c51-1c730b2c3cef.mp4,annotated,VEO3,0.02762243936896633
b25417ba-52e3-56e5-a63a-21b605491f17.mp4,annotated,VEO3,0.3107929126442195
f29a0b3c-c635-5f43-b20d-a8f0c6827e22.mp4,annotated,VEO3,0.028520131857781964
b2f7ac1f-d982-5e02-b87e-bfa55ce29295.mp4,annotated,VEO3,0.33609018130445023
60a8a5c8-3e33-524b-83d3-55c777e1fdcd.mp4,annotated,VEO3,0.017100306098422415
4ce4a351-50ab-5b92-9d39-1e456bf8cff8.mp4,annotated,VEO3,0.08064516129032259
2dcbb394-4739-5ca4-be46-2c134f1a2790.mp4,annotated,VEO3,0.013936307982105016
a43795ce-2bf9-560b-9dfe-519a67607077.mp4,annotated,VEO3,0.04564987049682129
28cd0d65-b9b6-5cb9-bab9-04af14599b31.mp4,annotated,VEO3,0.16260007063809748
940330ec-c31c-57b8-a9f0-9d7ce2183963.mp4,annotated,VEO3,0.010110077701907229
34976313-a42b-54c1-a63c-ef597dd00afa.mp4,annotated,VEO3,0.007417000235460325
461b2ba8-48fe-5477-ad13-c1ce3e57eb59.mp4,annotated,VEO3,0.00909465505062397
aa70220f-2f26-5c69-834b-7f66b55f21f5.mp4,annotated,VEO3,0.015525665175417942
1a145301-8fae-5001-98c6-f8288102e692.mp4,annotated,VEO3,0.010860607487638334
f04357ee-0600-5015-b907-300fddf8b325.mp4,annotated,VEO3,0.0062544148810925355
c465e76e-e3ee-5ae4-98ca-370a608b8e11.mp4,annotated,VEO3,0.08588415352013186
eab40a94-3396-5d50-821b-900ec2db4842.mp4,annotated,VEO3,0.00831469272427596
3199f3e0-902a-5d87-99bd-ef7be60af6c0.mp4,annotated,VEO3,0.01673239934071109
158ae1f8-e22f-507b-9015-5b29cd650c07.mp4,annotated,VEO3,0.04849011066635272
eaf8fb27-c97e-5a4c-8100-97e53dd46d2f.mp4,annotated,VEO3,0.1576112550035319
94ba9651-b9b0-5de5-b9d9-539b02fe183c.mp4,annotated,VEO3,0.06338297621850719
954a5205-7286-5279-a257-6781e22beff1.mp4,annotated,VEO3,0.0054597362844360725
5c947648-afb5-5d0d-8aae-e58ca8bb93bd.mp4,annotated,VEO3,0.12438191664704498
2324f8b0-eb27-58d5-8f0e-6c9cd074472d.mp4,annotated,VEO3,0.16906051330350835
c72d546f-19c2-5971-bef9-bf598ffa9bd2.mp4,annotated,VEO3,0.005032964445490935
a5c3313c-53aa-5b30-8af9-74261e58de18.mp4,annotated,VEO3,0.024487873793265835
574d919f-03ab-5bfc-b5e1-6e2316e0af8d.mp4,annotated,VEO3,0.08747351071344478
241cb5f1-ed26-5b42-b694-d96ca41680fb.mp4,annotated,VEO3,0.016511655286084295
0f8b8495-3ddb-529f-a4b4-2e5bba248844.mp4,annotated,VEO3,0.01318577819637391
da735388-71a5-5a54-bfcc-6787070ecf42.mp4,annotated,VEO3,0.008638450671061925
fc45d55d-a9dd-5004-baea-2286705c594e.mp4,annotated,VEO3,0.028770308453025664
3e87afd4-ac33-54c2-924c-60ca82cb38a4.mp4,annotated,VEO3,0.04172062632446433
054f065e-27a5-53cc-a4d7-88be732c80aa.mp4,annotated,VEO3,0.042765481516364494
1f0f6bd6-4761-5872-a272-fcc09828ad24.mp4,annotated,VEO3,0.0031787143866258537
0481eac5-3c02-57ff-95f0-724b0d83b855.mp4,annotated,VEO3,0.030035907699552625
3a76b2c8-2d0e-58b8-84f5-b1340168bc39.mp4,annotated,VEO3,0.059939368966329176
e332950a-b2d7-56bc-aaf8-82df776b4306.mp4,annotated,VEO3,0.005032964445490935
481275f0-26c5-5970-b0c9-ed104654c2eb.mp4,annotated,VEO3,0.010213091594066399
72c9fcf5-4c34-5e2b-a8ad-8ac6c2dfbf6b.mp4,annotated,VEO3,0.055848245820579234
b9f486fb-013e-54cb-9292-58a9f9658e14.mp4,annotated,VEO3,0.003943960442665411
aeea311b-92b8-575b-a8ec-5b72fa828adc.mp4,annotated,VEO3,0.034303626089004
12324aec-6c46-5770-a7ca-85965769ab67.mp4,annotated,VEO3,0.01084589121732988
7dba9eb5-d1ac-58f5-83ff-0f02b530d5ae.mp4,annotated,VEO3,0.3051124323051566
bd7205ae-a8d3-5175-8125-09eab089c051.mp4,annotated,VEO3,0.002796091358606075
0b969909-ac24-50dd-9fa2-9ddba0cc02b2.mp4,annotated,VEO3,0.1980221332705439
28946aaf-a287-5d70-ad93-130c2948a70e.mp4,annotated,VEO3,0.05837944431363315
ae49a421-4b8d-553e-a82b-4a3fc071ee15.mp4,annotated,VEO3,0.2893807393454203
cfdadf11-d554-5e50-8df2-d527c358faa2.mp4,annotated,VEO3,0.0043118672003767365
caf1dcf3-e1f5-5273-8162-dfe966bd0983.mp4,annotated,VEO3,0.22580645161290322
644c8b7d-810c-539b-a4cd-47bec681fc9b.mp4,annotated,VEO3,0.005283141040734636
29a000cc-c1a8-555b-919f-adb0fd3dc9e3.mp4,annotated,VEO3,0.014480809983517778
ad6a38a8-33a5-5c8c-854c-f7a511628e33.mp4,annotated,VEO3,0.009756887214504356
10f1efff-658e-5d11-8351-664dca17a8e8.mp4,annotated,VEO3,0.02350188368259948
eac1c12d-1dc3-5e91-82d7-554f2a146d4a.mp4,annotated,VEO3,0.04994702142688957
552089fd-dc50-5689-9f8d-b2a16ccd5247.mp4,annotated,VEO3,0.00447374617376972
fc51c51e-4ace-5502-8dfb-1f9415a8c1b6.mp4,annotated,VEO3,0.07827584177066164
2ad36656-31e4-5940-802a-ae0c57eb9d15.mp4,annotated,VEO3,0.0053567223922769015
21dea980-b278-5d65-a5e0-5db402992980.mp4,annotated,VEO3,0.018454202966800094
3a05a2c7-03d1-50e0-9321-c6001ef55aab.mp4,annotated,VEO3,0.07328702613609607
aeba0689-bdea-560e-b1fa-67a470ea66f0.mp4,annotated,VEO3,0.07889392512361668
c35db58a-99ec-5947-9054-f18ed35ffc7c.mp4,annotated,VEO3,0.0019278314104073464
a3ae29cc-f02c-56ec-ad8a-7b4026618076.mp4,annotated,VEO3,0.10760536849540851
233179ab-a7b8-5f67-b0b1-bf19967b7818.mp4,annotated,VEO3,0.03551036025429715
f699aa8d-9f7b-5f36-9866-2e91f115b43d.mp4,annotated,VEO3,0.0038115140098893335
14a890f8-e9ed-5474-a6c9-c5c54074e564.mp4,annotated,VEO3,0.3492465269602072
09ec4e3f-3a93-5fd0-9392-5ffdbe141a1b.mp4,annotated,VEO3,0.03570167176830704
7c9c6e52-5925-5a05-85f4-a28fe9199224.mp4,annotated,VEO3,0.04341299740993643
2d546c47-9bea-5000-b5e8-9eee7a102385.mp4,annotated,VEO3,0.014451377442900872
1acebd71-ffb5-5f17-9a16-4c08714d1773.mp4,annotated,VEO3,0.007137391099599718
50f78d07-2490-5659-92b8-ca0ba19588ee.mp4,annotated,VEO3,0.01818931010124794
d2a03aa3-4c99-5a24-b66f-e4fddd73aab8.mp4,annotated,VEO3,0.015702260419119377
2137016c-798b-5a63-997c-c584b5b6b550.mp4,annotated,VEO3,0.09115257829055803
54b20285-3d80-5c38-9fb5-89447a4a5643.mp4,annotated,VEO3,0.173563692017895
8245058c-3c33-510d-af28-1ec70ef874d4.mp4,annotated,VEO3,0.030712856133741466
9f79f7d2-060d-5f51-af6a-69c8480cbcf8.mp4,annotated,VEO3,0.0833676712973864
9b452ca6-54ef-5f7d-a185-fd2cc935bf66.mp4,annotated,VEO3,0.23475394396044266
f88d1f54-4c7f-575e-9a3b-769b58edf248.mp4,annotated,VEO3,0.20011184365434426
ca7ac330-a403-539f-8ff6-c5eeccb8b129.mp4,annotated,VEO3,0.08372086178478926
db33af0f-e352-5b65-a3d5-1062f5249081.mp4,annotated,VEO3,0.26006592889098185
b711fd9e-c235-5fe2-8963-dcaa7e5498a6.mp4,annotated,VEO3,0.0024576171415116553
9814830a-9d24-5174-9a39-1d7e6f8257a2.mp4,annotated,VEO3,0.06937249823404756
19a4b9a8-ac04-530c-861e-50d0ca8f7121.mp4,annotated,VEO3,0.04001353896868377
d7fcdc35-fc62-5096-8bc4-9ae5716459bf.mp4,annotated,VEO3,0.00860901813044502
4576e489-3b7c-5228-aca7-5726bfd534b7.mp4,annotated,VEO3,0.012479397221568165
71c1e188-f3a8-5e38-a8b0-b04d56fa6640.mp4,annotated,VEO3,0.03480397927949141
9da71205-144b-5804-8781-ee1924e8baa4.mp4,annotated,VEO3,0.20170120084765716
c9904f93-a6d4-5e1b-9c31-7fa985446cd4.mp4,annotated,VEO3,0.08831233812102661
88542a90-eeca-531b-8589-a97eec198264.mp4,annotated,VEO3,0.06431010124793972
a575c0aa-ae05-582c-8c35-76e2aafd9401.mp4,annotated,VEO3,0.15337296915469742
0bc77ee1-1fe5-5fff-9137-642bec099886.mp4,annotated,VEO3,0.009595008241111373
28ae8ee4-fa65-5f4a-8135-a2a96bfaeb80.mp4,annotated,VEO3,0.017232752531198492
309f6373-34f7-5316-842d-f235b38cc475.mp4,annotated,VEO3,0.0040175417942076765
999bece8-36c6-5750-b4ea-9e86be9718e8.mp4,annotated,VEO3,0.022824935248410644
0efcf491-fe56-5d25-a3dc-6e4ace531d31.mp4,annotated,VEO3,0.014701554038144573
29263740-48c1-58cb-bc4f-c4476f896a12.mp4,annotated,VEO3,0.06107252178008006
0a8288f6-f1b2-5673-bafa-6916a3e65b19.mp4,annotated,VEO3,0.0007652460560395574
16299e21-a09b-5dda-8014-79fae6b5a036.mp4,annotated,VEO3,0.003443607252178008
24ccdea3-ed88-5225-a3d2-79ad5a1b493b.mp4,annotated,VEO3,0.09674476100777019
0f863dba-ad6f-5eff-b845-fbd8db590c40.mp4,annotated,VEO3,0.039380739345420294
13c35074-9b2a-5841-8ca9-9f4b6fec4a7d.mp4,annotated,VEO3,0.009168236402166234
be9ac2a5-ee3f-5cce-954c-a7632a24be94.mp4,annotated,VEO3,0.03228749705674594
4ea406aa-cc86-5211-8586-8d6866732f82.mp4,annotated,VEO3,0.11488992229809278
7f23bea7-42f5-5315-9c36-690ee2d445dc.mp4,annotated,VEO3,0.011257946785966564
f681bc68-e583-5062-b2f5-122c873dac96.mp4,annotated,VEO3,0.019087002590063573
948af37e-4637-58f3-8a73-cb3c5b625a22.mp4,annotated,VEO3,0.019410760536849543
a22f1968-a3df-5774-a930-9083d63d134b.mp4,annotated,VEO3,0.017335766423357664
07b43495-842c-5191-b9be-b294c7b7b8b6.mp4,annotated,VEO3,0.004208853308217565
35b398c7-c1db-5293-a0e6-93574e29f1c6.mp4,annotated,VEO3,0.13284377207440545
3ca97429-36a3-527b-bd5e-66c32d209191.mp4,annotated,VEO3,0.5239286555215446
27f3fabd-b8eb-54d6-bdfd-0f65b217ec4b.mp4,annotated,VEO3,0.03417117965622793
77b50266-9139-5c7a-b14e-f1e3683121cb.mp4,annotated,VEO3,0.030815870025900638
44e9bc02-502f-5581-b1cf-a6f8d1a7caa5.mp4,annotated,VEO3,0.0071962561808335285
310c026f-b275-5151-8ccc-ecb4310cdfac.mp4,annotated,VEO3,0.013568401224393688
70e89108-ec94-5021-8f30-d383448eeba5.mp4,annotated,VEO3,0.005680480339062868
ac25518d-7bd8-58ca-bdfb-11f3b50528bf.mp4,annotated,VEO3,0.04083765010595715
f24496c1-24cf-5de5-961d-f04d1dd0cc96.mp4,annotated,VEO3,0.023619613845067104
0a87009b-5425-5c06-b2eb-594ca413db0f.mp4,annotated,VEO3,0.008093948669649164
977935ea-ba1c-5aae-98a9-5f3acbbfb84a.mp4,annotated,VEO3,0.031728278785024724
27452935-d984-56c1-b91e-b678ebb9ea39.mp4,annotated,VEO3,0.40734636213797976
35f103ff-0af7-575f-b08c-98ad67a75e67.mp4,annotated,VEO3,0.006342712502943254
f08986dc-24bd-5d74-9702-226dad4b7697.mp4,annotated,VEO3,0.01861608194019308
9674039e-23f7-5740-8069-377c6f2e5e5e.mp4,annotated,VEO3,0.016805980692253357
3d09d436-f82d-5354-bcac-e2c3d798f511.mp4,annotated,VEO3,0.004620908876854251
c5d6a9e4-9d9d-5487-99da-cf47b0582a66.mp4,annotated,VEO3,0.01639392512361667
71c1f033-fb87-52e0-8dc7-57774ee6bdcb.mp4,annotated,VEO3,0.1523428302331057
ef5affa0-abd3-5ddc-adab-8fb6d51d5a8a.mp4,annotated,VEO3,0.009271250294325406
561562f2-6c67-5a36-ba94-edcf435f6c23.mp4,annotated,VEO3,0.06429538497763126
1d763557-e82a-58e1-863e-2b682410c0a4.mp4,annotated,VEO3,0.04832823169295974
24766c51-3796-5713-93f1-dc69140db459.mp4,annotated,VEO3,0.030241935483870965
93d8b5c0-6571-5fec-8147-f08bac45f9de.mp4,annotated,VEO3,0.05417059100541559
1d2afb03-8ff2-57e0-9480-4dbc0ad0564f.mp4,annotated,VEO3,0.0036054862255709913
da557469-e9f4-5df4-b69f-333777e52186.mp4,annotated,VEO3,0.04045502707793737
c2555f53-752e-596c-8c39-a32f35fc8a7b.mp4,annotated,VEO3,0.02665116552860843
f3ec11c4-331b-51d6-82dd-ccf8eee0a51e.mp4,annotated,VEO3,0.026886625853543678
240a40de-8e9b-5b87-b7e9-991428b8d2cd.mp4,annotated,VEO3,0.009830468566046621
f48a4475-226b-54ef-adfc-0a5dc0dfc9d8.mp4,annotated,VEO3,0.007917353425947729
9c80fa3b-5faf-5ad6-957c-5dd6fcdfd4df.mp4,annotated,VEO3,0.04913762655992465
f10344ce-617e-5aea-b004-194645232d6e.mp4,annotated,VEO3,0.05524487873793266
645650f2-a7b1-58e5-bc65-fd6342c5b664.mp4,annotated,VEO3,0.026018365905344946
98fec69c-576c-5970-af8f-804cdf930e60.mp4,annotated,VEO3,0.021250294325406167
6cb41b52-3c5b-510d-b7ba-30173ee5c4f0.mp4,annotated,VEO3,0.017379915234283023
12ca00bd-c60e-5945-beb2-e76f4ca25c58.mp4,annotated,VEO3,0.10879738639039321
081ef0d9-ce88-58f3-b038-188f38c20db8.mp4,annotated,VEO3,0.005562750176595244
5ff6717b-045f-5bb7-970f-a1dc863af9ec.mp4,annotated,VEO3,0.0121556392747822
86b3695e-60b7-5367-b6f9-0799c82b40ec.mp4,annotated,VEO3,0.0058570755827643045
a58bf588-3901-545a-b762-e9a0f2dc3b88.mp4,annotated,VEO3,0.04776901342123852
39c729bc-a692-5c8d-b322-a1e5a4789677.mp4,annotated,VEO3,0.021029550270779372
c6606ba2-6da1-5c4f-92e6-7e6a43397570.mp4,annotated,VEO3,0.011876030138921592
8916bce1-4926-5f2c-9183-e78a495b50cc.mp4,annotated,VEO3,0.0133770897103838
578ad54f-edc7-538f-aff5-787b733aede0.mp4,annotated,VEO3,0.09347774899929362
da2bae0d-7a19-5b7a-852d-26fc83a5fa44.mp4,annotated,VEO3,0.008800329644454909
2803b7b5-b897-5130-aed2-6de171b0998f.mp4,annotated,VEO3,0.009756887214504356
31dc3556-ea23-5f40-8cbd-e630921a1939.mp4,annotated,VEO3,0.011596421003060985
ced6675e-b43d-564e-9ad5-23f18ff4a6dc.mp4,annotated,VEO3,0.036157876147869084
0b79be1a-2148-52fc-96cd-8f5257a646f3.mp4,annotated,VEO3,0.019248881563456558
41739376-f027-528e-b854-26edaa2f154e.mp4,annotated,VEO3,0.04032258064516129
1fd6bd34-e306-5e4f-91f4-cc74f9eff860.mp4,annotated,VEO3,0.015201907228631975
70f8e731-5186-5245-abdc-9f4708a06713.mp4,annotated,VEO3,0.22355486225570992
ba375f8d-7792-594f-8f7d-439ee7cb554d.mp4,annotated,VEO3,0.09586178478926301
3fb5404b-0f8f-570b-9428-f651d798ce40.mp4,annotated,VEO3,0.07425829997645397
5ff2d5d8-220a-5127-8c15-80b3d5bc1986.mp4,annotated,VEO3,0.03789439604426654
c3a627a0-ed47-5829-b6d8-72bb25531ea6.mp4,annotated,VEO3,0.0037379326583470685
d2a5d660-9961-5d37-bc9a-67a03711b5d4.mp4,annotated,VEO3,0.02766658817989169
a010aa6f-5a53-5a01-9869-42ca2a7bb6e8.mp4,annotated,VEO3,0.04856369201789498
4d911fd8-ed2d-5406-ad41-58e56a3a3c1d.mp4,annotated,VEO3,0.0033258770897103837
e0fde86e-db5b-5f9e-8100-0fc881435a7e.mp4,annotated,VEO3,0.01065457970331999
47cdd8cb-c4f6-58ee-8b52-d21803fea04d.mp4,annotated,VEO3,0.12463209324228867
9a31c224-f120-5ba3-a5bf-243a89dc344e.mp4,annotated,VEO3,0.0663850953614316
f91f8c0d-a98b-50f3-9283-5d7cae6af9b9.mp4,annotated,VEO3,0.07987991523428302
d85e4c1b-94c6-51ab-a548-2068295818c9.mp4,annotated,VEO3,0.009536143159877561
281981e7-f310-5cf7-a905-0b2c0c905d8b.mp4,annotated,VEO3,0.05050623969861079
bd0555ae-77d9-50dd-a61d-38cc3a90d683.mp4,annotated,VEO3,0.002737226277372263
f6df5f87-080a-50c7-84e5-d7d154e2e2f3.mp4,annotated,VEO3,0.019248881563456558
eba8bcbc-4055-5d6e-b1e4-624a0df21910.mp4,annotated,VEO3,0.01637920885330822
0dd9d244-c8f0-54d4-a482-d6c59763ff03.mp4,annotated,VEO3,0.008123381210266071
0660584e-b7db-5e2b-b6cc-d8617b1c706c.mp4,annotated,VEO3,0.04794560866493996
76d821de-62f1-5c6d-9536-256bf634f3c9.mp4,annotated,VEO3,0.02289851659995291
26ed4b35-98c9-583f-88ea-27073e91e9a3.mp4,annotated,VEO3,0.003399458441252649
0cace83b-1eee-5207-84fe-ba2e16adb69c.mp4,annotated,VEO3,0.14024605603955734
34cc20ca-155a-500f-93cf-c312e643255c.mp4,annotated,VEO3,0.003428890981869555
63c41352-558a-5856-b366-ef1d3d049df0.mp4,annotated,VEO3,0.06587002590063575
194c86b3-f44f-540b-bca9-1fe938dc73d4.mp4,annotated,VEO3,0.04408994584412527
f4a1a330-17ff-56bc-8020-c9995b2cfa41.mp4,annotated,VEO3,0.00462090887685425
6a983cdb-f5df-5495-9a5d-3c9ce4f1322d.mp4,annotated,VEO3,0.022280433246997883
519eba75-dd4d-58f3-9fbf-1385bb7e79d7.mp4,annotated,VEO3,0.03200788792088533
6daf0e96-715e-5b21-b4c7-fae8bff60d94.mp4,annotated,VEO3,0.010271956675300212
feaea8a3-24e5-589d-a80d-16b162f8a0bb.mp4,annotated,VEO3,0.0025753473039792796
2abb5777-f955-543c-830b-7a9e104c1bf9.mp4,annotated,VEO3,0.000573934542029668
233121f3-2721-5df0-a39f-b15dd21197bb.mp4,annotated,VEO3,0.2791529314810455
42e9000a-5737-5ae5-b6d2-0281bfc4b767.mp4,annotated,VEO3,0.03595184836355074
38bff19a-60e1-5b88-9a8f-1b308a2cb5df.mp4,annotated,VEO3,0.014672121497527666
119150ca-c4cd-5a84-853e-1ac26fe0982b.mp4,annotated,VEO3,0.10709029903461267
e46e4672-df34-52a1-b29e-96442bfff23f.mp4,annotated,VEO3,0.05013833294089946
0506008b-8432-55c2-b8ed-41e49937f87b.mp4,annotated,VEO3,0.0698287026136096
5f43488f-f552-532c-8b1b-7f4085bbfdb8.mp4,annotated,VEO3,0.02150047092064987
f176cfdd-23ea-5f74-988e-12a7536b1bff.mp4,annotated,VEO3,0.020146574052272194
92150492-a70f-5e7d-86d8-22875be7a254.mp4,annotated,VEO3,0.14673593124558512
15fc510b-ae8b-50e0-b488-fffb64621382.mp4,annotated,VEO3,0.00890334353661408
188fb7a0-f570-540d-b0ee-09d5dde88711.mp4,annotated,VEO3,0.0038998116317400518
4fbc8557-bf46-5423-a8df-67118f0a8e65.mp4,annotated,VEO3,0.09449317165057687
966fe6af-b107-5aa9-8f06-c8e0bcc9e968.mp4,annotated,VEO3,0.005739345420296679
e624431c-1d68-5bc2-99c6-21462b71c060.mp4,annotated,VEO3,0.030963032728985165
9f38099e-8f27-5d15-bcd6-442d747e8b6b.mp4,annotated,VEO3,0.12168883918059807
8d5979ca-aceb-5de6-baa0-3934b8bd23fa.mp4,annotated,VEO3,0.007166823640216624
2bf44529-8f13-5098-a529-aaabb3855dd6.mp4,annotated,VEO3,0.006018954556157287
1ff502bf-2b04-5fd3-8294-c760ad28bddb.mp4,annotated,VEO3,0.0071521073699081705
a22b5087-2825-5019-89c9-57ab9212cac2.mp4,annotated,VEO3,0.010095361431598775
c88c4cfa-d1b1-5e1b-ab84-a17bc3ddf706.mp4,annotated,VEO3,0.09007829055804098
2dc7de6e-f25d-59df-8a61-b64d62eec1b8.mp4,annotated,VEO3,0.08083647280433247
a912bd5f-ee2c-58b4-a368-5a6e8eb72bed.mp4,annotated,VEO3,0.1860283729691547
a11b48f4-e9c2-5a2d-8dd0-502ff3d9f686.mp4,annotated,VEO3,0.023516599952907936
fd666228-62d5-5f75-9385-52aa80adcbf6.mp4,annotated,VEO3,0.4168236402166235
e59a0885-0769-5b01-8b22-8596be88c1d6.mp4,annotated,VEO3,0.07277195667530022
ee290569-5c90-562d-94fd-92fcf2320b8a.mp4,annotated,VEO3,0.07093242288674359
cbeac52a-0010-52cb-812f-4e49e2039b05.mp4,annotated,VEO3,0.0832057923239934
eb2695e5-6c9e-5358-bfca-f4e8856b3cb5.mp4,annotated,VEO3,0.07628914527902048
c964aa48-d342-5b8d-92e0-6fa6c94747fb.mp4,annotated,VEO3,0.09540558040970097
6a707ba3-7e0e-57f5-8b9e-bee70e4dfc60.mp4,annotated,VEO3,0.00540087120320226
7fea4b36-b8eb-5951-9231-e4ba26d2a627.mp4,annotated,VEO3,0.024973510713444787
7bede200-626c-5048-b12b-726f2bf7f956.mp4,annotated,VEO3,0.053464210030609846
ac7600da-7487-5cfe-949a-4a93b4c32878.mp4,annotated,VEO3,0.008020367318106899
19600605-cd4e-5629-b530-6d3040e80470.mp4,annotated,VEO3,0.01236166705910054
c4f74763-8337-58cf-9810-d66672db4199.mp4,annotated,VEO3,0.27579762185071816
96591946-4cb9-5213-bb18-81a32d7b0992.mp4,annotated,VEO3,0.11837767836119614
aaaeb805-9bef-51e1-ba54-7df6e67296a9.mp4,annotated,VEO3,0.03996939015775842
fbfd4af1-589c-55b9-805f-392d4681819d.mp4,annotated,VEO3,0.005651047798445962
507681a6-ac36-51fa-bf52-ab47731d1ae3.mp4,annotated,VEO3,0.09980574523192842
68689631-e95d-5903-9fbe-c831e387ca3d.mp4,annotated,VEO3,0.01615846479868142
8e4e53d6-3dbd-5776-a27f-5bfc2eab413b.mp4,annotated,VEO3,0.05892394631504592
1e41762e-b832-5108-96b7-443724f6d837.mp4,annotated,VEO3,0.019808099835177773
01d6550e-fd46-5397-870f-b01e343a02a3.mp4,annotated,VEO3,0.20121556392747822
8c66733b-5a44-5de9-84c9-0d67ebea7f7f.mp4,annotated,VEO3,0.04223569578526019
1fcc2da2-ca76-5d02-b6c9-22045fa82d5b.mp4,annotated,VEO3,0.03545149517306334
1b85ebae-43d2-5743-b709-19038c9e04d8.mp4,annotated,VEO3,0.36777431127854954
4f60e815-e1fd-56fa-b58f-9d99cbc36177.mp4,annotated,VEO3,0.007387567694843418
8df4dc93-eb8e-5dc5-8d3a-00b60fa714a5.mp4,annotated,VEO3,0.06057216858959265
ca941eee-9288-55b7-937f-e4aeb629ead6.mp4,annotated,VEO3,0.27718095125971276
0ec7f4dc-f367-5f5c-91dc-94111899e6a3.mp4,annotated,VEO3,0.026680598069225334
49c047e5-1100-5c6e-b6fd-83ac6b305488.mp4,annotated,VEO3,0.014348363550741702
9dc6d86f-407a-52a1-b11b-669b9a85f44b.mp4,annotated,VEO3,0.030138921591711797
73358aa4-9216-58f2-8bf1-03760f336b42.mp4,annotated,VEO3,0.03580468566046621
f443840a-e15b-5df1-8ec7-2d24b9f62f55.mp4,annotated,VEO3,0.22115611019543208
267841ab-d2a2-5e99-a71f-d4b2503b16a5.mp4,annotated,VEO3,0.22071462208617848
20396336-e250-56ac-99b4-55ac56889788.mp4,annotated,VEO3,0.00685778196373911
b1b3d908-5c2d-546d-828d-b87ae5178a08.mp4,annotated,VEO3,0.04597362844360725
5edb37b0-1e65-5b27-bf65-4ae93d8c44f5.mp4,annotated,VEO3,0.13433011537555922
3bc18726-25cb-58d1-b490-49a09e5a8ff5.mp4,annotated,VEO3,0.07667176830704026
71b519ca-6596-5a0d-aa93-3857c91bfacf.mp4,annotated,VEO3,0.011684718624911702
4a61eb28-fd6e-5c65-892d-8877359dddff.mp4,annotated,VEO3,0.0016629385448551919
fe790a42-597e-5b02-83c8-f568c5bfa4c2.mp4,annotated,VEO3,0.2727513538968684
571233d5-4e2f-5dbe-864a-68bae739de9e.mp4,annotated,VEO3,0.09740699317165058
1375e3cb-33aa-59a1-99c7-63cb9f8b5de4.mp4,annotated,VEO3,0.0015893571933129269
30839fab-443c-5abc-ad13-95c0277a5978.mp4,annotated,VEO3,0.02395808806216153
c01ed467-08dd-5917-8c80-e596edb1190f.mp4,annotated,VEO3,0.13294678596656462
b28a965d-121b-5554-98ef-aa6b00afd81e.mp4,annotated,VEO3,0.002281021897810219
ae9d1f78-ab07-59b6-825a-d6dc2bb823c9.mp4,annotated,VEO3,0.06820991287967977
6e228395-f606-5d0f-bcd7-3860e029b4d3.mp4,annotated,VEO3,0.038556628208146926
910aa21a-7bad-583d-9c59-68cf7f90163f.mp4,annotated,VEO3,0.18829467859665647
34cfa861-b728-53cb-a082-7d3108cfd894.mp4,annotated,VEO3,0.0102130915940664
bed3080d-3514-59e7-8ff7-16846f4d9061.mp4,annotated,VEO3,0.04233870967741935
4df3b1ea-897b-5b57-94fc-254f5f123f71.mp4,annotated,VEO3,0.022427595950082414
da563d77-0eff-53b9-8bc4-378f0c1c9291.mp4,annotated,VEO3,0.02475276665881799
a44675ac-750d-51ec-b04e-734a3ec905dc.mp4,annotated,VEO3,0.008609018130445019
b6983a80-9e92-5125-b285-aa2d9ecc6270.mp4,annotated,VEO3,0.027313397692488816
bb15b55f-1792-5016-99e0-572557dbfd84.mp4,annotated,VEO3,0.03961619967035554
19e118c8-0876-53f2-8609-79b02aea4c11.mp4,annotated,VEO3,0.037246880150694606
72b082be-3d32-5c7a-a0d6-6f635e848db3.mp4,annotated,VEO3,0.01537850247233341
4b5a659f-7210-528c-9354-fc977eb9696f.mp4,annotated,VEO3,0.017482929126442195
c475bfea-7ad5-5c64-b6a6-2cf11dfc99c1.mp4,annotated,VEO3,0.006431010124793973
09696ca8-05ef-5495-baf6-29bc40c91688.mp4,annotated,VEO3,0.06105780550977161
669c7f99-8426-5d48-b385-5d3a6b862f40.mp4,annotated,VEO3,0.022589474923475395
e1709a58-ea57-5215-9092-64f13d1e8a9e.mp4,annotated,VEO3,0.005577466446903696
1b3ee629-6103-5201-9ef6-db50fed021ce.mp4,annotated,VEO3,0.005812926771838945
f2e2a0cf-22b5-5663-b7fb-8a04e4ad9f9b.mp4,annotated,VEO3,0.005415587473510714
c342ec45-d1ee-5a3e-a846-f98a52aca35c.mp4,annotated,VEO3,0.003487756063103367
ede56029-414e-5e0b-a4c2-c9fd2bd949dc.mp4,annotated,VEO3,0.06626736519896398
0a4a37b7-a82b-5171-846a-8fef99af0d31.mp4,annotated,VEO3,0.01167000235460325
4a33301f-6c24-56d5-a994-5d337d699efe.mp4,annotated,VEO3,0.02846126677654815
9c285046-f0df-59fd-b36c-698f4e64f8c7.mp4,annotated,VEO3,0.17474099364257123
a72082f0-b8cb-5a4e-9329-d89b3640e567.mp4,annotated,VEO3,0.2415381445726395
265861ab-8cb3-51f5-b2ef-b7a849910278.mp4,annotated,VEO3,0.006475158935719332
509b51a3-c581-5e7f-8ebd-140b8443dba7.mp4,annotated,VEO3,0.2525753473039793
178b7008-1b9f-5942-81ea-9311816774fc.mp4,annotated,VEO3,0.06354485519190016
40405e03-4897-51f5-89bf-0067a2d5f356.mp4,annotated,VEO3,0.008800329644454909
f02b7155-2ffe-5ccb-8e37-3be904c3a338.mp4,annotated,VEO3,0.05695196609371321
1cdbe665-2949-5705-b796-e26a25efe41d.mp4,annotated,VEO3,0.010757593595479162
1e846d51-ce66-5d4e-8aa0-f2a1a4b16b6f.mp4,annotated,VEO3,0.005121262067341654
50092289-7041-5caf-ae9c-d8e2a437d0c0.mp4,annotated,VEO3,0.015923004473746175
08f809ba-545b-5856-bf56-0151f69299bb.mp4,annotated,VEO3,0.031213209324228868
e67ab33e-c736-5f15-afab-b80ef8e5349b.mp4,annotated,VEO3,0.005459736284436072
ba3fb367-c680-5fdc-8b79-4e006c37c0f7.mp4,annotated,VEO3,0.023016246762420534
bbf172ab-2856-5013-b8a3-e55f6f826ddd.mp4,annotated,VEO3,0.043000941841299746
6ae868e1-8199-5fb0-9a96-83c5f08d1694.mp4,annotated,VEO3,0.31629679773958086
5658d0b0-03cd-5698-8461-6f037160f659.mp4,annotated,VEO3,0.009845184836355074
574ef1b4-5ef4-5653-a860-e7f1e1b94d99.mp4,annotated,VEO3,0.02826995526253826
374cc2c0-8de8-5a30-bb35-7e21ca327071.mp4,annotated,VEO3,0.19797798445961856
e9bbbc61-a240-5903-935b-372e1bb4598f.mp4,annotated,VEO3,0.1725188368259948
ec0717be-6be0-5358-b7cf-cd1dd9f7abeb.mp4,annotated,VEO3,0.020308453025665175
60c7de5d-485d-56bb-9ad8-ddca59813a35.mp4,annotated,VEO3,0.006828349423122204
0c3a23a5-02af-5a0f-b94b-817ec9f7cf8f.mp4,annotated,VEO3,0.028049211207911467
893b4647-9c9a-5f74-8174-65c921901fc1.mp4,annotated,VEO3,0.028152225100070635
bd9b6073-204e-5e63-8cce-dd7f10e386d1.mp4,annotated,VEO3,0.025473863903932185
3fc4f71c-97eb-58f5-b30e-24b4930922fa.mp4,annotated,VEO3,0.00875618083352955
bcd1432a-af5f-5a06-ba55-926ac036c44d.mp4,annotated,VEO3,0.13805333176359783
23c959eb-968e-5450-8eba-c5586d8d6faa.mp4,annotated,VEO3,0.13078349423122204
a55e7547-bec2-54eb-8e18-6824c2990c99.mp4,annotated,VEO3,0.00846185542736049
10aa96ab-8bce-544d-b2db-fd31abd4544d.mp4,annotated,VEO3,0.011846597598304684
0d3502ba-6df0-56fb-878c-b0a09c36780a.mp4,annotated,VEO3,0.05121262067341653
0ee1fbb9-42de-538e-85a2-fef8c07154bf.mp4,annotated,VEO3,0.07434659759830468
53a90a86-4dd3-5404-bd4a-9d487771b61c.mp4,annotated,VEO3,0.018321756534024018
222dc6af-16cc-5cd2-b096-67c3aba665c6.mp4,annotated,VEO3,0.07568577819637391
755442d0-337d-54b6-bf30-59fb4331fa85.mp4,annotated,VEO3,0.20919178243465977
595d8b6c-e6df-52b6-8941-8b4f422b908b.mp4,annotated,VEO3,0.009315399105250765
a9f9b914-84df-5dc0-abde-943bbd11b70c.mp4,annotated,VEO3,0.02032316929597363
5580b411-97a9-5ce3-8d4b-9ba613f48a06.mp4,annotated,VEO3,0.04166176124323051
789e6afe-eb83-59fe-a460-3203e18ced7c.mp4,annotated,VEO3,0.20649870496821285
fc3bdb75-ef71-5dcc-a9c9-20372e8df6a3.mp4,annotated,VEO3,0.027033788556628205
a73b132a-f3e4-5151-bc68-c868d7c4fb1a.mp4,annotated,VEO3,0.02348716741229103
f3751bc5-ecb9-535d-9561-fc04336f921d.mp4,annotated,VEO3,0.05721685895926537
dbba9df4-670a-5389-81a1-92ccfc4a5011.mp4,annotated,VEO3,0.025944784553802686
469332fc-383e-5570-9d14-b7c88c0e0107.mp4,annotated,VEO3,0.001221450435601601
b7e75b14-14c7-5955-a644-7ef5351abaa5.mp4,annotated,VEO3,0.00909465505062397
5b6d0aa8-a8ae-5581-8967-56a194bb3fcd.mp4,annotated,VEO3,0.007593595479161761
fabf4959-3620-5e46-8a6e-72ea7b891127.mp4,annotated,VEO3,0.010684012243936896
b16d8187-26f3-5f45-951c-0adf93009fb9.mp4,annotated,VEO3,0.14235048269366612
9e5b5fd2-1a1a-5ee0-acab-8d3dfd0b778c.mp4,annotated,VEO3,0.012317518248175183
c6288766-7ff7-5643-a261-1f2fcc560552.mp4,annotated,VEO3,0.055774664469036964
1d66f81d-ab75-544c-9bec-841b89f77c4a.mp4,annotated,VEO3,0.2198316458676713
7031af50-a483-57a1-bf81-1acfe50b91ce.mp4,annotated,VEO3,0.14582352248646102
a57540e5-fd1b-5635-a11e-6261b7a2d6d8.mp4,annotated,VEO3,0.0059012243936896625
d5e45073-c4e6-5614-90b6-162e5011ffed.mp4,annotated,VEO3,0.013156345655757004
24701c52-d5af-5125-a0ad-1af952cbe292.mp4,annotated,VEO3,0.020749941134918765
fbab427b-29d3-547b-ba61-399256af3402.mp4,annotated,VEO3,0.011199081704732753
6f6520d9-2823-5b8b-8d1b-0606f37be969.mp4,annotated,VEO3,0.018704379562043794
92899231-0814-5604-9de5-5c91e1b9575b.mp4,annotated,VEO3,0.016555804097009654
54611d01-ba13-5ee9-96d4-0d43480bb7cb.mp4,annotated,VEO3,0.00573934542029668
6154eb3f-2bbf-5608-a9c7-b5cce4cd52fb.mp4,annotated,VEO3,0.023089828113962797
4b4e2890-ec9a-52c8-8222-38eb835b77e2.mp4,annotated,VEO3,0.04242700729927007
03a35d65-523a-5872-8e75-293edde7238f.mp4,annotated,VEO3,0.012317518248175181
2187765a-94c5-5104-8111-c7b745965121.mp4,annotated,VEO3,0.015540381445726394
230a3d65-060d-5ef2-8fef-a9e66c697cb6.mp4,annotated,VEO3,0.12900282552389922
68b7b405-811e-5291-9b33-7103d898c04b.mp4,annotated,VEO3,0.005238992229809277
b3df4cd8-d2b3-5e94-b429-2431be7e9e7d.mp4,annotated,VEO3,0.10954791617612433
0c683108-64b1-5222-acfb-cc2b9fbe361f.mp4,annotated,VEO3,0.0036202024958794446
2634e08e-d778-5cc1-9af3-b23dbda50fc9.mp4,annotated,VEO3,0.006607605368495409
09943d71-fb55-5314-8ab5-20e4e3627cc8.mp4,annotated,VEO3,0.04687132093242288
10a3fe7b-9ad7-5dd7-ab08-48ad0d2e462e.mp4,annotated,VEO3,0.034406639981163174
1854eeca-b9ba-5b5c-90ac-b77764c4b47d.mp4,annotated,VEO3,0.47845538026842477
53c22f6f-3364-5f92-90f4-b5b1e9a6a70d.mp4,annotated,VEO3,0.0037085001177301624
7138b91b-6a26-5a71-841e-e213023b03b9.mp4,annotated,VEO3,0.039998822698375326
6f44b123-ff5a-5c1a-8571-c5852024b79b.mp4,annotated,VEO3,0.10355839416058395
58896bf9-d699-5305-b971-4f2cbd3e946a.mp4,annotated,VEO3,0.010227807864374853
b8801dce-4800-5467-a538-7bfa6aed2ef9.mp4,annotated,VEO3,0.02101483400047092
3cd221c7-07a7-56c3-9dc0-55ba574a8bcf.mp4,annotated,VEO3,0.00919766894278314
4c1fc779-9825-514c-98ff-b8aba2aadcd3.mp4,annotated,VEO3,0.029358959265363783
27a7bfa0-ea7e-5c4a-afc2-bcfb64fa00d4.mp4,annotated,VEO3,0.007564162938544856
be91d6e8-ff64-5c5e-ba9a-30513a6e44a0.mp4,annotated,VEO3,0.3029785731104309
cc7d860f-63cd-5c97-9c70-209bf93069f8.mp4,annotated,VEO3,0.008638450671061925
27be9fa1-8239-5d4e-99b5-1827f4197800.mp4,annotated,VEO3,0.0663850953614316
fadca9b4-142f-51dd-a887-2b516e0732db.mp4,annotated,VEO3,0.012435248410642807
0ae86548-0eb6-5981-8fe8-fe9001619759.mp4,annotated,VEO3,0.03945432069696256
3a36d8d0-3ff9-5124-b1c6-9ec717e4b972.mp4,annotated,VEO3,0.03949846950788792
b6deb83a-c607-5a82-ba8d-f21e37cc3df2.mp4,annotated,VEO3,0.06846008947492348
50282c03-f7f3-5b20-8241-f7df14b3256b.mp4,annotated,VEO3,0.006769484341888392
f600f7c8-27fe-51d3-a17f-0e30490875c8.mp4,annotated,VEO3,0.027401695314339534
c9a13a13-f519-5f5e-b1dd-68f26a785619.mp4,annotated,VEO3,0.03428890981869555
da113a44-79ef-552d-97d1-2bfa75998584.mp4,annotated,VEO3,0.021618201083117496
6d95cb42-3210-5197-ad78-d25fbaf03226.mp4,annotated,VEO3,0.06650282552389922
30166aeb-d812-5d88-8187-6914dd18664f.mp4,annotated,VEO3,0.29782787850247233
4fbb8308-622a-5381-be9b-10f4773af642.mp4,annotated,VEO3,0.1149487873793266
190fcd5d-5722-58b4-89fd-a3e298ab976a.mp4,annotated,VEO3,0.03785024723334118
fc2d150f-28de-556a-a8c4-11a013e21251.mp4,annotated,VEO3,0.0069460795855898275
fda31953-ae64-5c34-8232-b7705d7edf30.mp4,annotated,VEO3,0.020646927242759593
154bbacf-1421-5b2e-abf4-fad22ca3f69c.mp4,annotated,VEO3,0.02282493524841064
cfacfbac-856b-58ac-8840-073b43df5ab9.mp4,annotated,VEO3,0.03400930068283494
8d618606-9336-5290-ac83-bafd83895dc7.mp4,annotated,VEO3,0.07821697668942784
694081bc-a620-5619-9aa4-2cac6038c264.mp4,annotated,VEO3,0.05471509300682835
a9298590-c64a-580a-ba9d-e85ab8ff4e84.mp4,annotated,VEO3,0.12851718860372027
62d7b3cc-0cf4-54fe-8893-efcd55184c41.mp4,annotated,VEO3,0.11684718624911702
f0ada1cc-c963-59fd-a114-5345398f42ef.mp4,annotated,VEO3,0.017762538262302802
762f7e48-878b-5960-a59b-d3e20e131367.mp4,annotated,VEO3,0.11846597598304685
686d84bd-5ead-5063-bf1e-03cfdac8003c.mp4,annotated,VEO3,0.020882387567694845
07a3dd5c-120b-592a-a068-67017366e0a1.mp4,annotated,VEO3,0.003943960442665411
b01d383e-254e-567b-affd-a37e5bb35627.mp4,annotated,VEO3,0.03490699317165058
33f65f0f-da58-5603-8d82-cb298b08064d.mp4,annotated,VEO3,0.008550153049211208
8d43b779-9405-54de-ac5a-e68788a11e13.mp4,annotated,VEO3,0.007078526018365906
5f848d05-17f5-59c0-b24b-3bdc7e8043ba.mp4,annotated,VEO3,0.0012803155168354132
278218ac-2ec2-5403-aaee-7154395abea8.mp4,annotated,VEO3,0.02325170708735578
e837ff6e-5568-5889-8da4-7ba63e89caf1.mp4,annotated,VEO3,0.08860666352719566
9c47537a-68d4-51a9-bbe4-9ee4e4abe8ae.mp4,annotated,VEO3,0.02977101483400047
27997893-377c-5cb4-937a-83bfb6fa543b.mp4,annotated,VEO3,0.025797621850718155
e48efb30-ddee-5a8b-9549-ec5846271a64.mp4,annotated,VEO3,0.021632917353425946
5700fddd-9654-50d1-9153-ee00350f766a.mp4,annotated,VEO3,0.24923475394396044
808d269b-0a59-5105-9373-89962226f940.mp4,annotated,VEO3,0.004517894984695079
0da4df83-0ab2-507e-8f99-58612b7bd4c4.mp4,annotated,VEO3,0.0056068989875206025
0eb295d5-7d2a-5012-9f13-ea7d80e50fe3.mp4,annotated,VEO3,0.012611843654344243
2b2bede8-d0e6-53f4-ae1e-42c05600bada.mp4,annotated,VEO3,0.009035789969390157
5e5c95aa-a384-5dc0-8efc-e84741ede1d6.mp4,annotated,VEO3,0.017232752531198492
1a9360dc-ca9f-5d0d-9514-68e25bb0ac9e.mp4,annotated,VEO3,0.5001177301624676
ccd48577-5a99-5e1b-b5ff-9b5bc666a266.mp4,annotated,VEO3,0.03614315987756063
efdb2305-e96e-57a3-b23d-646e7cd99398.mp4,annotated,VEO3,0.0057099128796797745
8015f2ca-3c34-5ccb-9552-cce4238a5576.mp4,annotated,VEO3,0.00554803390628679
2d4be926-cf91-5f72-9ffc-1e78e5bfecf0.mp4,annotated,VEO3,0.1411290322580645
3f68a033-b97e-5536-b800-37bd65bea289.mp4,annotated,VEO3,0.04041087826701201
0ac08be3-b921-53d3-98d6-42719f41d620.mp4,annotated,VEO3,0.005224275959500824
af4de8ed-8742-592b-bb9e-9cc3e011a6b2.mp4,annotated,VEO3,0.01896927242759595
f368950a-6c92-5ce4-9afa-21ffd641537a.mp4,annotated,VEO3,0.09798092771368024
64476b14-9982-599e-8799-6e157b337fbb.mp4,annotated,VEO3,0.0052095596891923715
517edd76-7cbf-5f80-a237-36f29491b920.mp4,annotated,VEO3,0.2960766423357664
2f62414f-11cf-5f16-823a-5fe6cc420492.mp4,annotated,VEO3,0.08064516129032258
e8c172c6-af33-5ce2-ab70-b0d7232ae30c.mp4,annotated,VEO3,0.0012803155168354132
ec1981ce-c739-5eae-8b87-308464bd265c.mp4,annotated,VEO3,0.014995879444313631
b90509db-41e5-57aa-86ca-9095353fcabd.mp4,annotated,VEO3,0.019763951024252414
38cc2f33-4926-5886-a03d-32f950d3a467.mp4,annotated,VEO3,0.02756357428773252
f53e4161-f486-57c3-b4a9-06e9d060f4d2.mp4,annotated,VEO3,0.006018954556157287
108b799b-d90d-5881-b185-6437b4a4f7e0.mp4,annotated,VEO3,0.01755651047798446
c1108e40-a88a-5639-81ad-742b06013e41.mp4,annotated,VEO3,0.0037379326583470685
2893c925-3212-57b8-9982-43c8a4612f8a.mp4,annotated,VEO3,0.06770955968919237
e27e2b6d-11d3-551f-b5f6-ef51e55823ce.mp4,annotated,VEO3,0.05418530727572404
635e38dc-e430-506f-889e-32ac4f34db1b.mp4,annotated,VEO3,0.08504532611255004
159c03d0-d1bb-5940-be67-4a7d0897d805.mp4,annotated,VEO3,0.02413468330586296
0569c6cc-984b-5e80-acd8-267c5765cdec.mp4,annotated,VEO3,0.04147044972922063
2691fc34-9997-5afe-9fa7-abab71784da8.mp4,annotated,VEO3,0.012185071815399106
1395a33b-8814-514c-94ea-23096918fe71.mp4,annotated,VEO3,0.261920178949847
22029115-e298-5500-8866-826c85cbd0d2.mp4,annotated,VEO3,0.004974099364257123
0ea46ba0-3996-5c63-ae23-72d53bc8597b.mp4,annotated,VEO3,0.019734518483635506
646c73fc-e815-5ac0-859d-62664d5b1ca1.mp4,annotated,VEO3,0.02451730633388274
9acc226c-f517-58b9-8013-a5487d4e3266.mp4,annotated,VEO3,0.15343183423593124
85849df4-b0b5-5521-aa78-2823aa0ed647.mp4,annotated,VEO3,0.02447315752295738
0461c10a-6141-5723-b800-f038dc110dff.mp4,annotated,VEO3,0.06604662114433718
d4a57583-c998-511d-b1b5-d6b789ca4cc2.mp4,annotated,VEO3,0.008726748292912645
07dae49d-4e83-5dae-9b2f-83b8cdb108fa.mp4,annotated,VEO3,0.007946785966564633
8cc2d4f0-9221-52a1-8903-8e22dcf09652.mp4,annotated,VEO3,0.1197021426889569
750e5c41-13c2-59f9-9fb6-049bdbe1d74d.mp4,annotated,VEO3,0.006666470449729221
64589d31-eca7-535e-8a6a-0994e93305a3.mp4,annotated,VEO3,0.0014421944902283967
8b7b0e2c-bfa1-542f-a7c8-caf7496a6b2c.mp4,annotated,VEO3,0.15318165764068753
5a9dbd83-8c2f-500f-b49b-e9bb3fca99ff.mp4,annotated,VEO3,0.010183659053449494
bea581a9-ecc3-5df3-8bae-45a02bcabde4.mp4,annotated,VEO3,0.02718095125971274
afd94f82-6eac-5816-abe9-3f88344f750f.mp4,annotated,VEO3,0.15382917353425946
9bb71c9b-a59c-594b-b15b-65580d3333cc.mp4,annotated,VEO3,0.0875618083352955
63052f65-b89f-5e67-83ef-62d1d6b3ccb1.mp4,annotated,VEO3,0.13708205792323994
5355a4af-81c4-5f72-805f-c8816df1b3b8.mp4,annotated,VEO3,0.11699434895220157
12651a0d-4453-5b90-b8d6-c341ca659017.mp4,annotated,VEO3,0.09572933835648693
e19a77d4-af92-5735-ba0b-9423fc82ae97.mp4,annotated,VEO3,0.054406051330350834
b85ef696-4e0c-5233-b209-9e62d6b23b5d.mp4,annotated,VEO3,0.03867435837061455
09b35bc2-afee-5ca7-bf6e-d70c588fb535.mp4,annotated,VEO3,0.059998234047562986
8e8fa62d-f771-5da6-ba12-15796a904a81.mp4,annotated,VEO3,0.00666647044972922
9d63d182-95c7-51d8-8e49-afcc21d2938f.mp4,annotated,VEO3,0.027254532611255003
9a2254b8-92d9-5eec-bb1d-654b1a15114a.mp4,annotated,VEO3,0.021220861784789262
0d1b6a10-f63e-56e4-af4f-7c56db0f4716.mp4,annotated,VEO3,0.011905462679538497
a495d8a8-1c6b-5036-ac33-02a65e16d1aa.mp4,annotated,VEO3,0.12885566282081468
bb014f75-5f93-58e0-bb6d-a5524a12c0e2.mp4,annotated,VEO3,0.44650635742877326
a6dc6e6a-a387-52cd-91a6-db3a1b3e5c34.mp4,annotated,VEO3,0.045546856604662116
a19f1b58-5550-54e3-b22b-fba65b82a273.mp4,annotated,VEO3,0.015334353661408054
ce4419de-3c30-5c61-b129-eb574ef9c5fc.mp4,annotated,VEO3,0.0037232163880386157
60a04a84-80ed-500e-8475-95bfb7d2064f.mp4,annotated,VEO3,0.01692371085472098
a30f47b6-4edc-51e6-a2b8-360270731097.mp4,annotated,VEO3,0.3206675300211914
27cf03fa-d3d9-5ea2-a1a5-92a60f548ce0.mp4,annotated,VEO3,0.00637214504356016
449ae50c-d948-5fc0-8b36-679f9457a50c.mp4,annotated,VEO3,0.013303508358841535
850027ed-2fc0-53a6-a2ec-82b824734d78.mp4,annotated,VEO3,0.0012508829762185071
66557a7c-536f-57aa-b44b-3db4eb534583.mp4,annotated,VEO3,0.022972097951495175
138037d3-f3f6-59d6-8ec3-e8ba67ad2a2d.mp4,annotated,VEO3,0.008093948669649164
48151f5a-dc1d-51b0-a669-e8d266192e9c.mp4,annotated,VEO3,0.1691046621144337
5b57553b-3d00-5863-8f78-bde68943efd6.mp4,annotated,VEO3,0.03370025900635743
ce0bf3fa-0661-50ea-a3ea-ab43281941bf.mp4,annotated,VEO3,0.22439368966329173
10401d9e-dc09-59e1-8718-663187214bcc.mp4,annotated,VEO3,0.014892865552154463
e33b9e6c-9247-5caa-adca-888a94d47e53.mp4,annotated,VEO3,0.24548210501530493
d2a2be09-8d47-56b2-8f47-d601a39de764.mp4,annotated,VEO3,0.017777254532611253
404c8384-65b1-5757-9639-7ee8faeff372.mp4,annotated,VEO3,0.038747939722156816
0c88628b-9f7c-58cf-912e-d581d81710ca.mp4,annotated,VEO3,0.0076524605603955735
fb812dd4-c857-5b1f-b6c3-573d1599abc5.mp4,annotated,VEO3,0.11812750176595244
61fb31bf-d5cb-5776-b10c-b71446d841f2.mp4,annotated,VEO3,0.1664851659995291
7a834007-f163-58b2-80c9-e8851dfa2925.mp4,annotated,VEO3,0.008241111372733695
c9282906-a1f1-5214-8027-08abc380cbf9.mp4,annotated,VEO3,0.16770661643513068
4ea281cb-1f0a-57fa-8578-a93168f6980a.mp4,annotated,VEO3,0.07327230986578762
faf1902f-319f-5651-8a42-33bf63e48ef7.mp4,annotated,VEO3,0.007564162938544856
0862a018-0a85-5875-986b-2b2d9abf3948.mp4,annotated,VEO3,0.11078408288203438
e17a0d98-a6ea-5b75-ac21-7ee2041ea675.mp4,annotated,VEO3,0.027813750882976218
bb5e66cc-f1f4-57af-8fc3-44cd8e714cff.mp4,annotated,VEO3,0.21295914763362372
b833e9a8-0f66-5b22-bd62-9646a81ee174.mp4,annotated,VEO3,0.018954556157287496
0b75de1b-95e3-5e3d-8b26-5de0077c9b5d.mp4,annotated,VEO3,0.0024281846008947492
0ca496c6-b8f1-552b-8ef2-2a8d501bdaeb.mp4,annotated,VEO3,0.21980221332705438
84f461b1-4c4f-55e2-a9f9-f454064faeb7.mp4,annotated,VEO3,0.0008241111372733695
142678eb-9f93-5839-998f-57e5e52861ef.mp4,annotated,VEO3,0.13006239698610786
058d6f43-1a85-5456-b52e-59a0716b1d3f.mp4,annotated,VEO3,0.009918766187897339
ee5c3787-1db3-5b6a-bebf-35cc7df9244b.mp4,annotated,VEO3,0.024738050388509535
8df36dbe-02fb-5442-ad9b-f9dd58ae4e54.mp4,annotated,VEO3,0.07028490699317165
7d737a59-90c5-5e72-8a4b-9ca05f52b505.mp4,annotated,VEO3,0.023752060277843184
14368ad9-0bc7-56c0-bdc5-1c4515c08ab2.mp4,annotated,VEO3,0.0111843654344243
7230face-7c20-5a2b-a234-0d6c4ad5c9e8.mp4,annotated,VEO3,0.0031934306569343066
451527ee-26e7-5da2-a4a9-d2a9c624431f.mp4,annotated,VEO3,0.007284553802684247
49f869df-76fb-5622-9133-119e9ca1f1eb.mp4,annotated,VEO3,0.06211737697198022
9ab08aad-36b1-56b3-b4e2-dc8a5f0c77bd.mp4,annotated,VEO3,0.017056157287497056
b1a4eed3-2a02-5c66-b278-f2780345d6ea.mp4,annotated,VEO3,0.12981222039086415
761ab321-303d-5dcb-ad2c-432aaded7206.mp4,annotated,VEO3,0.03949846950788792
f145f99f-5775-5488-bdbc-126188430e53.mp4,annotated,VEO3,0.05877678361196138
29281fa3-064e-50a2-b086-8d7ca669e051.mp4,annotated,VEO3,0.06255886508123382
fdec245a-ceae-5260-a3cc-f0b40f4f465c.mp4,annotated,VEO3,0.02008770897103838
f1014fea-f0f3-52dc-aa82-eecc44aafc7d.mp4,annotated,VEO3,0.018880974805745233
20de79af-7213-54bc-970f-e20241cc1a1f.mp4,annotated,VEO3,0.10787026136096069
a60fa59a-c08a-504f-9dc6-0f93d1642551.mp4,annotated,VEO3,0.13661113727336943
56c678da-8bf6-551d-a51c-cf1e31bddde7.mp4,annotated,VEO3,0.19878737932658347
792403f2-061a-5e71-aa63-bdc408e28b72.mp4,annotated,VEO3,0.007431716505768777
a5d9dc33-d7ff-5f3f-a815-f0292702cca6.mp4,annotated,VEO3,0.06126383329408995
6cff6ed2-ef62-5726-9ae0-e1342299da13.mp4,annotated,VEO3,0.005857075582764304
c014dd27-987c-5a85-91a1-8042464e919d.mp4,annotated,VEO3,0.012037909112314575
14b9312d-3af8-5cbc-aea3-839763db43e4.mp4,annotated,VEO3,0.08164586767129739
c84eeee2-a423-5829-898a-9a0e8dd1af9d.mp4,annotated,VEO3,0.03608429479632682
e4ab380a-b47f-53fc-a03d-f53b9b3528e4.mp4,annotated,VEO3,0.005901224393689663
82945089-ab56-5ed1-b2ac-7b08e71b642d.mp4,annotated,VEO3,0.02182422886743584
744aaa6a-38db-5de6-bb0e-be2455e72359.mp4,annotated,VEO3,0.06678243465975983
6d1eeb70-0d9f-5c3b-a23b-df2e969b82e5.mp4,annotated,VEO3,0.021073699081704735
400ca3c8-b7d2-561f-90e1-fc4665149368.mp4,annotated,VEO3,0.029932893807393456
6f51f17b-203d-59e3-b6c1-c9bb8b239028.mp4,annotated,VEO3,0.03127207440546268
7af145df-47a9-57d1-bbf9-5a9de052c9db.mp4,annotated,VEO3,0.016555804097009654
202454a1-454e-55bf-bf2b-7c744efb0664.mp4,annotated,VEO3,0.0878414174711561
16ca7c6d-c24d-5a5d-b318-885daee57e01.mp4,annotated,VEO3,0.13644925829997645
36ee4e28-8b72-5b1c-a46d-a51942985529.mp4,annotated,VEO3,0.00715210736990817
7996805e-1dee-5db1-a815-9858b3e77ff8.mp4,annotated,VEO3,0.01805686366847186
a276672c-4920-5d10-a444-c3e59df1b318.mp4,annotated,VEO3,0.019675653402401697
488c8f21-f2c6-56c4-9c6a-3fe4143c8497.mp4,annotated,VEO3,0.12460266070167177
222f8f99-a66e-5678-a39c-ef4b8e8f774f.mp4,annotated,VEO3,0.02504709206498705
aa310eff-938e-50c7-beee-54b238a862d1.mp4,annotated,VEO3,0.03668766187897339
9bd26ed4-270c-55f7-8dea-1b07e0a856d0.mp4,annotated,VEO3,0.02489992936190252
d5e644d6-2e86-566f-8e67-dc4c992c0b24.mp4,annotated,VEO3,0.003561337414645632
8218868d-282a-5fa5-9c76-c0f271d57134.mp4,annotated,VEO3,0.13981928420061218
d9d724bf-98d1-5708-b35c-28d1e9b259ec.mp4,annotated,VEO3,0.19759536143159875
72da15a0-e2d3-56dc-8d44-e557914b7381.mp4,annotated,VEO3,0.055907110901813044
e961729a-a8ce-5058-9dfd-857d2900b880.mp4,annotated,VEO3,0.10592771368024488
9b6c25cd-7e62-5fd2-9523-9c69179592e3.mp4,annotated,VEO3,0.014657405227219214
f587e1b2-b98f-5b99-beeb-d4669b1ad0f4.mp4,annotated,VEO3,0.035466211443371795
75282ca5-120a-5824-9811-0678c7ea6694.mp4,annotated,VEO3,0.06635566282081469
1b1ea1f8-2c1a-5ed3-81e9-33dc2715a673.mp4,annotated,VEO3,0.009609724511419825
690b682c-f18e-5d38-87e9-1f30e8649d34.mp4,annotated,VEO3,0.03264068754414881
39d555de-8f70-5ae5-8612-0f85ea4aea56.mp4,annotated,VEO3,0.01346538733223452
3666bb35-a156-5baf-9c8f-ceaa573e47af.mp4,annotated,VEO3,0.005371438662585355
ed5f6d7b-933f-5c42-b35e-4a57f703ab34.mp4,annotated,VEO3,0.010154226512832588
e1c54e3f-a44f-50c4-bf02-5e79dfd273d1.mp4,annotated,VEO3,0.25498881563456555
1349b4e1-69ac-5154-9393-bd00790919a8.mp4,annotated,VEO3,0.07553861549328938
20294a46-a54a-50a7-ba17-35c2c926bb06.mp4,annotated,VEO3,0.02395808806216153
a0b26247-8e06-5584-8caa-c0b1e4cea005.mp4,annotated,VEO3,0.011405109489051095
5d4f84fd-f803-5d70-b7ed-c66896ad88e8.mp4,annotated,VEO3,0.018365905344949376
2b0c315d-8b2a-52ac-8fbb-2d422db5e5fc.mp4,annotated,VEO3,0.052272192135625145
f376f47f-5053-5e36-bfb0-add9b8b8aeca.mp4,annotated,VEO3,0.019631504591476334
4d5f3f55-9123-584f-8271-77a613c740d7.mp4,annotated,VEO3,0.005150694607958558
b56dc799-ef9f-5c32-81a6-5205afe6832b.mp4,annotated,VEO3,0.019911113727336945
992974fb-f983-59aa-81d8-019bfbe50d63.mp4,annotated,VEO3,0.0008241111372733695
875e95f8-eb60-5ee2-95bb-2a46bcc6e4d4.mp4,annotated,VEO3,0.0040616906051330354
03c6137f-d644-52c5-a5bc-be152c0ff9da.mp4,annotated,VEO3,0.02392865552154462
f71f059d-4585-58a3-9617-00701e228151.mp4,annotated,VEO3,0.0024723334118201086
478e8c11-ea2c-5227-8383-d890ffe5d6a4.mp4,annotated,VEO3,0.019763951024252414
bad8a82d-838c-5c3f-98b2-862736d3e115.mp4,annotated,VEO3,0.5787761949611491
68585d06-23a6-54e0-a6f8-e17f16bc7d6e.mp4,annotated,VEO3,0.26938132799623266
d8079a50-1a58-50ea-b95e-47075fcf5820.mp4,annotated,VEO3,0.05676065457970332
d34ea148-d5be-5d5b-94cf-822770181d59.mp4,annotated,VEO3,0.038453614315987754
6128e228-d939-578c-b747-6c5a9b16057b.mp4,annotated,VEO3,0.028255238992229807
0b8ef91d-209b-500a-9c16-af4f3401e052.mp4,annotated,VEO3,0.028564280668707323
9615f1f7-de02-57b7-806b-9f60c608d62b.mp4,annotated,VEO3,0.04590004709206499
881a7b82-cad8-5226-888b-e8a68aad6cac.mp4,annotated,VEO3,0.002133859194725689
426f91ce-8482-5f8f-8bdf-0ab3e845704d.mp4,annotated,VEO3,0.026739463150459147
655a0c74-717b-5968-8974-021769b97ce9.mp4,annotated,VEO3,0.18761773016246763
06b806a2-f209-565a-a280-220e519e5bd7.mp4,annotated,VEO3,0.013759712738403578
983a1d3d-14a7-5dbe-8f6a-0c9f5c4e7f61.mp4,annotated,VEO3,0.005032964445490935
64674769-72a5-5e52-8a8c-9d9841ba72a2.mp4,annotated,VEO3,0.28265540381445725
222ae23b-e278-555b-96d9-9fe1da196a43.mp4,annotated,VEO3,0.011537555921827172
5e1da3bc-1630-538c-a286-87194d533fc9.mp4,annotated,VEO3,0.015481516364492583
ace960d7-42c3-5bc6-9fe0-3e846ec4762a.mp4,annotated,VEO3,0.035333765010595715
eee90f3c-b3fe-5c6a-b448-d2cb9caf1b50.mp4,annotated,VEO3,0.00010301389215917118
9315c808-f5e8-5e44-809e-fb38d64e2dbb.mp4,annotated,VEO3,0.005636331528137509
dddcd557-a839-5b66-a974-fc9c02a95047.mp4,annotated,VEO3,0.2884683305862962
64035572-5a6d-5a7d-bff6-5c4012aa9774.mp4,annotated,VEO3,0.08361784789263009
1e942335-58fd-57fc-b20e-522147238c38.mp4,annotated,VEO3,0.0066517541794207675
fa502ddf-fb24-5ba9-b581-204321e56018.mp4,annotated,VEO3,0.02540028255238992
942bc138-c17e-5698-9dc1-ed0f1bcae27c.mp4,annotated,VEO3,0.0750676948434189
fb7eee10-73d4-51b5-95ac-cd2efe5e2d65.mp4,annotated,VEO3,0.0024281846008947492
686024ed-1b8c-5621-a84f-1ab2ffc54bd5.mp4,annotated,VEO3,0.20797033199905815
0c2ce9e3-cefe-507b-8a36-f44c6c61ceef.mp4,annotated,VEO3,0.15641923710854722
66017840-3922-5de3-babb-f985d76021c1.mp4,annotated,VEO3,0.021353308217565342
ae4c98e0-2316-5885-8bbf-9f6bdad39175.mp4,annotated,VEO3,0.054862255709912884
aa45d0b0-fd5f-5a8d-9daf-31943ae6840e.mp4,annotated,VEO3,0.009403696727101485
53c3690f-f399-52b3-80ce-8e68879b12bf.mp4,annotated,VEO3,0.013995173063338827
64f04a54-09c0-5e83-a70b-bf9eb978a2e3.mp4,annotated,VEO3,0.0028843889804567933
f0c494b0-5c30-5d67-aee2-0dd0f0ff3624.mp4,annotated,VEO3,0.09428714386625853
2ac1915d-bb87-503a-b2f9-7b316d5a2017.mp4,annotated,VEO3,0.2102513538968684
463f241e-f62d-5602-b481-24fdc4420e1f.mp4,annotated,VEO3,0.05238992229809277
2db835e8-3ab4-5d8c-a0a5-79e8e840c109.mp4,annotated,VEO3,0.042353425947727806
efed3e55-63c8-5b62-89c8-b5b80ca74615.mp4,annotated,VEO3,0.04032258064516129
8569f2bd-89d1-5107-a66f-4e78fa108695.mp4,annotated,VEO3,0.0036790675771132563
90a39778-6392-554f-81d6-c879631659ec.mp4,annotated,VEO3,0.05827643042147398
af9620f4-6ca9-5843-ad51-c7b535f58faf.mp4,annotated,VEO3,0.12926771838945136
c80fa1d2-1196-564f-bdba-d17bd7e1a1a5.mp4,annotated,VEO3,0.07786378620202496
aadd85d8-3bc0-514a-a31a-c00f6e671dc0.mp4,annotated,VEO3,0.018159877560631033
a97a9d19-eafb-5cb1-8999-92fd3cda062b.mp4,annotated,VEO3,0.0588650812338121
6fcfd9c5-a694-544a-b8cc-1974fb603665.mp4,annotated,VEO3,0.03234636213797975
38736f34-47c5-522d-97a1-7aef6eed627a.mp4,annotated,VEO3,0.11306510477984459
c683f58a-7f2d-5a6e-abfb-bfc254c2c36a.mp4,annotated,VEO3,0.011655286084294796
f4e8d486-5a9c-5519-bb48-aa621b5b7e2b.mp4,annotated,VEO3,0.03955733458912174
81132079-66d0-59bd-8954-cbb82a484247.mp4,annotated,VEO3,0.08738521309159406
a86d54cf-84aa-52e7-9c36-5ba0a8601744.mp4,annotated,VEO3,0.018704379562043797
78673e41-1a19-58f3-b9a0-f544076d3c08.mp4,annotated,VEO3,0.4407964445490935
27f109e8-5aed-5db5-b799-f0c3473150ce.mp4,annotated,VEO3,0.09879032258064516
6a715f74-f9fe-5391-aa45-682c5eaf59be.mp4,annotated,VEO3,0.0201760065928891
ff2a8c67-1890-5c00-91f6-f3e2dda13d1a.mp4,annotated,VEO3,0.037188015069460796
d9e0d600-d818-5933-9405-18cab7bd9b60.mp4,annotated,VEO3,0.005930656934306569
06afef5f-bff2-5aa5-9102-eadac8cf45a3.mp4,annotated,VEO3,0.06657640687544149
08e64edc-e1df-5426-8788-137fdd41dbbb.mp4,annotated,VEO3,0.051418648457734875
9aa6222c-7cfe-5ef9-972a-d16cdc28b8a8.mp4,annotated,VEO3,0.002634212385213092
d0143d98-62ba-5cd6-bcc3-5d6772bdab57.mp4,annotated,VEO3,0.08943077466446904
485ed724-de14-53f3-986b-b4c6502753fa.mp4,annotated,VEO3,0.2657464092300447
fdaab1c3-93bc-5a0b-a813-a7ae2d5a28c1.mp4,annotated,VEO3,0.0019719802213327055
5e194a1a-e64e-594c-9c7c-e74850651157.mp4,annotated,VEO3,0.012023192842006123
18bb90d4-f327-558b-8001-2281434cd09a.mp4,annotated,VEO3,0.05452378149281846
f108cd04-dbf1-5673-9732-c552aa12d58b.mp4,annotated,VEO3,0.0070049446668236405
da4c69c7-b4b4-5d48-9dcc-5752f7476834.mp4,annotated,VEO3,0.0035907699552625385
da24bd02-94bb-54c7-b391-257238df5de3.mp4,annotated,VEO3,0.05812926771838945
92c0df54-568f-56c0-afb3-2787a0d6e070.mp4,annotated,VEO3,0.09734812809041676
0a730a21-bf37-55b7-b81b-2f5a3002d2b9.mp4,annotated,VEO3,0.015201907228631977
bbdb093f-9136-5dc1-bf74-d72506fc4dbc.mp4,annotated,VEO3,0.020352601836590534
79eb0fd1-de3a-506d-b155-529de0b509f3.mp4,annotated,VEO3,0.012817871438662585
77f7bfcb-9da8-5ab8-97ad-99612b5a5b9a.mp4,annotated,VEO3,0.008594301860136567
8f05544c-671b-5e41-8bb7-3e122d26b6b3.mp4,annotated,VEO3,0.026916058394160582
33a128d4-afcf-55f5-ab5a-58674c923412.mp4,annotated,VEO3,0.16608782670120087
767ac1fb-fb28-5dc2-af12-b4ee6751de10.mp4,annotated,VEO3,0.010227807864374853
2268c1f7-e568-5794-bccb-09a3aa58ab36.mp4,annotated,VEO3,0.0025753473039792796
fea19b95-c229-569a-a5c5-d32296dcc2e1.mp4,annotated,VEO3,0.01949905815870026
2688deda-8262-5a91-97b2-97ab65ae37f5.mp4,annotated,VEO3,0.025047092064987047
444c0c4a-0e66-5941-bd84-d28c474240e8.mp4,annotated,VEO3,0.0023546032493524842
26687827-7e78-500d-b141-28c79e84b94d.mp4,annotated,VEO3,0.051065457970332
fd827a1a-4e19-55b0-835d-a24dc1d1bbe1.mp4,annotated,VEO3,0.008329408994584413
ac71f67c-63d0-57dc-abc9-85e71042d60f.mp4,annotated,VEO3,0.01253826230280198
290ba2c5-2645-557b-9943-0628efbf5b26.mp4,annotated,VEO3,0.017733105721685894
3fce3a34-d041-5a0f-9c58-4efcfce0ce29.mp4,annotated,VEO3,0.054582646574052276
9e6bbf1f-5919-5b54-ae7d-7c7edef9010f.mp4,annotated,VEO3,0.00554803390628679
2e82b74e-858c-583c-8dd6-a3be0a442f07.mp4,annotated,VEO3,0.010168942783141042
f9fa3d0a-213e-5ffa-9778-800ea05de82e.mp4,annotated,VEO3,0.0030021191429244172
7be45b86-ec35-5d20-8043-8a827f8128ec.mp4,annotated,VEO3,0.005518601365669885
d6c1cdc1-642a-57ed-aff0-49d66eb6aece.mp4,annotated,VEO3,0.017159171179656228
5c8fd9cb-a1cb-5550-bf42-e9648ada362b.mp4,annotated,VEO3,0.007961502236873086
759f38e8-cbb8-5b86-8ed9-36c48b36c3be.mp4,annotated,VEO3,0.1612461737697198
98045b8e-e8b9-531b-9a23-5764a153dd72.mp4,annotated,VEO3,0.06476630562750177
cc04e8a6-277b-5db1-ba9f-a0cb85b8fc0f.mp4,annotated,VEO3,0.006519307746644691
48747a00-9fb7-5eed-bcfb-ddd650147f70.mp4,annotated,VEO3,0.03958676712973864
44e326bf-9060-5de8-864c-4289cbb63067.mp4,annotated,VEO3,0.02816694137037909
5da55bb1-559c-5e1f-8454-c020d7370121.mp4,annotated,VEO3,0.008388274075818224
2ec48443-271e-58a7-a110-d26c5e3affec.mp4,annotated,VEO3,0.13115140098893335
61e966aa-ce2d-5ae0-a83f-c1668fae9406.mp4,annotated,VEO3,0.006195549799858724
366edb75-ec5b-5b34-81cd-73cf8ac53641.mp4,annotated,VEO3,0.20869142924417233
85f34290-fe1a-5ec7-892f-c2887bf50a39.mp4,annotated,VEO3,0.025135389686837768
17b37b0a-9b0c-5186-8266-ea47dc879db3.mp4,annotated,VEO3,0.02559159406639981
e4583e10-237e-5a54-beed-834e86d7958a.mp4,annotated,VEO3,0.03452437014363079
989385a2-0304-553b-b7d1-ce28cd424ed4.mp4,annotated,VEO3,0.3561778902754886
2dd5ac14-0e5e-52cb-8c8f-ae4a81f86be6.mp4,annotated,VEO3,0.11800977160348482
1ce206f5-a24e-5cf3-94fb-8e2e3a754710.mp4,annotated,VEO3,0.00301683541323287
485037e7-b7c8-5293-8279-911175068cfe.mp4,annotated,VEO3,0.00856486931951966
6c5978c1-c23d-50ff-981e-7cb7d54b7a0b.mp4,annotated,VEO3,0.09231516364492583
6215a0c9-7618-531d-9482-292cf9b5ffd9.mp4,annotated,VEO3,0.02544443136331528
2ae18341-cbc8-5e51-bee0-fb8beb4f6408.mp4,annotated,VEO3,0.023752060277843184
2e9537c0-05a3-5e81-a5b0-811c8b97c6a0.mp4,annotated,VEO3,0.00865316694137038
ffc243dc-d078-54dc-89f8-6ec8298636bb.mp4,annotated,VEO3,0.004194137037909112
9160b239-9b50-518e-b9e8-b7cc632c9f0f.mp4,annotated,VEO3,0.14960560395573347
39bb1147-8876-5038-94a4-cdb5b8406962.mp4,annotated,VEO3,0.07152107369908171
55b24194-1b32-50ea-9982-af8ff2e11fc3.mp4,annotated,VEO3,0.1336531669413704
76108a70-3200-589a-9770-5e41431cc6ba.mp4,annotated,VEO3,0.08441252648928656
038f0651-ea10-5c32-9e60-fa29ff27a98a.mp4,annotated,VEO3,0.004297150930068284
4bfbf5c7-31a0-5baa-8a29-a5864c94444a.mp4,annotated,VEO3,0.023075111843654343
7570a014-178f-5921-8509-9f60e310b193.mp4,annotated,VEO3,0.020146574052272194
2d94aea2-531d-5e68-b589-17ad844c2376.mp4,annotated,VEO3,0.01717388744996468
0a103afe-ea91-53f1-8549-ce39cd6ad707.mp4,annotated,VEO3,0.21822757240404994
a5059a87-ebac-5e71-b47c-471c2de64f05.mp4,annotated,VEO3,0.018910407346362137
cfd24afb-0b5e-59f1-aad8-15b4169958af.mp4,annotated,VEO3,0.020749941134918768
25fff55e-9cfe-5cf9-9b36-4d8e04acb9b3.mp4,annotated,VEO3,0.00894749234753944
4e8e8c0d-0d81-54b9-a62a-6581476b7f87.mp4,annotated,VEO3,0.045738168118672005
fe1afd36-6b12-5e13-a6cc-87bb7e8151dd.mp4,annotated,VEO3,0.008579585589828114
49b162ed-7652-5f3d-8f80-dc0eb50e60e1.mp4,annotated,VEO3,0.040602189781021904
e26e3368-0b5a-5ff4-a9ff-8e2ec8862f04.mp4,annotated,VEO3,0.008476571697668942
50736bc4-57d9-5f4b-8465-7e55cecc177e.mp4,annotated,VEO3,0.07302213327054392
b3e2a107-6aa5-5e18-a469-1f4b1c461f1c.mp4,annotated,VEO3,0.014775135389686837
d20b9fa7-b2c0-5d46-82ef-4f00c59c2b65.mp4,annotated,VEO3,0.005474452554744526
0f327730-d7ab-5c1b-88ea-0f3bc89a8caf.mp4,annotated,VEO3,0.010610430892394631
64a6d8c5-40be-5ddc-91ec-f295a48b8b80.mp4,annotated,VEO3,0.020470331999058157
2abd8708-098b-55b4-9cf5-65a12db59013.mp4,annotated,VEO3,0.06673828584883447
8a56f1ee-9493-51a3-b1cb-34e0b9703422.mp4,annotated,VEO3,0.029932893807393456
f4508edc-2be9-54c9-9c7b-78631ef074a4.mp4,annotated,VEO3,0.056172003767365204
5c7817d0-baec-544a-97c9-31220339e245.mp4,annotated,VEO3,0.009771603484812808
b8ddc414-bc73-58b9-a227-ea8e1c8a948d.mp4,annotated,VEO3,0.008520720508594301
579329b4-2dc2-5c57-9ee9-100ca55a67f6.mp4,annotated,VEO3,0.13616964916411586
d4354d4a-882e-5a77-827d-2a2ecac89f75.mp4,annotated,VEO3,0.014627972686602307
5755d60e-9692-5c93-b287-f84284024b5a.mp4,annotated,VEO3,0.17028196373910995
446d9e8f-ae5e-5b3e-8f3e-7d0cb7859506.mp4,annotated,VEO3,0.05580409700965387
be6f49cf-1bbf-5661-9483-09f93d16673d.mp4,annotated,VEO3,0.008859194725688722
5b937430-bde7-577a-8aba-7f781c251192.mp4,annotated,VEO3,0.21048681422180363
07ed025c-89d2-5397-80ca-3710a25f4dbe.mp4,annotated,VEO3,0.03487756063103367
b0b092af-0c73-5c41-87fd-3c3404877dd0.mp4,annotated,VEO3,0.0037232163880386157
680f3356-2f4c-5b02-8b18-3b013e8b9122.mp4,annotated,VEO3,0.006018954556157288
11671691-bb36-5686-b2b0-8f4fbe4723e4.mp4,annotated,VEO3,0.005842359312455851
958e7951-b505-569b-a7f6-d7849b2e9dcb.mp4,annotated,VEO3,0.05152166234989405
08885891-c376-57e2-bf26-e465cf4c6687.mp4,annotated,VEO3,0.028343536614080525
d412a3cf-cc40-5031-95fe-c67063ef5137.mp4,annotated,VEO3,0.0049593830939486695
1313d243-5fdc-5aa1-8fd3-eb407547c5f4.mp4,annotated,VEO3,0.025135389686837768
90fb86d0-2e22-5838-907e-01d305ad5b18.mp4,annotated,VEO3,0.0071521073699081705
ac126b8e-10dd-58e1-890f-2164995da842.mp4,annotated,VEO3,0.010948905109489052
12b0a1b5-15f1-5ff4-b215-d42d4fdea039.mp4,annotated,VEO3,0.0020602778431834234
4091e18e-d785-51b3-9431-9d6624a0f4a5.mp4,annotated,VEO3,0.011802448787379327
b2ffb288-f04f-5fc2-bdf6-e319c7f9e4e4.mp4,annotated,VEO3,0.021279726866023075
057e8e50-5c1d-5c0a-910d-066bdaf5f378.mp4,annotated,VEO3,0.010860607487638334
bd7e1ebf-6c71-559b-bbaa-5c501e3036a9.mp4,annotated,VEO3,0.07592123852130916
0d229f74-3ef2-51fc-954f-4c31b34aff40.mp4,annotated,VEO3,0.05706969625618084
96ae36e6-1d4a-551d-b8cd-bb543e426b57.mp4,annotated,VEO3,0.003281728278785025
254d84a9-a129-5df4-8f68-3108426bc012.mp4,annotated,VEO3,0.14654461973157523
5005d594-0dfd-55c9-b0a7-1b042de1df9b.mp4,annotated,VEO3,0.17094419590299034
064c5c17-f52e-5276-85b3-2eb2fd000d0d.mp4,annotated,VEO3,0.04513480103602543
9eaa5845-cb35-56c9-be47-22770aa5c011.mp4,annotated,VEO3,0.00875618083352955
65b15d66-b1bd-5fe5-861a-ff587921360e.mp4,annotated,VEO3,0.0065045914763362375
49adcc49-96b2-5dd0-bf5c-f56d6794bb1e.mp4,annotated,VEO3,0.04485519190016482
ee1ef62c-8146-5a55-87f4-d54cf1025e36.mp4,annotated,VEO3,0.10764951730633388
04c270e9-3fee-547c-944c-3a01841126d1.mp4,annotated,VEO3,0.022044972922062634
44ac798f-76db-5bbd-bed6-8693f6774b30.mp4,annotated,VEO3,0.1119319519660937
5b4c1f72-c3cf-542a-a13a-f395cb77eadb.mp4,annotated,VEO3,0.06720920649870497
a0036040-905e-5adb-baa0-d3005f60c06f.mp4,annotated,VEO3,0.026548151636449257
dc57d40f-a303-5465-a182-8d8a8168bb44.mp4,annotated,VEO3,0.011066635271956674
20eaec5a-f511-598f-93ee-8d652aa717c2.mp4,annotated,VEO3,0.026886625853543678
feb29ba1-8740-5ad2-abec-aa8d9bc7a058.mp4,annotated,VEO3,0.005371438662585355
58013a00-cd0f-57eb-9059-22ebf0f8fa88.mp4,annotated,VEO3,0.007623028019778667
66d3490f-b069-5c64-b7f8-b51b32ca6be7.mp4,annotated,VEO3,0.009639157052036731
47b28840-e631-5f98-ac5e-fda90e9c16d6.mp4,annotated,VEO3,0.06068989875206028
991fb8d3-382b-5e67-bdab-34fba1021aa6.mp4,annotated,VEO3,0.03921886037202732
5e95a9c0-dc4c-58da-8df8-fa7d41b8693a.mp4,annotated,VEO3,0.006401577584177066
893d6731-f648-5e4a-b9f3-e168d95fa8fc.mp4,annotated,VEO3,0.07627442900871204
71c9389b-c85f-5711-9ea9-79c8fc53e058.mp4,annotated,VEO3,0.010684012243936896
4ab10afe-8bca-50f9-babe-4a1e71738469.mp4,annotated,VEO3,0.009065222510007064
87121d93-77bb-5d1b-9a60-decc0094c3dd.mp4,annotated,VEO3,0.022560042382858487
7eb6c5e7-306b-5972-a6b7-4448747d5753.mp4,annotated,VEO3,0.010330821756534025
73e5dfe6-052c-522c-b1fc-30bbbee9793d.mp4,annotated,VEO3,0.050682834942312224
86ccef41-28ed-5fe8-896b-639e7792dcf0.mp4,annotated,VEO3,0.05573051565811161
baf9ff64-0b15-5364-9611-ba6043fcfe92.mp4,annotated,VEO3,0.004738639039321874
bf9d419d-2b7e-5199-ac24-d695d2ba2331.mp4,annotated,VEO3,0.011169649164115846
6e67a5d3-675c-53e0-ad92-186d207a2892.mp4,annotated,VEO3,0.037335177772545323
24307146-4fb6-5563-b86d-ee3ba291e873.mp4,annotated,VEO3,0.005842359312455851
239405b2-d5bd-568b-ba02-375d9dffde65.mp4,annotated,VEO3,0.017968566046621143
7d4d4527-8ffa-581a-9b24-371109374f7d.mp4,annotated,VEO3,0.027504709206498706
f8298f40-5ca5-59eb-b58c-07495addd6a6.mp4,annotated,VEO3,0.0021780080056510477
5bcdc7fd-0d88-55ed-80df-0e83da78461c.mp4,annotated,VEO3,0.017733105721685898
b3b1e730-202f-59d8-a3ef-89f328bd736f.mp4,annotated,VEO3,0.11734753943960442
1cd2abae-1ba5-5ae8-af27-c86fc53d1704.mp4,annotated,VEO3,0.08542794914056981
2338aaf6-6009-5a54-8920-084d5f69c604.mp4,annotated,VEO3,0.07620084765716978
191550ac-f739-5b03-8fc8-e36b69b943ee.mp4,annotated,VEO3,0.025650459147633625
c3a117fc-0e77-5948-89e6-c6f837178790.mp4,annotated,VEO3,0.017630091829526726
f100d0c6-79da-5221-8721-1981983d5df5.mp4,annotated,VEO3,0.16349776312691314
6d387e92-de9c-5415-88c7-1bbb2bb81b09.mp4,annotated,VEO3,0.011949611490463856
b9238263-5bf2-5d51-a778-303c7b7b7327.mp4,annotated,VEO3,0.0035024723334118203
2f6e8ca1-84ff-5020-88cb-e115b80cc661.mp4,annotated,VEO3,0.08442724275959501
ff3890e2-375d-5496-b41c-dadf1c115826.mp4,annotated,VEO3,0.10828231692959736
3eb480a5-26c1-557d-8c43-5bacd87ab96c.mp4,annotated,VEO3,0.023236990817047328
208ccd09-fe86-5dce-9c3b-324d54628aa7.mp4,annotated,VEO3,0.01177301624676242
3d1af3d0-c854-5d23-ba67-1f0c5dc3aeba.mp4,annotated,VEO3,0.19017836119613846
907d3bc5-f4b1-50ee-9c46-e21c4858e0ef.mp4,annotated,VEO3,0.05704026371556392
445b4882-ac71-5508-a011-06d0b8ffd8dd.mp4,annotated,VEO3,0.07493524841064281
4c07000c-10cd-554a-964b-11da7d8ee0ed.mp4,annotated,VEO3,0.007417000235460325
fa4e24dc-3361-5927-bf9b-7e0b7012845a.mp4,annotated,VEO3,0.07564162938544855
09da7540-49f2-564f-aedc-e4bd7a2b6a14.mp4,annotated,VEO3,0.009065222510007064
9f5a0c01-d770-560b-8d4d-2f5f23bd8fef.mp4,annotated,VEO3,0.03861549328938074
b86a2895-12b2-50ef-8b86-5df67f86e259.mp4,annotated,VEO3,0.01886625853543678
b956a084-d9a7-5a0c-a724-6234b1e306c1.mp4,annotated,VEO3,0.01069872851424535
849abf38-a1e6-5ba3-ac62-25fc937cc4ad.mp4,annotated,VEO3,0.21248822698375322
0af547e0-0ebc-56c3-8141-b7ab180d1cf9.mp4,annotated,VEO3,0.03636390393218743
84237ec0-ec5b-5a26-90dd-7fc50fd4eb38.mp4,annotated,VEO3,0.19297445255474452
05feb8ba-bd35-5846-b0b0-d07d54dffdf6.mp4,annotated,VEO3,0.006489875206027784
c84d5864-4ba8-5945-b45f-4bbfb638ed85.mp4,annotated,VEO3,0.007711325641629386
d6a76a02-e351-5cc4-ab74-61a024c10e12.mp4,annotated,VEO3,0.00890334353661408
b90f78f7-b300-5633-9d6c-17b1477dfefa.mp4,annotated,VEO3,0.003487756063103367
d6775032-1f01-5bba-b112-f098a7a6bc36.mp4,annotated,VEO3,0.012597127384035789
78fb3604-e34b-5fed-8040-d2c35560fd09.mp4,annotated,VEO3,0.01308276430421474
dd5a8096-1204-5431-b8a2-5d399824b034.mp4,annotated,VEO3,0.013774429008712032
0c5646f9-f731-5330-9018-d2f9e6101f9a.mp4,annotated,VEO3,0.026003649635036496
27abf194-2082-51bd-90e4-8cd19ebb0607.mp4,annotated,VEO3,0.07960030609842242
c049422f-06e9-53a4-ae16-2fd508b4d9a9.mp4,annotated,VEO3,0.09995290793501295
ff42aaf5-993b-5422-8341-fc7c8cb1516a.mp4,annotated,VEO3,0.056966682364021665
28c3f0f4-d16c-5772-a591-6647a79aae85.mp4,annotated,VEO3,0.012214504356016011
86344334-97ae-5493-afc4-65be75e10b08.mp4,annotated,VEO3,0.007667176830704026
5a9f4ade-9114-5fad-b031-9ccb8223afca.mp4,annotated,VEO3,0.04301565811160819
9a86f43a-c6fb-599e-8837-5bf6854dfc89.mp4,annotated,VEO3,0.0077996232634801035
7364b36b-0218-5351-b148-6f97641f5f27.mp4,annotated,VEO3,0.03225806451612903
0824813a-5d4e-5cd3-9f88-bf7ac0fec256.mp4,annotated,VEO3,0.204423710854721
dc7aa6ed-5312-599a-95e3-9fd401e635ea.mp4,annotated,VEO3,0.014583823875676947
e6e1cf9b-46f4-529e-a054-8b5c86f18279.mp4,annotated,VEO3,0.032169766894278314
18fd3870-6c77-5b35-b27b-8eb60c4ef372.mp4,annotated,VEO3,0.00768189310101248
a16203fc-d04e-5cd5-9e4d-9baf6c0cce6a.mp4,annotated,VEO3,0.22228926300918295
731e8ece-9e9d-5b4c-a127-58e535328fc2.mp4,annotated,VEO3,0.016850129503178712
76af3190-1032-51ba-92ff-df9fc35757d9.mp4,annotated,VEO3,0.036952554744525544
cff9d615-163f-52c3-a46b-d9c7364f3bc4.mp4,annotated,VEO3,0.003943960442665411
4ef1a00e-f8ac-5fdd-8e02-eb343f36fa8b.mp4,annotated,VEO3,0.01871909583235225
0c305bc2-4c1f-5608-b465-e088844b6367.mp4,annotated,VEO3,0.3210207205085943
2670719d-42ae-5b0d-a09f-1387ec85a01f.mp4,annotated,VEO3,0.09937897339298328
ebf11089-4ba9-55d6-878a-9db7e4656509.mp4,annotated,VEO3,0.197212738403579
ccfe1edf-853d-5521-81fc-4fa171e220c5.mp4,annotated,VEO3,0.007858488344713916
e6066312-2210-5152-afe2-03115249af70.mp4,annotated,VEO3,0.006990228396515187
37f9715a-87f9-50d0-85ca-d3d1f03451ba.mp4,annotated,VEO3,0.023869790440310807
24d377da-1ca5-5f48-8edc-d16c24b8a059.mp4,annotated,VEO3,0.02232458205792324
44ad6e33-2b9c-5d52-9f24-4810384abf89.mp4,annotated,VEO3,0.006990228396515186
4aeba744-3e93-55e0-9726-81f671448960.mp4,annotated,VEO3,0.05110960678125736
07f08da9-ab21-5f04-bc97-afedfa95d7e8.mp4,annotated,VEO3,0.07381681186720038
f0ff0482-4476-58ef-9b1a-f42d44db12d7.mp4,annotated,VEO3,0.4069343065693431
d2d5aff6-19b1-592e-81ef-c653e0da2859.mp4,annotated,VEO3,0.021971391570520367
2d4ea9cd-a7d8-530f-bc44-9483f4177b4d.mp4,annotated,VEO3,0.014215917117965623
1e862667-5ad2-5155-8126-ef98e88870af.mp4,annotated,VEO3,0.06183776783611961
92ab7508-e022-50fe-8d3f-621e4bd0d3e5.mp4,annotated,VEO3,0.07942371085472097
4bfc2adf-67d4-50bd-8c9d-9e6868769cd4.mp4,annotated,VEO3,0.00846185542736049
7d0a887f-4519-520a-b903-e0a1b5cbc7e4.mp4,annotated,VEO3,0.02223628443607252
a897b8e1-3bb0-587b-b44e-a6672fbd1b48.mp4,annotated,VEO3,0.042736048975747586
210c9e20-d1c8-5bf3-8e00-ff4152016b16.mp4,annotated,VEO3,0.009227101483400047
4b3fba49-c069-5cf9-bf85-7f303dbb912e.mp4,annotated,VEO3,0.004414881092535908
a1ba1019-b3fe-5806-b501-b05b0b3e7c33.mp4,annotated,VEO3,0.01158170473275253
26974515-dce1-57d7-a5ac-07d4a67d279b.mp4,annotated,VEO3,0.03336178478926301
f760ad5f-7a1b-5de5-8a21-044d43a53c2c.mp4,annotated,VEO3,0.020043560160113022
1887056e-d07b-581e-9474-5bbfa3fe3a0a.mp4,annotated,VEO3,0.04779844596185543
b68d2ce1-61c3-5020-a833-ea0ac0668e68.mp4,annotated,VEO3,0.23475394396044266
b42b2b05-0947-5746-b29e-da3efbe783bf.mp4,annotated,VEO3,0.28611372733694374
cc11cc32-250e-560e-aa01-1fa5073c68a9.mp4,annotated,VEO3,0.016202613609606783
36f0ceb2-e27b-50ae-8d4d-827a1d8cff33.mp4,annotated,VEO3,0.18657287497056746
2f64a2d6-6771-5563-b3d8-a204dac9be6c.mp4,annotated,VEO3,0.005297857311043089
2b3ec858-fc48-529c-8783-fdce7e760eb5.mp4,annotated,VEO3,0.027269248881563457
50cceba7-56e8-5162-ba62-cfa5afd3ef89.mp4,annotated,VEO3,0.05155109489051095
b814c741-1b90-56b2-adf0-b515257a0b85.mp4,annotated,VEO3,0.036099011066635274
7bf68760-6934-5622-93f7-20f9592c3c00.mp4,annotated,VEO3,0.0024576171415116553
fc6bace2-912e-54b4-814d-584b6c5836a2.mp4,annotated,VEO3,0.002251589357193313
231aa475-5915-5565-9732-229a2e3f55af.mp4,annotated,VEO3,0.017276901342123854
f33e4df5-12d5-596b-86c2-bc5fc6470f42.mp4,annotated,VEO3,0.01765952437014363
f2eb08cd-0d18-52ae-8600-e6dfd357d4e4.mp4,annotated,VEO3,0.013141629385448552
f19bbd7e-9a8c-5779-a1a2-08699d5aa249.mp4,annotated,VEO3,0.076598186955498
405daae0-87ee-52f8-a0bb-0dde8af61425.mp4,annotated,VEO3,0.005754061690605133
eafcc5db-c0f2-57ce-8885-134d774e65a0.mp4,annotated,VEO3,0.20439427831410406
d88ceb0d-8e1d-50fa-9907-0fe322af26ae.mp4,annotated,VEO3,0.12608900400282552
dd843bb6-892f-506e-b1cb-2cbf6b2569de.mp4,annotated,VEO3,0.01770367318106899
752c39af-bc04-5257-912f-493417c471b5.mp4,annotated,VEO3,0.018954556157287496
3d57c2cc-b4d1-5441-982e-0c9b6199d17e.mp4,annotated,VEO3,0.06079291264421945
644b70d2-1799-59ef-9412-c3f673d1d68e.mp4,annotated,VEO3,0.027843183423593126
0fc44cae-8bab-57a3-8b79-909bfca3ecb9.mp4,annotated,VEO3,0.004046974334824582
6869a784-0bf3-53e7-86ab-d21045165db2.mp4,annotated,VEO3,0.4737756063103367
21941e6c-2aa4-5634-8a9a-b13836dcffaf.mp4,annotated,VEO3,0.005386154932893808
fc8b4d70-b7ba-5f36-a497-253cc277eadc.mp4,annotated,VEO3,0.05905639274782199
8973ea39-d69b-528b-9ed5-65ccbb8877b1.mp4,annotated,VEO3,0.04616493995761714
f0ff61f0-401b-5e15-954d-4064672a7425.mp4,annotated,VEO3,0.02350188368259948
db1e9aa9-d361-59f1-80ed-3f2efbae0b69.mp4,annotated,VEO3,0.014510242524134683
d4ac9634-17f3-5990-95d3-fc6dc7f230cc.mp4,annotated,VEO3,0.2584324228867436
a1b2c619-c55e-55da-971f-57b981e74ce4.mp4,annotated,VEO3,0.018410054155874735
4283e250-ca0a-5541-8fe3-f838205f37c4.mp4,annotated,VEO3,0.11730339062867906
b0407a7f-81bb-56ab-ad37-0f9da2249622.mp4,annotated,VEO3,0.13100423828584884
ef6fe6a9-d0c7-5033-9635-cb3c0f1ffc9b.mp4,annotated,VEO3,0.33841535201318573
85e58840-83b2-5422-bfe7-c3c9efbbb0be.mp4,annotated,VEO3,0.034730397927949144
457c920e-afa0-5f45-bd50-399594d29ebe.mp4,annotated,VEO3,0.05717271014834
67838b38-196f-59e5-8804-6313b4c81ded.mp4,annotated,VEO3,0.025518012714857548
37521597-2ead-5546-b18c-ef3bdbe72bea.mp4,annotated,VEO3,0.034789263009182954
e5b5cda4-00d6-5fbb-9131-01f30285f7d4.mp4,annotated,VEO3,0.020646927242759593
dc756947-dfde-53fa-bf04-cb8ad63a2bd3.mp4,annotated,VEO3,0.018748528372969156
acebeceb-aec2-589f-9ef6-67eb473eb95e.mp4,annotated,VEO3,0.022545326112550036
4cbc4bc9-a2f6-5d9d-8f78-73a8a17fd380.mp4,annotated,VEO3,0.007667176830704026
e97c4f28-e952-597b-8383-a551f630f4d8.mp4,annotated,VEO3,0.026106663527195668
f3fb4832-870d-556b-b074-849207f1ade1.mp4,annotated,VEO3,0.0074022839651518724
2896dc69-f2e6-56d0-aac2-347f1df3a04d.mp4,annotated,VEO3,0.012611843654344243
e05fd473-dcb7-5cf2-ac80-bd6a85b55e68.mp4,annotated,VEO3,0.07240404991758889
53571747-6a36-546e-84c4-4ba67a4ca339.mp4,annotated,VEO3,0.4763215210736991
9fa6a9ed-c940-5882-95a3-68f3c6ad1ac9.mp4,annotated,VEO3,0.026960207205085945
0392039f-deb3-5dc4-bac8-69e68c78ca9c.mp4,annotated,VEO3,0.08973981634094655
1a7b141c-196e-50e6-830d-d67434d311a7.mp4,annotated,VEO3,0.004297150930068284
335e687c-ddf5-55f9-8e91-1cf80322aeac.mp4,annotated,VEO3,0.19403402401695313
0709f838-c35d-5ade-bd8f-9dace06dda41.mp4,annotated,VEO3,0.11219684483164587
21f3c409-2099-522f-a1b4-d2550d1c3c7e.mp4,annotated,VEO3,0.1140363786202025
42a6716c-dec4-595d-a3ad-b21a5c740d18.mp4,annotated,VEO3,0.02179479632681893
e99908ea-c061-5dad-85f4-370877cb7371.mp4,annotated,VEO3,0.0014569107605368497
8ac54588-c9be-5e43-9514-b7e09c2e3cf3.mp4,annotated,VEO3,0.03368554273604898
9474801b-19fa-5b06-b0d7-ac5f86f3498a.mp4,annotated,VEO3,0.0406021897810219
d11cadb7-e210-5ce5-936b-92c3e49cfe4b.mp4,annotated,VEO3,0.15041499882269838
a77f44b1-320f-5f74-998a-43aed0ab3039.mp4,annotated,VEO3,0.2867318106898987
dc8b9e5b-cc61-55ee-8a48-b8d1dc1c8431.mp4,annotated,VEO3,0.017394631504591477
6ede0686-eeb6-59f0-86c6-0083dbcc599c.mp4,annotated,VEO3,0.19403402401695313
91960b12-3faf-5daf-8c08-1a3e25b8a90e.mp4,annotated,VEO3,0.00384094655050624
8a5aab98-09e3-5ce6-a221-183965c6acf2.mp4,annotated,VEO3,0.14953202260419118
8432c778-4abc-5371-8bf5-27fdda8c7567.mp4,annotated,VEO3,0.1198051565811161
9e7935fe-a786-5049-8715-2b7da80bdace.mp4,annotated,VEO3,0.0216476336237344
3267d3cf-bd21-54cc-8975-5c6dd4c5aad8.mp4,annotated,VEO3,0.014686837767836119
f476b783-d74c-5144-99b2-bc3fee862da7.mp4,annotated,VEO3,0.34578820343772076
d33effb9-80c0-516b-8788-f3c15d7854fc.mp4,annotated,VEO3,0.029491405698139864
4939f019-3235-5188-883a-b5e33c0c8802.mp4,annotated,VEO3,0.06585530963032729
85998309-6498-543e-8452-71beb734ff3b.mp4,annotated,VEO3,0.012773722627737226
88e2ac6a-4e59-56e3-b36c-0860943487f2.mp4,annotated,VEO3,0.054406051330350834
8c4b315f-c982-5a24-a87d-440ca3b20ec9.mp4,annotated,VEO3,0.07484695078879208
d166a011-c0b2-5d84-ac72-56a67ede6fa0.mp4,annotated,VEO3,0.010728161054862255
f01c274a-050d-576b-8c9d-5a98a65d2d02.mp4,annotated,VEO3,0.11733282316929597
51c984b7-6770-598a-9d6e-a6ffcc11a85c.mp4,annotated,VEO3,0.007372851424534966
ca6a4d6a-d0b8-5dc5-b2ee-65eb0d1e94ec.mp4,annotated,VEO3,0.035686955497998586
7055967c-4f93-5424-a292-353e943b6b35.mp4,annotated,VEO3,0.01462797268660231
f410d488-cdbd-56e6-aa51-8fba37f6b56b.mp4,annotated,VEO3,0.03256710619260655
0a9ccb80-0568-5040-acd3-0daa27fd212d.mp4,annotated,VEO3,0.05010890040028255
b1aca858-ec62-5956-9917-045a9e2ba1fd.mp4,annotated,VEO3,0.14318931010124794
3f24f16d-b7f3-5da7-9ba5-a02b7304e599.mp4,annotated,VEO3,0.023060395573345892
ed07cb94-87f0-53ac-af92-6b625deaea72.mp4,annotated,VEO3,0.136434542029668
c2b36710-3596-5805-a059-2d7047a2b57c.mp4,annotated,VEO3,0.12190958323522487
e16b39f0-979d-5950-a8db-696a26133bc3.mp4,annotated,VEO3,0.036481634094655054
fbc23ca0-c1d7-580e-9c56-2e9859946e23.mp4,annotated,VEO3,0.14984106428066873
6bd2a6bd-d74a-593e-a84e-82658bc96ca8.mp4,annotated,VEO3,0.007755474452554745
a33319a2-d4a4-5cf0-8d9a-71627132dba9.mp4,annotated,VEO3,0.018483635507417
52643749-66e1-5c70-bb21-feef7f5ddee2.mp4,annotated,VEO3,0.03748234047562986
43f9afd9-a2eb-567a-8202-c6b85f6f971f.mp4,annotated,VEO3,0.01498116317400518
7e46013a-2d87-5d09-adeb-81102d846211.mp4,annotated,VEO3,0.003929244172356958
ff6b7851-6e93-522e-8079-421efd339b8e.mp4,annotated,VEO3,0.01652637155639275
86e17aa2-40d1-548b-bb1a-5ae1c2092454.mp4,annotated,VEO3,0.05902696020720508
49777ee1-f029-51cf-b281-4c74f9481e74.mp4,annotated,VEO3,0.008020367318106899
4236f0df-05c7-505d-aa65-35b93b8e4b31.mp4,annotated,VEO3,0.013789145279020485
244b52db-ae20-5e3d-8d84-45bf460377ad.mp4,annotated,VEO3,0.033994584412526486
be47f1b2-b519-5394-9cc7-65b0607d7f20.mp4,annotated,VEO3,0.04364845773487167
250763d7-b30d-566d-84f4-50ada98f63a3.mp4,annotated,VEO3,0.047489404285377915
7ef3eb3f-e598-5ad3-9c8c-3db0d11a9387.mp4,annotated,VEO3,0.008182246291499882
7aeb18dd-a0fc-512a-9110-35e9feacf4d5.mp4,annotated,VEO3,0.030286084294796328
95f58430-6d7e-542a-93be-63179387748d.mp4,annotated,VEO3,0.013612550035319049
c3dfc1af-42ad-5896-869b-c8129b6327e5.mp4,annotated,VEO3,0.008314692724275959
b8dc5804-32b5-5f5f-a80d-01499aa20cf6.mp4,annotated,VEO3,0.618568989875206
c9cc2d49-606f-559a-8c23-36b4ba829f96.mp4,annotated,VEO3,0.1308570755827643
81e8a4c8-bae8-5fde-8466-bd2d223a76f5.mp4,annotated,VEO3,0.38306451612903225
fff4b048-c30b-5947-8530-2ce52c41863f.mp4,annotated,VEO3,0.14828113962797268
162f5e1c-23c6-5fdd-8a57-7b07ec031a02.mp4,annotated,VEO3,0.002163291735342595
7144c559-686c-57a4-a2b3-1f108f99a1ce.mp4,annotated,VEO3,0.05258123381210266
6dbe2ab3-ca54-508e-864f-136c7ccdf1de.mp4,annotated,VEO3,0.009830468566046621
09e56f63-f5bf-5fcb-bad5-7ee9c90d3b10.mp4,annotated,VEO3,0.09199140569813986
6e141b1b-eb2b-583b-9979-a261ae6a3ef9.mp4,annotated,VEO3,0.023413586060748764
4c5835f5-f7de-5eb5-82c5-5d3cc8580d09.mp4,annotated,VEO3,0.21949317165057686
32c34f36-65d5-5296-bb2e-b2a2029c9431.mp4,annotated,VEO3,0.011081351542265128
0b054760-84c6-5df3-8bd2-7d2f7239ea8c.mp4,annotated,VEO3,0.13375618083352955
b5a9e82d-857b-566f-9651-0d646491fd7b.mp4,annotated,VEO3,0.024016953143395338
c97258d1-d5ed-58a1-a149-9e26da9eae06.mp4,annotated,VEO3,0.006327996232634801
ba3e5174-c246-5e09-8b82-29cb01c9c6d9.mp4,annotated,VEO3,0.07472922062632448
d128ec5a-48c1-533b-a51c-8167f95bdff9.mp4,annotated,VEO3,0.01886625853543678
ee1cfb84-88a2-593a-9353-c6477d0e6813.mp4,annotated,VEO3,0.030698139863433012
c5f4043b-cc51-503d-8db5-0e3a50f7d6ff.mp4,annotated,VEO3,0.004414881092535908
e4dfe081-ce50-51b5-8ed0-73a735a22149.mp4,annotated,VEO3,0.007961502236873088
80fdf2c2-5116-5e6c-999b-256fea6f1990.mp4,annotated,VEO3,0.02529726866023075
f17a8243-6dd3-5b66-9b8f-fca7d2f4df62.mp4,annotated,VEO3,0.015098893336472805
7c3fce54-983a-557d-94e9-777712fc8d38.mp4,annotated,VEO3,0.018395337885566285
3bc5a2fc-a02e-5b98-be63-71e6528db5bc.mp4,annotated,VEO3,0.010934188839180597
17a96458-8ebe-52f1-9dbf-f35b826e2fba.mp4,annotated,VEO3,0.004414881092535908
3c4d0c22-b71d-5c69-8ca3-b74294c34b54.mp4,annotated,VEO3,0.3584589121732988
ac8f122c-f155-57f8-8510-7bd27cdc8e7f.mp4,annotated,VEO3,0.047783729691546976
85bcc65d-966a-5f37-803b-82ac0759b65b.mp4,annotated,VEO3,0.0518159877560631
59214058-bf8c-5e12-b418-1224c711513e.mp4,annotated,VEO3,0.005533317635978338
1fae7321-ff43-50ec-901d-8ef058fb9a1f.mp4,annotated,VEO3,0.06172003767365199
358aa30f-48c7-5f18-8f33-23610df9fc3f.mp4,annotated,VEO3,0.003473039792794914
7aae4511-78e8-5071-84f3-9d3f02bc8a74.mp4,annotated,VEO3,0.0719919943489522
2bc23ae4-7a7a-5421-a8a4-58c1f9116421.mp4,annotated,VEO3,0.44281257358135157
ec616364-8ccf-5b37-a842-700dd04cc284.mp4,annotated,VEO3,0.4801036025429715
656a47f9-6e96-5639-93ae-4f50542d7ee4.mp4,annotated,VEO3,0.0612785495643984
f778ec9c-8011-5be0-ade3-6e2fc4bef339.mp4,annotated,VEO3,0.008564869319519662
fb9e47b8-3b1b-524a-a446-addd252fcf34.mp4,annotated,VEO3,0.008005651047798445
fdbc6a3a-d4d8-5aac-a5d0-eeadf6563cbc.mp4,annotated,VEO3,0.32297798445961856
99989574-0b2a-580b-ac78-90bc67a930df.mp4,annotated,VEO3,0.06559041676477513
1bfc9106-be49-5b07-bc7e-4f84c66183fa.mp4,annotated,VEO3,0.028181657640687544
5da5295e-e824-5b9b-85af-8ac85b3ebc76.mp4,annotated,VEO3,0.1405698139863433
c8f5fb15-59a3-5c8a-8cab-7385d9c69fd4.mp4,annotated,VEO3,0.009668589592653638
a2546d60-2aaf-55c7-9ae5-f59f4f087413.mp4,annotated,VEO3,0.034656816576406874
7ecca0ff-2d4b-561f-a0f8-f58235c5daf0.mp4,annotated,VEO3,0.0014569107605368495
f82b3fe9-1df4-5dcd-bcc0-d1529e632d6c.mp4,annotated,VEO3,0.06251471627030845
40ed0071-93e3-5fda-9095-326ce0b4dfc7.mp4,annotated,VEO3,0.3102189781021898
beaacfaf-2910-5c45-9721-3148cd88143a.mp4,annotated,VEO3,0.01842477042618319
ec8b6a9a-564c-5cbb-9983-db49a15626e5.mp4,annotated,VEO3,0.07324287732517071
086d463a-3abf-505f-99ae-cf2596aba806.mp4,annotated,VEO3,0.013892159171179657
9d6e3be9-deb0-549f-b406-860226691154.mp4,annotated,VEO3,0.14904638568401224
567fbb97-4ee5-5f45-bb67-a92e4282c7bb.mp4,annotated,VEO3,0.02647457028490699
7a7daf10-af66-5d6d-8142-b83ce8360e4c.mp4,annotated,VEO3,0.042441723569578524
ddf7993c-cd71-5161-8e6a-30436884bc8e.mp4,annotated,VEO3,0.003929244172356958
59b72843-9723-50b9-87f8-06595aae7957.mp4,annotated,VEO3,0.006386861313868613
901e3cb8-9a3d-5679-a2ee-0898fde0e705.mp4,annotated,VEO3,0.003590769955262538
9ae6d061-3de5-5195-939f-7fd1e98b4d87.mp4,annotated,VEO3,0.004341299740993643
cfa86c21-ca24-5836-8954-002b38d0c43a.mp4,annotated,VEO3,0.10945961855427361
dbbeae71-3633-5915-a845-dbcae8c8fe19.mp4,annotated,VEO3,0.00462090887685425
170f2aa7-9ad2-5939-ad1d-5ecf8de55817.mp4,annotated,VEO3,0.02095596891923711
b5fd9f94-7471-5894-952a-f3aa87080cc5.mp4,annotated,VEO3,0.22636566988462442
fcd3b99e-9724-51bc-99fa-b29092329509.mp4,annotated,VEO3,0.1973010360254297
4a710454-220c-5623-8878-5c3ceb4e9459.mp4,annotated,VEO3,0.017247468801506946
4704dade-8725-5bd2-9c81-0f073d5bd539.mp4,annotated,VEO3,0.0218683776783612
dd3a8300-8545-5cc6-9c80-216b30234dc8.mp4,annotated,VEO3,0.0037673651989639746
ec183e10-ca18-5399-974f-25ed46a94cd8.mp4,annotated,VEO3,0.0017806687073228162
989027f4-e079-591a-9626-3bc7a51b8958.mp4,annotated,VEO3,0.0023546032493524842
c9bca719-69c6-50e3-91a8-9f130f6251d1.mp4,annotated,VEO3,0.07503826230280199
ccfa3bb2-75d4-5164-b1a2-7317c491a9bf.mp4,annotated,VEO3,0.5362461737697198
6f21e358-d8c0-5019-86b5-ea9a063109b0.mp4,annotated,VEO3,0.035304332469978814
f7f00b31-984d-5846-9e91-812db87aa24c.mp4,annotated,VEO3,0.09762773722627738
17efc270-fa87-5549-bbef-422eadf12dab.mp4,annotated,VEO3,0.028902754885801744
d2d20913-4ac0-5aa3-ba67-833d01709d41.mp4,annotated,VEO3,0.05809983517777255
6b68fa13-2a50-5fc9-bf38-a0da8b52f817.mp4,annotated,VEO3,0.17869967035554507
9dbe6831-8d34-5b1c-8674-3abe07b1ba92.mp4,annotated,VEO3,0.04575288438898046
3eb3f616-db44-59c3-a9b5-585a52737d39.mp4,annotated,VEO3,0.018660230751118435
4544bf4b-5773-5944-8549-6272cf1784c1.mp4,annotated,VEO3,0.025311984930539204
4c1ea58b-bd7c-524d-9bd6-a8be0a085843.mp4,annotated,VEO3,0.0007946785966564634
d1a993f9-80ed-5826-84c8-5e08d2614e59.mp4,annotated,VEO3,0.05268424770426183
0a0d6ce7-9fbd-59db-9423-7b1fc00757c4.mp4,annotated,VEO3,0.09121144337179185
d3b3145d-d46d-5a32-821d-25ccb93f04b1.mp4,annotated,VEO3,0.07755474452554745
24aeb937-9a59-54ef-8d2d-5134646daad8.mp4,annotated,VEO3,0.012685425005886507
7eda6ff7-a073-5c92-830b-9fba292a80d6.mp4,annotated,VEO3,0.10445608664939957
a612000f-9db8-50eb-b2d5-4e68b12aa3f6.mp4,annotated,VEO3,0.06489875206027784
d2061189-10cd-5eb1-9e2d-ee1e31883e55.mp4,annotated,VEO3,0.0008241111372733695
b44954ca-a9d0-504d-b13a-bf3a10a70796.mp4,annotated,VEO3,0.05879149988226984
bf9daf9f-bafb-5a8c-8492-6e206a70a059.mp4,annotated,VEO3,0.05784965858252884
8ef08b82-e9ca-5ee0-90d9-48fd2a549612.mp4,annotated,VEO3,0.23259065222510006
bace4934-8d55-5b7d-9ff9-51f2583572cd.mp4,annotated,VEO3,0.009035789969390157
540ebbea-ae6d-5224-aaac-5360cfb79878.mp4,annotated,VEO3,0.15981869554979986
4c020cab-91ce-58f7-ae94-204581287680.mp4,annotated,VEO3,0.014377796091358606
fbbaeba0-7f9f-5329-866d-f0cd39d91fe0.mp4,annotated,VEO3,0.014686837767836119
54e60a7f-6a35-575b-a6cf-aa9f50e92ab7.mp4,annotated,VEO3,0.003281728278785025
cf270be1-25f8-541b-b0f0-847840b80b67.mp4,annotated,VEO3,0.4640481516364492
ef0bed58-1823-5a67-b738-677f2360c299.mp4,annotated,VEO3,0.03311160819401931
05de2bf7-50b7-5b65-90f9-e2cd3a6c592a.mp4,annotated,VEO3,0.03318518954556157
aa22fa54-4a81-5fd0-8d9d-3422f19e91b8.mp4,annotated,VEO3,0.00934483164586767
a0d7de15-06fa-5dbb-8095-22030d30170d.mp4,annotated,VEO3,0.019087002590063573
2e32e3a6-1dba-5465-931b-1f86a4d6b54e.mp4,annotated,VEO3,0.28265540381445725
b709787f-6757-5e55-b9ac-611c162f4653.mp4,annotated,VEO3,0.3096891923710855
7d14f188-7f5e-5fee-a00a-e80a1941f346.mp4,annotated,VEO3,0.01308276430421474
4dc4e7c8-f6a2-567d-929f-9f40a138cac3.mp4,annotated,VEO3,0.01842477042618319
0c2858fe-2501-5ade-8c8a-894fcc5b2da4.mp4,annotated,VEO3,0.004944666823640216
c9001644-a6fa-5ea3-9076-12d92f7d3d4b.mp4,annotated,VEO3,0.018174593830939487
ba518ffd-8b7f-5c76-af30-b92ab4fc1e2b.mp4,annotated,VEO3,0.10264598540145986
2e3dd479-5547-52f3-89c5-1cc7548a2667.mp4,annotated,VEO3,0.012950317871438664
7ad36116-9a1e-54ed-b2fc-f70e317d0556.mp4,annotated,VEO3,0.1781551683541323
54d436dc-9802-5f50-ab3c-d11dda574bb9.mp4,annotated,VEO3,0.010330821756534025
546f147c-a5cb-587d-9ebd-6b493b0f9273.mp4,annotated,VEO3,0.09424299505533318
7c2bdffd-9317-5399-8725-0cd739d2a561.mp4,annotated,VEO3,0.08425064751589358
1eed4aa1-e112-5f0e-ad7f-c45563f521d8.mp4,annotated,VEO3,0.0554214739816341
17c3993c-2f21-54eb-a1ce-91936ce08d38.mp4,annotated,VEO3,0.0615287261596421
4a7dc4d3-f87c-5944-b048-009743e3251c.mp4,annotated,VEO3,0.00865316694137038
4550f6ca-2058-5c8d-8a2c-84fc1d6ccf9e.mp4,annotated,VEO3,0.06606133741464564
5640c4d9-4273-541e-bfae-5c533bac9a03.mp4,annotated,VEO3,0.009933482458205793
e237197d-f25a-5d4a-a654-7f95f219d6de.mp4,annotated,VEO3,0.02540028255238992
660dc7a3-6360-5977-9d5d-1d80de5cef03.mp4,annotated,VEO3,0.07386096067812574
5e0fe542-4591-544e-8a04-44753120c761.mp4,annotated,VEO3,0.08473628443607252
278dbb47-3ce5-5214-b95e-2d2425611129.mp4,annotated,VEO3,0.04971156110195432
27543631-bfb5-5c18-b9d8-90eed80d5319.mp4,annotated,VEO3,0.07818754414881092
e87a0b1f-454d-5aa7-a6ce-cbaa9bd1e30a.mp4,annotated,VEO3,0.018836825994819874
0619fb93-a7c7-5e8c-9473-a25795614218.mp4,annotated,VEO3,0.023075111843654347
70c08067-50b4-5a05-ab40-039fb8e066ed.mp4,annotated,VEO3,0.08308806216152578
92e3af71-5966-505c-94a5-a5d347c14431.mp4,annotated,VEO3,0.1254709206498705
b316ee3c-480f-5d8c-bfbe-74a34e4aa795.mp4,annotated,VEO3,0.08229338356486932
cde50201-0c50-5f37-b399-1a0d5e5a2366.mp4,annotated,VEO3,0.2770043560160113
5dcef81d-414e-5fb8-b463-1694ece8c666.mp4,annotated,VEO3,0.010875323757946784
ed5f6840-87ef-5cfa-9cf7-d94c522fa63c.mp4,annotated,VEO3,0.1909141747115611
208f1fba-8b9f-5497-9213-04049611664f.mp4,annotated,VEO3,0.02581233812102661
f3d42b62-bd5a-5724-9448-0c884bc1dee8.mp4,annotated,VEO3,0.2770043560160113
a1cd01de-6551-5c1f-971b-df8e5a21881e.mp4,annotated,VEO3,0.19734518483635505
5dfb0bba-457e-5ee0-a0c2-50690ddaf338.mp4,annotated,VEO3,0.001677654815163645
4b0443a0-f4f6-5139-b7f5-8bc11659abaf.mp4,annotated,VEO3,0.366229102896162
c3431100-2bc6-5637-bacc-7f52c60d13bd.mp4,annotated,VEO3,0.05166882505297857
4da29a9b-d482-5148-95ab-b596b654d424.mp4,annotated,VEO3,0.10717859665646338
bd4a6c83-9b5c-5b9c-80fb-8207dc2313c7.mp4,annotated,VEO3,0.0013833294089945843
52797fb0-9d9d-5f29-9fc1-529eb68cfbb2.mp4,annotated,VEO3,0.0054597362844360725
4f23f72b-ec6a-5893-ad15-86b02c46d122.mp4,annotated,VEO3,0.03299387803155168
3c863a77-e3c9-55ae-8614-f6af7237253b.mp4,annotated,VEO3,0.004885801742406404
8694ffa4-6616-56e2-a187-c4d66a630771.mp4,annotated,VEO3,0.10062985636920178
a48afe64-405a-504e-86fc-b2f5552ccdf7.mp4,annotated,VEO3,0.47576230280197784
2b0e1305-25c6-5034-bf48-c1781cb5cc7b.mp4,annotated,VEO3,0.009727454673887451
c2b33539-07bb-5e16-8866-16d34b0bb2bc.mp4,annotated,VEO3,0.19326877796091357
c0fd6491-3ee1-5f3d-bd36-c18a43e7018e.mp4,annotated,VEO3,0.0073581351542265135
623adfe5-dec1-5939-8f7e-d63d8d0eee6d.mp4,annotated,VEO3,0.024738050388509538
0276f8d6-63d7-5456-bf10-de09f802717d.mp4,annotated,VEO3,0.05670178949846951
170c1df4-88a8-5c8e-81c9-c7357dcab3e3.mp4,annotated,VEO3,0.0017512361667059101
537fda92-6d8a-59f0-8b2a-d1682a1098de.mp4,annotated,VEO3,0.013833294089945845
d512f8e5-07e0-5891-8324-7a1ce8ddc50f.mp4,annotated,VEO3,0.02154461973157523
13d0b973-9331-5d21-8c2f-d2f3eade7dda.mp4,annotated,VEO3,0.0926977866729456
05445092-4c0d-5de1-b464-f4f11ba52193.mp4,annotated,VEO3,0.09612667765481517
03e635b4-b93e-5db6-bf8c-bfeeb02ef377.mp4,annotated,VEO3,0.08021838945137744
88ec45b2-706c-5531-b896-7428b15b4b3c.mp4,annotated,VEO3,0.0362461737697198
567a1c8f-18f7-5003-b29a-cac387d96afb.mp4,annotated,VEO3,0.004223569578526019
31f40288-a373-5e7b-b4b3-3120331a549c.mp4,annotated,VEO3,0.0652225100070638
22240d59-7c64-5010-83cb-e8044ca3d41c.mp4,annotated,VEO3,0.23184012243936897
fc0f048f-3553-5304-8db1-d32ae6d4a4dd.mp4,annotated,VEO3,0.0294178243465976
5b44e71d-08a1-562c-be16-b7028647ed49.mp4,annotated,VEO3,0.05202201554038145
7541eaf1-9cc8-522d-954e-d95955334c3c.mp4,annotated,VEO3,0.020470331999058157
111b4483-2f04-5ef1-be28-49bfb14d40ae.mp4,annotated,VEO3,0.006136684718624911
2e8c3bc7-7baa-557f-a1c2-ae2f65c4b446.mp4,annotated,VEO3,0.010154226512832588
82b5c340-0a28-51e3-b559-d2d09c6f9ffb.mp4,annotated,VEO3,0.10277843183423593
aae97686-c9af-5934-aeb2-92f325fd10a6.mp4,annotated,VEO3,0.3379738639039322
bf820554-7804-5909-9174-5144e7075a1f.mp4,annotated,VEO3,0.05427360489757476
cf8b0471-5e0a-5bc2-a2ac-3feacf7e81ed.mp4,annotated,VEO3,0.1588621379797504
80d078ed-eb59-5d26-8a0a-2306f17a957c.mp4,annotated,VEO3,0.03785024723334118
f952e959-62ab-5dfa-9123-a877557406c0.mp4,annotated,VEO3,0.09881975512126207
78f1cdf4-26b4-5009-a290-169c73df6769.mp4,annotated,VEO3,0.035083588415352016
d9cee8a4-98d1-5d11-810f-d1351a4783f8.mp4,annotated,VEO3,0.2869967035554509
6da89bfb-a519-544a-a3dd-7b7ce31e3b4c.mp4,annotated,VEO3,0.04622380503885096
773d7a3f-a76c-5c8e-a904-617c4ea3e520.mp4,annotated,VEO3,0.030138921591711797
64893952-9e90-5cac-9db0-92cb62a76668.mp4,annotated,VEO3,0.02990346126677655
8f802059-44b2-5016-85cc-f7dfcf007cee.mp4,annotated,VEO3,0.004547327525311985
9b1ddd8a-4321-5206-a3da-0039fbc543e0.mp4,annotated,VEO3,0.20885330821756534
0abdaa64-9a6c-5363-ae86-099c5652d681.mp4,annotated,VEO3,0.05587767836119614
b0667db1-6eeb-56b5-b04d-3fbc3baab070.mp4,annotated,VEO3,0.002339886979044031
656527b5-2400-5b67-913d-106d09e3e72f.mp4,annotated,VEO3,0.03531904874028726
339cf2f7-6310-5984-b134-48f5690e5554.mp4,annotated,VEO3,0.0029285377913821522
1708bcf4-1d25-5c55-8f2a-f70facb050e3.mp4,annotated,VEO3,0.06353013892159172
ecc18148-6e55-5791-8c67-778c766011df.mp4,annotated,VEO3,0.009491994348952202
04aa1f21-b50e-54c0-9369-3508a1182d6d.mp4,annotated,VEO3,0.022648340004709208
89b55d33-b936-5fef-8439-979e3a7e7bd8.mp4,annotated,VEO3,0.008873910995997174
29133eee-59e9-5af3-8a58-571446cdb485.mp4,annotated,VEO3,0.0012803155168354132
21233c76-17ac-595c-84ae-ec09fbebe28d.mp4,annotated,VEO3,0.002634212385213092
0ada0094-d630-52ef-b5ea-ccd61dfcc665.mp4,annotated,VEO3,0.29472274546738875
1d98c8c8-9a95-56de-af16-be0cd4ebe8a4.mp4,annotated,VEO3,0.0840887685425006
4bb7249d-ebd1-5844-9a94-02884d9ddaaa.mp4,annotated,VEO3,0.2736931951966094
da717228-57ef-5fc1-90d2-0938ab8fceb7.mp4,annotated,VEO3,0.04823993407110902
1dbcd68b-54ad-509a-b03b-52b4fa1dc493.mp4,annotated,VEO3,0.00841770661643513
12bd0b6e-f3e4-5727-bfd9-3a24866189b2.mp4,annotated,VEO3,0.04682717212149753
42699ded-7cd9-51b7-a2e7-9c7edfdf4810.mp4,annotated,VEO3,0.13023899222980928
9dbfe707-b94b-5b49-8c1d-1c8d0abec059.mp4,annotated,VEO3,0.05094772780786438
41bd18db-945a-55a1-9d59-c6c710ca0f83.mp4,annotated,VEO3,0.025930068283494232
535e414e-7fab-5418-887d-27318d669898.mp4,annotated,VEO3,0.013568401224393688
8029c394-7caf-541e-8905-2e547fedff17.mp4,annotated,VEO3,0.00953614315987756
b2fc2d4b-d20a-5ce6-a8a8-53a0d1e3f4af.mp4,annotated,VEO3,0.03707028490699318
85ce5012-4d85-595c-af7f-340d1cc3afaa.mp4,annotated,VEO3,0.1525047092064987
18df61e0-01d1-5959-8cf4-6d0470dc372d.mp4,annotated,VEO3,0.20149517306333883
19784c28-e560-58b1-94ad-e7d507750d12.mp4,annotated,VEO3,0.008447139157052037
2dc620b3-f401-5176-b89e-0024f50214c9.mp4,annotated,VEO3,0.06045443842712503
8f5511af-9c99-59ba-8859-37a87175e171.mp4,annotated,VEO3,0.012126206734165293
72c315aa-97fb-5d49-b973-db51d28ee486.mp4,annotated,VEO3,0.09799564398398869
26b07569-dcfb-55a7-bd93-e7ab3c3e288a.mp4,annotated,VEO3,0.01662938544855192
21255a61-c0b6-5957-b77c-ae39c4313a1b.mp4,annotated,VEO3,0.07649517306333883
2eca8773-bde5-5c3e-80b2-14622f34d23e.mp4,annotated,VEO3,0.31186720037673654
46fb802c-91ce-5d77-a6a9-d2d89a890ac0.mp4,annotated,VEO3,0.027254532611255003
8650c442-57ee-5e1a-8be6-9a608dfa29aa.mp4,annotated,VEO3,0.07827584177066164
327ac06b-6561-5516-805f-1d094301a942.mp4,annotated,VEO3,0.16033376501059574
45451c1e-85cf-57fe-afe4-52fffc36f8bc.mp4,annotated,VEO3,0.006828349423122203
ae699b38-0f61-518c-8d8a-42f833bb7c2e.mp4,annotated,VEO3,0.004929950553331763
64c7f11a-9830-5662-9c54-a7319faab623.mp4,annotated,VEO3,0.060160113020955974
590b1466-09cd-5667-a3fa-a180cf97d73d.mp4,annotated,VEO3,0.017350482693666118
c38c87b4-432a-519f-b3fd-e041ead623fa.mp4,annotated,VEO3,0.279756298563692
ab088b94-ae86-542c-9f30-122dccfd904e.mp4,annotated,VEO3,0.010433835648693195
30916364-cf46-5995-968e-6c4878b67e52.mp4,annotated,VEO3,0.2836266776548152
1df83b82-90f8-5a2e-ab5c-62583d49622f.mp4,annotated,VEO3,0.09906993171650577
5b07e886-c17c-58d0-a918-f6cbb626597e.mp4,annotated,VEO3,0.007358135154226513
d29ca2f1-ed5c-55b9-ac09-ac936b1b9bc8.mp4,annotated,VEO3,0.0488433011537556
3bac398c-03e0-5480-8bdc-efff2b4fc313.mp4,annotated,VEO3,0.010492700729927008
ebb7f24d-15b9-5067-8003-953ca3da6027.mp4,annotated,VEO3,0.02447315752295738
5ae06d37-5278-576f-a9f7-d100dc928b49.mp4,annotated,VEO3,0.007372851424534966
c20ae580-82ce-5aa4-b2cf-52678ad091e4.mp4,annotated,VEO3,0.030138921591711797
e303c5b0-cc29-5c8b-9537-930313559ca1.mp4,annotated,VEO3,0.005621615257829056
fd1e2e43-cbb4-5f1a-9a9e-ef08af650929.mp4,annotated,VEO3,0.045958912173298797
7c41398b-8e96-5368-ae4b-12b3fc0040c9.mp4,annotated,VEO3,0.031890157758417706
c2d843eb-472d-5d1c-a426-1000826bb678.mp4,annotated,VEO3,0.006887214504356016
e9269ae1-67d7-5636-8ab3-3f9032a1d0dc.mp4,annotated,VEO3,0.020852955027077937
799d862b-c6f1-516c-8e24-f3338d241b74.mp4,annotated,VEO3,0.01099305392041441
b508fe39-8e21-580d-acf0-1b3b84f187de.mp4,annotated,VEO3,0.07668648457734872
756ddd2b-9b0f-535a-8a32-d424301fe6b6.mp4,annotated,VEO3,0.49378973392983283
4328d703-a14a-580b-a1a5-fe4260f0b66e.mp4,annotated,VEO3,0.01122851424534966
6a9e6404-b0b0-5d9d-8717-8602db531680.mp4,annotated,VEO3,0.3870820579232399
91e446d7-0521-5d1c-b2ec-1794b136eaa5.mp4,annotated,VEO3,0.029977042618318815
ba3b41d4-65d5-5bb0-aecb-e06d5fcca58d.mp4,annotated,VEO3,0.06380974805745232
5559efcf-99b6-5b31-a7ce-ce2e38e22be3.mp4,annotated,VEO3,0.0773192842006122
dfd3ba08-10ae-5d61-94d2-91294038dd5d.mp4,annotated,VEO3,0.0756269131151401
1c9ce55c-3c17-59e2-a424-d45f410eaa90.mp4,annotated,VEO3,0.00442959736284436
18911823-de11-5592-bb8b-333ebbe0f156.mp4,annotated,VEO3,0.09446373910995996
8b34ec67-71c3-5f00-a34e-1374254ff458.mp4,annotated,VEO3,0.013244643277607722
7c3c8736-3aaf-5185-b680-68a6dc27287f.mp4,annotated,VEO3,0.21457793736755357
ec4b484d-10a9-5780-830b-66c725cef2f9.mp4,annotated,VEO3,0.12145337885566282
5409399e-e6fb-5a8b-8f4a-d35a3bcdb120.mp4,annotated,VEO3,0.007240404991758889
c7bf625b-8f3d-52a2-b3b2-58d278ea7378.mp4,annotated,VEO3,0.02008770897103838
74cb0447-1b76-57b8-8a4a-883e8d5dbb8b.mp4,annotated,VEO3,0.19396044266541088
25aa7f04-df84-5862-9d2e-76cae8b4ed18.mp4,annotated,VEO3,0.016850129503178716
bbccf391-e18c-59d4-b4de-a1d77b6e022d.mp4,annotated,VEO3,0.2225541558747351
2e092618-feb9-54da-84bf-c813b713bc36.mp4,annotated,VEO3,0.01234695078879209
5fcf23f7-7c22-5b3a-88f4-b881644c5d66.mp4,annotated,VEO3,0.02036731810689899
6e2aa7c0-c573-59ed-9061-54b5ba114f1d.mp4,annotated,VEO3,0.02363433011537556
26cfb384-7a6f-5ad9-a646-460cd2d5e07c.mp4,annotated,VEO3,0.018910407346362137
a5abb48e-d796-50f6-9363-db8e9564f6b6.mp4,annotated,VEO3,0.039248292912644214
584f30c7-1a20-5058-91b8-b15b9f34b862.mp4,annotated,VEO3,0.10717859665646338
1ae2cdc5-9c47-5c89-9d4c-a201cfe3cf8f.mp4,annotated,VEO3,0.030374381916647042
75260b47-1039-5326-afda-904ec6f1e49f.mp4,annotated,VEO3,0.19398987520602778
20bf3037-b828-52c2-8b66-d41f4155ba68.mp4,annotated,VEO3,0.1644101718860372
b08868e9-d3d4-5ac1-8c4b-21a8b20b15ad.mp4,annotated,VEO3,0.3155315516835413
9339b3c8-d12a-5f75-aefa-b96444a3c1c8.mp4,annotated,VEO3,0.015687544148810927
10b736bd-fb20-5a8d-8a9c-4400aeea77e8.mp4,annotated,VEO3,0.11000412055568637
aba18701-9129-5ebe-ace7-80c3bc6c489c.mp4,annotated,VEO3,0.004046974334824582
5cbcddb9-9e3c-563f-8303-b3db2e9c681b.mp4,annotated,VEO3,0.026356840122439367
964f783a-cd95-59bf-8a26-a4585516c9c3.mp4,annotated,VEO3,0.19914056981398634
c4cc19cc-064a-5332-8614-1750102de2dc.mp4,annotated,VEO3,0.04313338827407582
420094d0-4bc3-5c1f-8c90-008487fffa4d.mp4,annotated,VEO3,0.026239109959971745
5379dfbf-e0ba-577c-b65b-7a71f9ff8909.mp4,annotated,VEO3,0.016761831881327995
66ee3080-67e4-52c2-b0ac-9e049080aa30.mp4,annotated,VEO3,0.023443018601365672
11d13b8e-f9ac-5905-a0ba-5784ed7c4c12.mp4,annotated,VEO3,0.0074022839651518724
0ae647fe-a7df-5eb7-a228-9ea57d42bb31.mp4,annotated,VEO3,0.13616964916411584
f2c01f03-8d6c-583b-ad26-75b3bf41b70f.mp4,annotated,VEO3,0.007137391099599717
e41b6992-1234-5497-a14d-ba348568ef80.mp4,annotated,VEO3,0.10301389215917117
704e01d3-fc85-5887-83ce-662df24c6053.mp4,annotated,VEO3,0.2586825994819873
a50e44bf-2cf3-534e-b964-f824b1319607.mp4,annotated,VEO3,0.01137567694843419
3d171507-b9ca-52f3-90bf-57804c10d1d0.mp4,annotated,VEO3,0.024075818224629147
61756e93-4158-5659-a097-a22e911690fd.mp4,annotated,VEO3,0.06536967271014835
87a43cf3-2c4e-5972-8cd2-cd0006fe16e5.mp4,annotated,VEO3,0.2790793501295032
7a172971-d06c-513e-b580-30c2956b27af.mp4,annotated,VEO3,0.17125323757946787
446e962a-cce0-5690-9c7c-b640ee580e13.mp4,annotated,VEO3,0.02055862962090888
1ddb0482-8319-50da-8562-0156cc52c0b6.mp4,annotated,VEO3,0.005901224393689663
ac13171b-36d6-573a-b5aa-f89027a71cf7.mp4,annotated,VEO3,0.022162703084530257
2d59dd0f-4543-5432-81ec-bfe1fa10a018.mp4,annotated,VEO3,0.03137508829762185
424a133e-dc09-5cd3-a743-1ad11f15557f.mp4,annotated,VEO3,0.004076406875441488
e583e894-1f80-52e6-a4f2-66f33d984252.mp4,annotated,VEO3,0.007240404991758889
b1e11868-2349-52d3-b39e-61138896f66a.mp4,annotated,VEO3,0.04054332469978808
53fe5742-03a2-5929-9820-a5c25df99bff.mp4,annotated,VEO3,0.005989522015540381
e497f988-2c60-563e-b087-c187386850f0.mp4,annotated,VEO3,0.002913821521073699
0d05ea1e-9c35-5c1d-b22e-93e0f5724c82.mp4,annotated,VEO3,0.0872821991994349
5c65f11e-83e0-5e65-bc26-89ef3a8f304e.mp4,annotated,VEO3,0.05209559689192371
48bb3dd0-3be0-522a-bb04-cec30e48c327.mp4,annotated,VEO3,0.005238992229809277
299a97c8-8c0c-5a58-a52a-18c137fe0fd3.mp4,annotated,VEO3,0.022368730868848597
a2b5f02a-bf8e-5246-862c-817d3eac8292.mp4,annotated,VEO3,0.015290204850482695
f9bbb03b-da8f-5a27-9187-eb85b7cf531d.mp4,annotated,VEO3,0.008093948669649164
19cc429b-7fe9-5848-b602-105807f99b15.mp4,annotated,VEO3,0.020426183188132798
5d7825db-a18a-5bf2-bde8-2466e47aebe9.mp4,annotated,VEO3,0.021279726866023075
67c29b86-869a-538f-ac08-3a5be561a0b0.mp4,annotated,VEO3,0.003973392983282317
ca7e18a0-6a93-511b-b343-3c770ecc7821.mp4,annotated,VEO3,0.001677654815163645
c050cd49-eb51-5871-84e4-279e10c7d051.mp4,annotated,VEO3,0.14773663762655992
c668bfb5-56b0-5bcd-a542-49e6901506b2.mp4,annotated,VEO3,0.024458441252648927
f139787d-0b72-523f-8eb1-02c7073f4163.mp4,annotated,VEO3,0.01025724040499176
